{
  "schema_version": 1,
  "experiment_id": "Ours",
  "stage": "R0-residual-option-library-search",
  "scope": "train-seed held-out episodes only; no rollout development seed",
  "registered_masks": 15,
  "registered_checkpoints": 24,
  "selection_rule": "beneficial recovery count at false override <=5%, normalized benefit, recovery recall, regret, registered id",
  "selected_variant": "w005-v03-mlp-h8-w64-d025-advance+consensus",
  "selected_checkpoint": "/HELIOS/Robotics/UnitreeRobotic/checkpoints/robocerebra/GR00T-RC-CTR-search/R0-residual-v9-override-weight/w005/v03-mlp-h8-w64-d025",
  "selected_allowed_override_options": [
    "ADVANCE",
    "CONSENSUS_PREFIX"
  ],
  "selected_option_value_margin": 0.3125,
  "offline_positive_candidate": true,
  "variants": [
    {
      "variant_id": "w005-v03-mlp-h8-w64-d025-advance+consensus",
      "checkpoint_variant": "v03-mlp-h8-w64-d025",
      "checkpoint": "/HELIOS/Robotics/UnitreeRobotic/checkpoints/robocerebra/GR00T-RC-CTR-search/R0-residual-v9-override-weight/w005/v03-mlp-h8-w64-d025",
      "weights_sha256": "cea27ec1b802b66d45be77d0ffb2ea96a470ac32cc4b58867df2b33802358358",
      "override_weight_id": "w005",
      "option_override_weight": 0.05,
      "option_mask_id": "advance+consensus",
      "allowed_override_options": [
        "ADVANCE",
        "CONSENSUS_PREFIX"
      ],
      "option_validation": {
        "labeled_states": 29,
        "strict_states": 3,
        "baseline_option": "RETRY_CURRENT",
        "override_options": [
          "ADVANCE",
          "CONSENSUS_PREFIX"
        ],
        "target_retry_states": 27,
        "target_tie_states": 26,
        "target_override_states": 2,
        "raw_false_recovery_rate": 0.14814814814814814,
        "raw_recovery_rate": 0.5,
        "selective_recovery": {
          "max_false_recovery_rate": 0.05,
          "option_value_margin": 0.3125,
          "false_recovery_rate": 0.037037037037037035,
          "false_recovery_states": 1,
          "true_recovery_rate": 0.5,
          "beneficial_recovery_rate": 0.5,
          "beneficial_recovery_states": 1,
          "beneficial_recovery_rate_all_states": 0.034482758620689655,
          "accuracy": 0.9310344827586207,
          "mean_decision_regret": 0.1034482792019844
        }
      },
      "offline_option_rank": 1
    },
    {
      "variant_id": "w005-v03-mlp-h8-w64-d025-consensus",
      "checkpoint_variant": "v03-mlp-h8-w64-d025",
      "checkpoint": "/HELIOS/Robotics/UnitreeRobotic/checkpoints/robocerebra/GR00T-RC-CTR-search/R0-residual-v9-override-weight/w005/v03-mlp-h8-w64-d025",
      "weights_sha256": "cea27ec1b802b66d45be77d0ffb2ea96a470ac32cc4b58867df2b33802358358",
      "override_weight_id": "w005",
      "option_override_weight": 0.05,
      "option_mask_id": "consensus",
      "allowed_override_options": [
        "CONSENSUS_PREFIX"
      ],
      "option_validation": {
        "labeled_states": 29,
        "strict_states": 3,
        "baseline_option": "RETRY_CURRENT",
        "override_options": [
          "CONSENSUS_PREFIX"
        ],
        "target_retry_states": 27,
        "target_tie_states": 26,
        "target_override_states": 2,
        "raw_false_recovery_rate": 0.14814814814814814,
        "raw_recovery_rate": 0.5,
        "selective_recovery": {
          "max_false_recovery_rate": 0.05,
          "option_value_margin": 0.3125,
          "false_recovery_rate": 0.037037037037037035,
          "false_recovery_states": 1,
          "true_recovery_rate": 0.5,
          "beneficial_recovery_rate": 0.5,
          "beneficial_recovery_states": 1,
          "beneficial_recovery_rate_all_states": 0.034482758620689655,
          "accuracy": 0.9310344827586207,
          "mean_decision_regret": 0.1034482792019844
        }
      },
      "offline_option_rank": 2
    },
    {
      "variant_id": "w005-v03-mlp-h8-w64-d025-backtrack+advance+consensus",
      "checkpoint_variant": "v03-mlp-h8-w64-d025",
      "checkpoint": "/HELIOS/Robotics/UnitreeRobotic/checkpoints/robocerebra/GR00T-RC-CTR-search/R0-residual-v9-override-weight/w005/v03-mlp-h8-w64-d025",
      "weights_sha256": "cea27ec1b802b66d45be77d0ffb2ea96a470ac32cc4b58867df2b33802358358",
      "override_weight_id": "w005",
      "option_override_weight": 0.05,
      "option_mask_id": "backtrack+advance+consensus",
      "allowed_override_options": [
        "BACKTRACK_ONE",
        "ADVANCE",
        "CONSENSUS_PREFIX"
      ],
      "option_validation": {
        "labeled_states": 29,
        "strict_states": 3,
        "baseline_option": "RETRY_CURRENT",
        "override_options": [
          "BACKTRACK_ONE",
          "ADVANCE",
          "CONSENSUS_PREFIX"
        ],
        "target_retry_states": 26,
        "target_tie_states": 26,
        "target_override_states": 3,
        "raw_false_recovery_rate": 0.15384615384615385,
        "raw_recovery_rate": 0.3333333333333333,
        "selective_recovery": {
          "max_false_recovery_rate": 0.05,
          "option_value_margin": 0.3125,
          "false_recovery_rate": 0.038461538461538464,
          "false_recovery_states": 1,
          "true_recovery_rate": 0.3333333333333333,
          "beneficial_recovery_rate": 0.3333333333333333,
          "beneficial_recovery_states": 1,
          "beneficial_recovery_rate_all_states": 0.034482758620689655,
          "accuracy": 0.896551724137931,
          "mean_decision_regret": 0.1034482792019844
        }
      },
      "offline_option_rank": 3
    },
    {
      "variant_id": "w005-v03-mlp-h8-w64-d025-backtrack+consensus",
      "checkpoint_variant": "v03-mlp-h8-w64-d025",
      "checkpoint": "/HELIOS/Robotics/UnitreeRobotic/checkpoints/robocerebra/GR00T-RC-CTR-search/R0-residual-v9-override-weight/w005/v03-mlp-h8-w64-d025",
      "weights_sha256": "cea27ec1b802b66d45be77d0ffb2ea96a470ac32cc4b58867df2b33802358358",
      "override_weight_id": "w005",
      "option_override_weight": 0.05,
      "option_mask_id": "backtrack+consensus",
      "allowed_override_options": [
        "BACKTRACK_ONE",
        "CONSENSUS_PREFIX"
      ],
      "option_validation": {
        "labeled_states": 29,
        "strict_states": 3,
        "baseline_option": "RETRY_CURRENT",
        "override_options": [
          "BACKTRACK_ONE",
          "CONSENSUS_PREFIX"
        ],
        "target_retry_states": 26,
        "target_tie_states": 26,
        "target_override_states": 3,
        "raw_false_recovery_rate": 0.15384615384615385,
        "raw_recovery_rate": 0.3333333333333333,
        "selective_recovery": {
          "max_false_recovery_rate": 0.05,
          "option_value_margin": 0.3125,
          "false_recovery_rate": 0.038461538461538464,
          "false_recovery_states": 1,
          "true_recovery_rate": 0.3333333333333333,
          "beneficial_recovery_rate": 0.3333333333333333,
          "beneficial_recovery_states": 1,
          "beneficial_recovery_rate_all_states": 0.034482758620689655,
          "accuracy": 0.896551724137931,
          "mean_decision_regret": 0.1034482792019844
        }
      },
      "offline_option_rank": 4
    },
    {
      "variant_id": "w005-v04-gru-h8-w64-d025-reobserve+advance",
      "checkpoint_variant": "v04-gru-h8-w64-d025",
      "checkpoint": "/HELIOS/Robotics/UnitreeRobotic/checkpoints/robocerebra/GR00T-RC-CTR-search/R0-residual-v9-override-weight/w005/v04-gru-h8-w64-d025",
      "weights_sha256": "485883ed6158cb357502107ba8d544e936c3c0dec063cdedd7533877ab72c79c",
      "override_weight_id": "w005",
      "option_override_weight": 0.05,
      "option_mask_id": "reobserve+advance",
      "allowed_override_options": [
        "REOBSERVE",
        "ADVANCE"
      ],
      "option_validation": {
        "labeled_states": 29,
        "strict_states": 1,
        "baseline_option": "RETRY_CURRENT",
        "override_options": [
          "REOBSERVE",
          "ADVANCE"
        ],
        "target_retry_states": 28,
        "target_tie_states": 28,
        "target_override_states": 1,
        "raw_false_recovery_rate": 0.07142857142857142,
        "raw_recovery_rate": 1.0,
        "selective_recovery": {
          "max_false_recovery_rate": 0.05,
          "option_value_margin": 0.28515625,
          "false_recovery_rate": 0.0,
          "false_recovery_states": 0,
          "true_recovery_rate": 1.0,
          "beneficial_recovery_rate": 0.0,
          "beneficial_recovery_states": 0,
          "beneficial_recovery_rate_all_states": 0.0,
          "accuracy": 1.0,
          "mean_decision_regret": 0.6896551847457886
        }
      },
      "offline_option_rank": 5
    },
    {
      "variant_id": "w005-v04-gru-h8-w64-d025-reobserve+backtrack+advance",
      "checkpoint_variant": "v04-gru-h8-w64-d025",
      "checkpoint": "/HELIOS/Robotics/UnitreeRobotic/checkpoints/robocerebra/GR00T-RC-CTR-search/R0-residual-v9-override-weight/w005/v04-gru-h8-w64-d025",
      "weights_sha256": "485883ed6158cb357502107ba8d544e936c3c0dec063cdedd7533877ab72c79c",
      "override_weight_id": "w005",
      "option_override_weight": 0.05,
      "option_mask_id": "reobserve+backtrack+advance",
      "allowed_override_options": [
        "REOBSERVE",
        "BACKTRACK_ONE",
        "ADVANCE"
      ],
      "option_validation": {
        "labeled_states": 29,
        "strict_states": 2,
        "baseline_option": "RETRY_CURRENT",
        "override_options": [
          "REOBSERVE",
          "BACKTRACK_ONE",
          "ADVANCE"
        ],
        "target_retry_states": 27,
        "target_tie_states": 27,
        "target_override_states": 2,
        "raw_false_recovery_rate": 0.07407407407407407,
        "raw_recovery_rate": 0.5,
        "selective_recovery": {
          "max_false_recovery_rate": 0.05,
          "option_value_margin": 0.28515625,
          "false_recovery_rate": 0.037037037037037035,
          "false_recovery_states": 1,
          "true_recovery_rate": 0.5,
          "beneficial_recovery_rate": 0.0,
          "beneficial_recovery_states": 0,
          "beneficial_recovery_rate_all_states": 0.0,
          "accuracy": 0.9310344827586207,
          "mean_decision_regret": 0.6896551847457886
        }
      },
      "offline_option_rank": 6
    },
    {
      "variant_id": "w005-v01-linear-h8-w64-d025-reobserve+advance+consensus",
      "checkpoint_variant": "v01-linear-h8-w64-d025",
      "checkpoint": "/HELIOS/Robotics/UnitreeRobotic/checkpoints/robocerebra/GR00T-RC-CTR-search/R0-residual-v9-override-weight/w005/v01-linear-h8-w64-d025",
      "weights_sha256": "dab775c470caeb99b87e8bb54925b9b7673bb64d7e54171689363f2ec272d69f",
      "override_weight_id": "w005",
      "option_override_weight": 0.05,
      "option_mask_id": "reobserve+advance+consensus",
      "allowed_override_options": [
        "REOBSERVE",
        "ADVANCE",
        "CONSENSUS_PREFIX"
      ],
      "option_validation": {
        "labeled_states": 29,
        "strict_states": 3,
        "baseline_option": "RETRY_CURRENT",
        "override_options": [
          "REOBSERVE",
          "ADVANCE",
          "CONSENSUS_PREFIX"
        ],
        "target_retry_states": 26,
        "target_tie_states": 26,
        "target_override_states": 3,
        "raw_false_recovery_rate": 0.3076923076923077,
        "raw_recovery_rate": 0.6666666666666666,
        "selective_recovery": {
          "max_false_recovery_rate": 0.05,
          "option_value_margin": 1.1513671875,
          "false_recovery_rate": 0.038461538461538464,
          "false_recovery_states": 1,
          "true_recovery_rate": 0.3333333333333333,
          "beneficial_recovery_rate": 0.0,
          "beneficial_recovery_states": 0,
          "beneficial_recovery_rate_all_states": 0.0,
          "accuracy": 0.896551724137931,
          "mean_decision_regret": 0.4137931168079376
        }
      },
      "offline_option_rank": 7
    },
    {
      "variant_id": "w005-v01-linear-h8-w64-d025-reobserve+consensus",
      "checkpoint_variant": "v01-linear-h8-w64-d025",
      "checkpoint": "/HELIOS/Robotics/UnitreeRobotic/checkpoints/robocerebra/GR00T-RC-CTR-search/R0-residual-v9-override-weight/w005/v01-linear-h8-w64-d025",
      "weights_sha256": "dab775c470caeb99b87e8bb54925b9b7673bb64d7e54171689363f2ec272d69f",
      "override_weight_id": "w005",
      "option_override_weight": 0.05,
      "option_mask_id": "reobserve+consensus",
      "allowed_override_options": [
        "REOBSERVE",
        "CONSENSUS_PREFIX"
      ],
      "option_validation": {
        "labeled_states": 29,
        "strict_states": 3,
        "baseline_option": "RETRY_CURRENT",
        "override_options": [
          "REOBSERVE",
          "CONSENSUS_PREFIX"
        ],
        "target_retry_states": 26,
        "target_tie_states": 26,
        "target_override_states": 3,
        "raw_false_recovery_rate": 0.3076923076923077,
        "raw_recovery_rate": 0.6666666666666666,
        "selective_recovery": {
          "max_false_recovery_rate": 0.05,
          "option_value_margin": 1.1513671875,
          "false_recovery_rate": 0.038461538461538464,
          "false_recovery_states": 1,
          "true_recovery_rate": 0.3333333333333333,
          "beneficial_recovery_rate": 0.0,
          "beneficial_recovery_states": 0,
          "beneficial_recovery_rate_all_states": 0.0,
          "accuracy": 0.896551724137931,
          "mean_decision_regret": 0.4137931168079376
        }
      },
      "offline_option_rank": 8
    },
    {
      "variant_id": "w005-v02-mlp-h4-w32-d050-reobserve+advance+consensus",
      "checkpoint_variant": "v02-mlp-h4-w32-d050",
      "checkpoint": "/HELIOS/Robotics/UnitreeRobotic/checkpoints/robocerebra/GR00T-RC-CTR-search/R0-residual-v9-override-weight/w005/v02-mlp-h4-w32-d050",
      "weights_sha256": "edff6ceb2bb73ff746e2bc3b3dd1761aeee3aa1cebfec19f2bd9f02aa4106da4",
      "override_weight_id": "w005",
      "option_override_weight": 0.05,
      "option_mask_id": "reobserve+advance+consensus",
      "allowed_override_options": [
        "REOBSERVE",
        "ADVANCE",
        "CONSENSUS_PREFIX"
      ],
      "option_validation": {
        "labeled_states": 29,
        "strict_states": 3,
        "baseline_option": "RETRY_CURRENT",
        "override_options": [
          "REOBSERVE",
          "ADVANCE",
          "CONSENSUS_PREFIX"
        ],
        "target_retry_states": 26,
        "target_tie_states": 26,
        "target_override_states": 3,
        "raw_false_recovery_rate": 0.5769230769230769,
        "raw_recovery_rate": 0.3333333333333333,
        "selective_recovery": {
          "max_false_recovery_rate": 0.05,
          "option_value_margin": 1.4482421875,
          "false_recovery_rate": 0.0,
          "false_recovery_states": 0,
          "true_recovery_rate": 0.3333333333333333,
          "beneficial_recovery_rate": 0.0,
          "beneficial_recovery_states": 0,
          "beneficial_recovery_rate_all_states": 0.0,
          "accuracy": 0.9310344827586207,
          "mean_decision_regret": 0.4137931168079376
        }
      },
      "offline_option_rank": 9
    },
    {
      "variant_id": "w005-v02-mlp-h4-w32-d050-reobserve+consensus",
      "checkpoint_variant": "v02-mlp-h4-w32-d050",
      "checkpoint": "/HELIOS/Robotics/UnitreeRobotic/checkpoints/robocerebra/GR00T-RC-CTR-search/R0-residual-v9-override-weight/w005/v02-mlp-h4-w32-d050",
      "weights_sha256": "edff6ceb2bb73ff746e2bc3b3dd1761aeee3aa1cebfec19f2bd9f02aa4106da4",
      "override_weight_id": "w005",
      "option_override_weight": 0.05,
      "option_mask_id": "reobserve+consensus",
      "allowed_override_options": [
        "REOBSERVE",
        "CONSENSUS_PREFIX"
      ],
      "option_validation": {
        "labeled_states": 29,
        "strict_states": 3,
        "baseline_option": "RETRY_CURRENT",
        "override_options": [
          "REOBSERVE",
          "CONSENSUS_PREFIX"
        ],
        "target_retry_states": 26,
        "target_tie_states": 26,
        "target_override_states": 3,
        "raw_false_recovery_rate": 0.5769230769230769,
        "raw_recovery_rate": 0.3333333333333333,
        "selective_recovery": {
          "max_false_recovery_rate": 0.05,
          "option_value_margin": 1.4482421875,
          "false_recovery_rate": 0.0,
          "false_recovery_states": 0,
          "true_recovery_rate": 0.3333333333333333,
          "beneficial_recovery_rate": 0.0,
          "beneficial_recovery_states": 0,
          "beneficial_recovery_rate_all_states": 0.0,
          "accuracy": 0.9310344827586207,
          "mean_decision_regret": 0.4137931168079376
        }
      },
      "offline_option_rank": 10
    },
    {
      "variant_id": "w005-v05-transformer-h8-w64-d025-reobserve+advance+consensus",
      "checkpoint_variant": "v05-transformer-h8-w64-d025",
      "checkpoint": "/HELIOS/Robotics/UnitreeRobotic/checkpoints/robocerebra/GR00T-RC-CTR-search/R0-residual-v9-override-weight/w005/v05-transformer-h8-w64-d025",
      "weights_sha256": "3cc1dfa75113be5daeeba6009324dac56f39734dab4229bcf2088e24e0cb0f63",
      "override_weight_id": "w005",
      "option_override_weight": 0.05,
      "option_mask_id": "reobserve+advance+consensus",
      "allowed_override_options": [
        "REOBSERVE",
        "ADVANCE",
        "CONSENSUS_PREFIX"
      ],
      "option_validation": {
        "labeled_states": 29,
        "strict_states": 3,
        "baseline_option": "RETRY_CURRENT",
        "override_options": [
          "REOBSERVE",
          "ADVANCE",
          "CONSENSUS_PREFIX"
        ],
        "target_retry_states": 26,
        "target_tie_states": 26,
        "target_override_states": 3,
        "raw_false_recovery_rate": 0.3076923076923077,
        "raw_recovery_rate": 1.0,
        "selective_recovery": {
          "max_false_recovery_rate": 0.05,
          "option_value_margin": 0.7109375,
          "false_recovery_rate": 0.038461538461538464,
          "false_recovery_states": 1,
          "true_recovery_rate": 0.3333333333333333,
          "beneficial_recovery_rate": 0.0,
          "beneficial_recovery_states": 0,
          "beneficial_recovery_rate_all_states": 0.0,
          "accuracy": 0.896551724137931,
          "mean_decision_regret": 0.4137931168079376
        }
      },
      "offline_option_rank": 11
    },
    {
      "variant_id": "w005-v05-transformer-h8-w64-d025-reobserve+consensus",
      "checkpoint_variant": "v05-transformer-h8-w64-d025",
      "checkpoint": "/HELIOS/Robotics/UnitreeRobotic/checkpoints/robocerebra/GR00T-RC-CTR-search/R0-residual-v9-override-weight/w005/v05-transformer-h8-w64-d025",
      "weights_sha256": "3cc1dfa75113be5daeeba6009324dac56f39734dab4229bcf2088e24e0cb0f63",
      "override_weight_id": "w005",
      "option_override_weight": 0.05,
      "option_mask_id": "reobserve+consensus",
      "allowed_override_options": [
        "REOBSERVE",
        "CONSENSUS_PREFIX"
      ],
      "option_validation": {
        "labeled_states": 29,
        "strict_states": 3,
        "baseline_option": "RETRY_CURRENT",
        "override_options": [
          "REOBSERVE",
          "CONSENSUS_PREFIX"
        ],
        "target_retry_states": 26,
        "target_tie_states": 26,
        "target_override_states": 3,
        "raw_false_recovery_rate": 0.3076923076923077,
        "raw_recovery_rate": 1.0,
        "selective_recovery": {
          "max_false_recovery_rate": 0.05,
          "option_value_margin": 0.7109375,
          "false_recovery_rate": 0.038461538461538464,
          "false_recovery_states": 1,
          "true_recovery_rate": 0.3333333333333333,
          "beneficial_recovery_rate": 0.0,
          "beneficial_recovery_states": 0,
          "beneficial_recovery_rate_all_states": 0.0,
          "accuracy": 0.896551724137931,
          "mean_decision_regret": 0.4137931168079376
        }
      },
      "offline_option_rank": 12
    },
    {
      "variant_id": "w010-v02-mlp-h4-w32-d050-reobserve+advance+consensus",
      "checkpoint_variant": "v02-mlp-h4-w32-d050",
      "checkpoint": "/HELIOS/Robotics/UnitreeRobotic/checkpoints/robocerebra/GR00T-RC-CTR-search/R0-residual-v9-override-weight/w010/v02-mlp-h4-w32-d050",
      "weights_sha256": "cd52e8e979e93b7c9ce05374d923fc5504ee4f04d2298c84075b74edd88a9507",
      "override_weight_id": "w010",
      "option_override_weight": 0.1,
      "option_mask_id": "reobserve+advance+consensus",
      "allowed_override_options": [
        "REOBSERVE",
        "ADVANCE",
        "CONSENSUS_PREFIX"
      ],
      "option_validation": {
        "labeled_states": 29,
        "strict_states": 3,
        "baseline_option": "RETRY_CURRENT",
        "override_options": [
          "REOBSERVE",
          "ADVANCE",
          "CONSENSUS_PREFIX"
        ],
        "target_retry_states": 26,
        "target_tie_states": 26,
        "target_override_states": 3,
        "raw_false_recovery_rate": 0.07692307692307693,
        "raw_recovery_rate": 0.3333333333333333,
        "selective_recovery": {
          "max_false_recovery_rate": 0.05,
          "option_value_margin": 0.69921875,
          "false_recovery_rate": 0.038461538461538464,
          "false_recovery_states": 1,
          "true_recovery_rate": 0.3333333333333333,
          "beneficial_recovery_rate": 0.0,
          "beneficial_recovery_states": 0,
          "beneficial_recovery_rate_all_states": 0.0,
          "accuracy": 0.896551724137931,
          "mean_decision_regret": 0.4137931168079376
        }
      },
      "offline_option_rank": 13
    },
    {
      "variant_id": "w010-v02-mlp-h4-w32-d050-reobserve+consensus",
      "checkpoint_variant": "v02-mlp-h4-w32-d050",
      "checkpoint": "/HELIOS/Robotics/UnitreeRobotic/checkpoints/robocerebra/GR00T-RC-CTR-search/R0-residual-v9-override-weight/w010/v02-mlp-h4-w32-d050",
      "weights_sha256": "cd52e8e979e93b7c9ce05374d923fc5504ee4f04d2298c84075b74edd88a9507",
      "override_weight_id": "w010",
      "option_override_weight": 0.1,
      "option_mask_id": "reobserve+consensus",
      "allowed_override_options": [
        "REOBSERVE",
        "CONSENSUS_PREFIX"
      ],
      "option_validation": {
        "labeled_states": 29,
        "strict_states": 3,
        "baseline_option": "RETRY_CURRENT",
        "override_options": [
          "REOBSERVE",
          "CONSENSUS_PREFIX"
        ],
        "target_retry_states": 26,
        "target_tie_states": 26,
        "target_override_states": 3,
        "raw_false_recovery_rate": 0.07692307692307693,
        "raw_recovery_rate": 0.3333333333333333,
        "selective_recovery": {
          "max_false_recovery_rate": 0.05,
          "option_value_margin": 0.69921875,
          "false_recovery_rate": 0.038461538461538464,
          "false_recovery_states": 1,
          "true_recovery_rate": 0.3333333333333333,
          "beneficial_recovery_rate": 0.0,
          "beneficial_recovery_states": 0,
          "beneficial_recovery_rate_all_states": 0.0,
          "accuracy": 0.896551724137931,
          "mean_decision_regret": 0.4137931168079376
        }
      },
      "offline_option_rank": 14
    },
    {
      "variant_id": "w025-v02-mlp-h4-w32-d050-reobserve+advance+consensus",
      "checkpoint_variant": "v02-mlp-h4-w32-d050",
      "checkpoint": "/HELIOS/Robotics/UnitreeRobotic/checkpoints/robocerebra/GR00T-RC-CTR-search/R0-residual-v9-override-weight/w025/v02-mlp-h4-w32-d050",
      "weights_sha256": "edf7d38e9333077db95cbc69d8b2b8c5c8e3d9ba88f2d82985b33d97267b3dc9",
      "override_weight_id": "w025",
      "option_override_weight": 0.25,
      "option_mask_id": "reobserve+advance+consensus",
      "allowed_override_options": [
        "REOBSERVE",
        "ADVANCE",
        "CONSENSUS_PREFIX"
      ],
      "option_validation": {
        "labeled_states": 29,
        "strict_states": 3,
        "baseline_option": "RETRY_CURRENT",
        "override_options": [
          "REOBSERVE",
          "ADVANCE",
          "CONSENSUS_PREFIX"
        ],
        "target_retry_states": 26,
        "target_tie_states": 26,
        "target_override_states": 3,
        "raw_false_recovery_rate": 0.07692307692307693,
        "raw_recovery_rate": 0.3333333333333333,
        "selective_recovery": {
          "max_false_recovery_rate": 0.05,
          "option_value_margin": 0.2109375,
          "false_recovery_rate": 0.038461538461538464,
          "false_recovery_states": 1,
          "true_recovery_rate": 0.3333333333333333,
          "beneficial_recovery_rate": 0.0,
          "beneficial_recovery_states": 0,
          "beneficial_recovery_rate_all_states": 0.0,
          "accuracy": 0.896551724137931,
          "mean_decision_regret": 0.4137931168079376
        }
      },
      "offline_option_rank": 15
    },
    {
      "variant_id": "w025-v02-mlp-h4-w32-d050-reobserve+consensus",
      "checkpoint_variant": "v02-mlp-h4-w32-d050",
      "checkpoint": "/HELIOS/Robotics/UnitreeRobotic/checkpoints/robocerebra/GR00T-RC-CTR-search/R0-residual-v9-override-weight/w025/v02-mlp-h4-w32-d050",
      "weights_sha256": "edf7d38e9333077db95cbc69d8b2b8c5c8e3d9ba88f2d82985b33d97267b3dc9",
      "override_weight_id": "w025",
      "option_override_weight": 0.25,
      "option_mask_id": "reobserve+consensus",
      "allowed_override_options": [
        "REOBSERVE",
        "CONSENSUS_PREFIX"
      ],
      "option_validation": {
        "labeled_states": 29,
        "strict_states": 3,
        "baseline_option": "RETRY_CURRENT",
        "override_options": [
          "REOBSERVE",
          "CONSENSUS_PREFIX"
        ],
        "target_retry_states": 26,
        "target_tie_states": 26,
        "target_override_states": 3,
        "raw_false_recovery_rate": 0.07692307692307693,
        "raw_recovery_rate": 0.3333333333333333,
        "selective_recovery": {
          "max_false_recovery_rate": 0.05,
          "option_value_margin": 0.2109375,
          "false_recovery_rate": 0.038461538461538464,
          "false_recovery_states": 1,
          "true_recovery_rate": 0.3333333333333333,
          "beneficial_recovery_rate": 0.0,
          "beneficial_recovery_states": 0,
          "beneficial_recovery_rate_all_states": 0.0,
          "accuracy": 0.896551724137931,
          "mean_decision_regret": 0.4137931168079376
        }
      },
      "offline_option_rank": 16
    },
    {
      "variant_id": "w005-v01-linear-h8-w64-d025-reobserve+backtrack+advance+consensus",
      "checkpoint_variant": "v01-linear-h8-w64-d025",
      "checkpoint": "/HELIOS/Robotics/UnitreeRobotic/checkpoints/robocerebra/GR00T-RC-CTR-search/R0-residual-v9-override-weight/w005/v01-linear-h8-w64-d025",
      "weights_sha256": "dab775c470caeb99b87e8bb54925b9b7673bb64d7e54171689363f2ec272d69f",
      "override_weight_id": "w005",
      "option_override_weight": 0.05,
      "option_mask_id": "reobserve+backtrack+advance+consensus",
      "allowed_override_options": [
        "REOBSERVE",
        "BACKTRACK_ONE",
        "ADVANCE",
        "CONSENSUS_PREFIX"
      ],
      "option_validation": {
        "labeled_states": 29,
        "strict_states": 4,
        "baseline_option": "RETRY_CURRENT",
        "override_options": [
          "REOBSERVE",
          "BACKTRACK_ONE",
          "ADVANCE",
          "CONSENSUS_PREFIX"
        ],
        "target_retry_states": 25,
        "target_tie_states": 25,
        "target_override_states": 4,
        "raw_false_recovery_rate": 0.36,
        "raw_recovery_rate": 0.5,
        "selective_recovery": {
          "max_false_recovery_rate": 0.05,
          "option_value_margin": 1.1513671875,
          "false_recovery_rate": 0.04,
          "false_recovery_states": 1,
          "true_recovery_rate": 0.25,
          "beneficial_recovery_rate": 0.0,
          "beneficial_recovery_states": 0,
          "beneficial_recovery_rate_all_states": 0.0,
          "accuracy": 0.8620689655172413,
          "mean_decision_regret": 0.4137931168079376
        }
      },
      "offline_option_rank": 17
    },
    {
      "variant_id": "w005-v01-linear-h8-w64-d025-reobserve+backtrack+consensus",
      "checkpoint_variant": "v01-linear-h8-w64-d025",
      "checkpoint": "/HELIOS/Robotics/UnitreeRobotic/checkpoints/robocerebra/GR00T-RC-CTR-search/R0-residual-v9-override-weight/w005/v01-linear-h8-w64-d025",
      "weights_sha256": "dab775c470caeb99b87e8bb54925b9b7673bb64d7e54171689363f2ec272d69f",
      "override_weight_id": "w005",
      "option_override_weight": 0.05,
      "option_mask_id": "reobserve+backtrack+consensus",
      "allowed_override_options": [
        "REOBSERVE",
        "BACKTRACK_ONE",
        "CONSENSUS_PREFIX"
      ],
      "option_validation": {
        "labeled_states": 29,
        "strict_states": 4,
        "baseline_option": "RETRY_CURRENT",
        "override_options": [
          "REOBSERVE",
          "BACKTRACK_ONE",
          "CONSENSUS_PREFIX"
        ],
        "target_retry_states": 25,
        "target_tie_states": 25,
        "target_override_states": 4,
        "raw_false_recovery_rate": 0.36,
        "raw_recovery_rate": 0.5,
        "selective_recovery": {
          "max_false_recovery_rate": 0.05,
          "option_value_margin": 1.1513671875,
          "false_recovery_rate": 0.04,
          "false_recovery_states": 1,
          "true_recovery_rate": 0.25,
          "beneficial_recovery_rate": 0.0,
          "beneficial_recovery_states": 0,
          "beneficial_recovery_rate_all_states": 0.0,
          "accuracy": 0.8620689655172413,
          "mean_decision_regret": 0.4137931168079376
        }
      },
      "offline_option_rank": 18
    },
    {
      "variant_id": "w005-v02-mlp-h4-w32-d050-reobserve+backtrack+advance+consensus",
      "checkpoint_variant": "v02-mlp-h4-w32-d050",
      "checkpoint": "/HELIOS/Robotics/UnitreeRobotic/checkpoints/robocerebra/GR00T-RC-CTR-search/R0-residual-v9-override-weight/w005/v02-mlp-h4-w32-d050",
      "weights_sha256": "edff6ceb2bb73ff746e2bc3b3dd1761aeee3aa1cebfec19f2bd9f02aa4106da4",
      "override_weight_id": "w005",
      "option_override_weight": 0.05,
      "option_mask_id": "reobserve+backtrack+advance+consensus",
      "allowed_override_options": [
        "REOBSERVE",
        "BACKTRACK_ONE",
        "ADVANCE",
        "CONSENSUS_PREFIX"
      ],
      "option_validation": {
        "labeled_states": 29,
        "strict_states": 4,
        "baseline_option": "RETRY_CURRENT",
        "override_options": [
          "REOBSERVE",
          "BACKTRACK_ONE",
          "ADVANCE",
          "CONSENSUS_PREFIX"
        ],
        "target_retry_states": 25,
        "target_tie_states": 25,
        "target_override_states": 4,
        "raw_false_recovery_rate": 0.88,
        "raw_recovery_rate": 0.5,
        "selective_recovery": {
          "max_false_recovery_rate": 0.05,
          "option_value_margin": 1.4482421875,
          "false_recovery_rate": 0.0,
          "false_recovery_states": 0,
          "true_recovery_rate": 0.25,
          "beneficial_recovery_rate": 0.0,
          "beneficial_recovery_states": 0,
          "beneficial_recovery_rate_all_states": 0.0,
          "accuracy": 0.896551724137931,
          "mean_decision_regret": 0.4137931168079376
        }
      },
      "offline_option_rank": 19
    },
    {
      "variant_id": "w005-v02-mlp-h4-w32-d050-reobserve+backtrack+consensus",
      "checkpoint_variant": "v02-mlp-h4-w32-d050",
      "checkpoint": "/HELIOS/Robotics/UnitreeRobotic/checkpoints/robocerebra/GR00T-RC-CTR-search/R0-residual-v9-override-weight/w005/v02-mlp-h4-w32-d050",
      "weights_sha256": "edff6ceb2bb73ff746e2bc3b3dd1761aeee3aa1cebfec19f2bd9f02aa4106da4",
      "override_weight_id": "w005",
      "option_override_weight": 0.05,
      "option_mask_id": "reobserve+backtrack+consensus",
      "allowed_override_options": [
        "REOBSERVE",
        "BACKTRACK_ONE",
        "CONSENSUS_PREFIX"
      ],
      "option_validation": {
        "labeled_states": 29,
        "strict_states": 4,
        "baseline_option": "RETRY_CURRENT",
        "override_options": [
          "REOBSERVE",
          "BACKTRACK_ONE",
          "CONSENSUS_PREFIX"
        ],
        "target_retry_states": 25,
        "target_tie_states": 25,
        "target_override_states": 4,
        "raw_false_recovery_rate": 0.88,
        "raw_recovery_rate": 0.5,
        "selective_recovery": {
          "max_false_recovery_rate": 0.05,
          "option_value_margin": 1.4482421875,
          "false_recovery_rate": 0.0,
          "false_recovery_states": 0,
          "true_recovery_rate": 0.25,
          "beneficial_recovery_rate": 0.0,
          "beneficial_recovery_states": 0,
          "beneficial_recovery_rate_all_states": 0.0,
          "accuracy": 0.896551724137931,
          "mean_decision_regret": 0.4137931168079376
        }
      },
      "offline_option_rank": 20
    },
    {
      "variant_id": "w005-v05-transformer-h8-w64-d025-reobserve+backtrack+advance+consensus",
      "checkpoint_variant": "v05-transformer-h8-w64-d025",
      "checkpoint": "/HELIOS/Robotics/UnitreeRobotic/checkpoints/robocerebra/GR00T-RC-CTR-search/R0-residual-v9-override-weight/w005/v05-transformer-h8-w64-d025",
      "weights_sha256": "3cc1dfa75113be5daeeba6009324dac56f39734dab4229bcf2088e24e0cb0f63",
      "override_weight_id": "w005",
      "option_override_weight": 0.05,
      "option_mask_id": "reobserve+backtrack+advance+consensus",
      "allowed_override_options": [
        "REOBSERVE",
        "BACKTRACK_ONE",
        "ADVANCE",
        "CONSENSUS_PREFIX"
      ],
      "option_validation": {
        "labeled_states": 29,
        "strict_states": 4,
        "baseline_option": "RETRY_CURRENT",
        "override_options": [
          "REOBSERVE",
          "BACKTRACK_ONE",
          "ADVANCE",
          "CONSENSUS_PREFIX"
        ],
        "target_retry_states": 25,
        "target_tie_states": 25,
        "target_override_states": 4,
        "raw_false_recovery_rate": 0.36,
        "raw_recovery_rate": 0.75,
        "selective_recovery": {
          "max_false_recovery_rate": 0.05,
          "option_value_margin": 0.7109375,
          "false_recovery_rate": 0.04,
          "false_recovery_states": 1,
          "true_recovery_rate": 0.25,
          "beneficial_recovery_rate": 0.0,
          "beneficial_recovery_states": 0,
          "beneficial_recovery_rate_all_states": 0.0,
          "accuracy": 0.8620689655172413,
          "mean_decision_regret": 0.4137931168079376
        }
      },
      "offline_option_rank": 21
    },
    {
      "variant_id": "w005-v05-transformer-h8-w64-d025-reobserve+backtrack+consensus",
      "checkpoint_variant": "v05-transformer-h8-w64-d025",
      "checkpoint": "/HELIOS/Robotics/UnitreeRobotic/checkpoints/robocerebra/GR00T-RC-CTR-search/R0-residual-v9-override-weight/w005/v05-transformer-h8-w64-d025",
      "weights_sha256": "3cc1dfa75113be5daeeba6009324dac56f39734dab4229bcf2088e24e0cb0f63",
      "override_weight_id": "w005",
      "option_override_weight": 0.05,
      "option_mask_id": "reobserve+backtrack+consensus",
      "allowed_override_options": [
        "REOBSERVE",
        "BACKTRACK_ONE",
        "CONSENSUS_PREFIX"
      ],
      "option_validation": {
        "labeled_states": 29,
        "strict_states": 4,
        "baseline_option": "RETRY_CURRENT",
        "override_options": [
          "REOBSERVE",
          "BACKTRACK_ONE",
          "CONSENSUS_PREFIX"
        ],
        "target_retry_states": 25,
        "target_tie_states": 25,
        "target_override_states": 4,
        "raw_false_recovery_rate": 0.36,
        "raw_recovery_rate": 0.75,
        "selective_recovery": {
          "max_false_recovery_rate": 0.05,
          "option_value_margin": 0.7109375,
          "false_recovery_rate": 0.04,
          "false_recovery_states": 1,
          "true_recovery_rate": 0.25,
          "beneficial_recovery_rate": 0.0,
          "beneficial_recovery_states": 0,
          "beneficial_recovery_rate_all_states": 0.0,
          "accuracy": 0.8620689655172413,
          "mean_decision_regret": 0.4137931168079376
        }
      },
      "offline_option_rank": 22
    },
    {
      "variant_id": "w010-v02-mlp-h4-w32-d050-reobserve+backtrack+advance+consensus",
      "checkpoint_variant": "v02-mlp-h4-w32-d050",
      "checkpoint": "/HELIOS/Robotics/UnitreeRobotic/checkpoints/robocerebra/GR00T-RC-CTR-search/R0-residual-v9-override-weight/w010/v02-mlp-h4-w32-d050",
      "weights_sha256": "cd52e8e979e93b7c9ce05374d923fc5504ee4f04d2298c84075b74edd88a9507",
      "override_weight_id": "w010",
      "option_override_weight": 0.1,
      "option_mask_id": "reobserve+backtrack+advance+consensus",
      "allowed_override_options": [
        "REOBSERVE",
        "BACKTRACK_ONE",
        "ADVANCE",
        "CONSENSUS_PREFIX"
      ],
      "option_validation": {
        "labeled_states": 29,
        "strict_states": 4,
        "baseline_option": "RETRY_CURRENT",
        "override_options": [
          "REOBSERVE",
          "BACKTRACK_ONE",
          "ADVANCE",
          "CONSENSUS_PREFIX"
        ],
        "target_retry_states": 25,
        "target_tie_states": 25,
        "target_override_states": 4,
        "raw_false_recovery_rate": 0.16,
        "raw_recovery_rate": 0.25,
        "selective_recovery": {
          "max_false_recovery_rate": 0.05,
          "option_value_margin": 0.69921875,
          "false_recovery_rate": 0.04,
          "false_recovery_states": 1,
          "true_recovery_rate": 0.25,
          "beneficial_recovery_rate": 0.0,
          "beneficial_recovery_states": 0,
          "beneficial_recovery_rate_all_states": 0.0,
          "accuracy": 0.8620689655172413,
          "mean_decision_regret": 0.4137931168079376
        }
      },
      "offline_option_rank": 23
    },
    {
      "variant_id": "w010-v02-mlp-h4-w32-d050-reobserve+backtrack+consensus",
      "checkpoint_variant": "v02-mlp-h4-w32-d050",
      "checkpoint": "/HELIOS/Robotics/UnitreeRobotic/checkpoints/robocerebra/GR00T-RC-CTR-search/R0-residual-v9-override-weight/w010/v02-mlp-h4-w32-d050",
      "weights_sha256": "cd52e8e979e93b7c9ce05374d923fc5504ee4f04d2298c84075b74edd88a9507",
      "override_weight_id": "w010",
      "option_override_weight": 0.1,
      "option_mask_id": "reobserve+backtrack+consensus",
      "allowed_override_options": [
        "REOBSERVE",
        "BACKTRACK_ONE",
        "CONSENSUS_PREFIX"
      ],
      "option_validation": {
        "labeled_states": 29,
        "strict_states": 4,
        "baseline_option": "RETRY_CURRENT",
        "override_options": [
          "REOBSERVE",
          "BACKTRACK_ONE",
          "CONSENSUS_PREFIX"
        ],
        "target_retry_states": 25,
        "target_tie_states": 25,
        "target_override_states": 4,
        "raw_false_recovery_rate": 0.16,
        "raw_recovery_rate": 0.25,
        "selective_recovery": {
          "max_false_recovery_rate": 0.05,
          "option_value_margin": 0.69921875,
          "false_recovery_rate": 0.04,
          "false_recovery_states": 1,
          "true_recovery_rate": 0.25,
          "beneficial_recovery_rate": 0.0,
          "beneficial_recovery_states": 0,
          "beneficial_recovery_rate_all_states": 0.0,
          "accuracy": 0.8620689655172413,
          "mean_decision_regret": 0.4137931168079376
        }
      },
      "offline_option_rank": 24
    },
    {
      "variant_id": "w025-v02-mlp-h4-w32-d050-reobserve+backtrack+advance+consensus",
      "checkpoint_variant": "v02-mlp-h4-w32-d050",
      "checkpoint": "/HELIOS/Robotics/UnitreeRobotic/checkpoints/robocerebra/GR00T-RC-CTR-search/R0-residual-v9-override-weight/w025/v02-mlp-h4-w32-d050",
      "weights_sha256": "edf7d38e9333077db95cbc69d8b2b8c5c8e3d9ba88f2d82985b33d97267b3dc9",
      "override_weight_id": "w025",
      "option_override_weight": 0.25,
      "option_mask_id": "reobserve+backtrack+advance+consensus",
      "allowed_override_options": [
        "REOBSERVE",
        "BACKTRACK_ONE",
        "ADVANCE",
        "CONSENSUS_PREFIX"
      ],
      "option_validation": {
        "labeled_states": 29,
        "strict_states": 4,
        "baseline_option": "RETRY_CURRENT",
        "override_options": [
          "REOBSERVE",
          "BACKTRACK_ONE",
          "ADVANCE",
          "CONSENSUS_PREFIX"
        ],
        "target_retry_states": 25,
        "target_tie_states": 25,
        "target_override_states": 4,
        "raw_false_recovery_rate": 0.12,
        "raw_recovery_rate": 0.25,
        "selective_recovery": {
          "max_false_recovery_rate": 0.05,
          "option_value_margin": 0.2109375,
          "false_recovery_rate": 0.04,
          "false_recovery_states": 1,
          "true_recovery_rate": 0.25,
          "beneficial_recovery_rate": 0.0,
          "beneficial_recovery_states": 0,
          "beneficial_recovery_rate_all_states": 0.0,
          "accuracy": 0.8620689655172413,
          "mean_decision_regret": 0.4137931168079376
        }
      },
      "offline_option_rank": 25
    },
    {
      "variant_id": "w025-v02-mlp-h4-w32-d050-reobserve+backtrack+consensus",
      "checkpoint_variant": "v02-mlp-h4-w32-d050",
      "checkpoint": "/HELIOS/Robotics/UnitreeRobotic/checkpoints/robocerebra/GR00T-RC-CTR-search/R0-residual-v9-override-weight/w025/v02-mlp-h4-w32-d050",
      "weights_sha256": "edf7d38e9333077db95cbc69d8b2b8c5c8e3d9ba88f2d82985b33d97267b3dc9",
      "override_weight_id": "w025",
      "option_override_weight": 0.25,
      "option_mask_id": "reobserve+backtrack+consensus",
      "allowed_override_options": [
        "REOBSERVE",
        "BACKTRACK_ONE",
        "CONSENSUS_PREFIX"
      ],
      "option_validation": {
        "labeled_states": 29,
        "strict_states": 4,
        "baseline_option": "RETRY_CURRENT",
        "override_options": [
          "REOBSERVE",
          "BACKTRACK_ONE",
          "CONSENSUS_PREFIX"
        ],
        "target_retry_states": 25,
        "target_tie_states": 25,
        "target_override_states": 4,
        "raw_false_recovery_rate": 0.12,
        "raw_recovery_rate": 0.25,
        "selective_recovery": {
          "max_false_recovery_rate": 0.05,
          "option_value_margin": 0.2109375,
          "false_recovery_rate": 0.04,
          "false_recovery_states": 1,
          "true_recovery_rate": 0.25,
          "beneficial_recovery_rate": 0.0,
          "beneficial_recovery_states": 0,
          "beneficial_recovery_rate_all_states": 0.0,
          "accuracy": 0.8620689655172413,
          "mean_decision_regret": 0.4137931168079376
        }
      },
      "offline_option_rank": 26
    },
    {
      "variant_id": "w005-v00-linear-h4-w32-d025-backtrack",
      "checkpoint_variant": "v00-linear-h4-w32-d025",
      "checkpoint": "/HELIOS/Robotics/UnitreeRobotic/checkpoints/robocerebra/GR00T-RC-CTR-search/R0-residual-v9-override-weight/w005/v00-linear-h4-w32-d025",
      "weights_sha256": "02982764018cd3c449f2a512305b8878ba1ab4c1f17cd3953c111d0e88571cc1",
      "override_weight_id": "w005",
      "option_override_weight": 0.05,
      "option_mask_id": "backtrack",
      "allowed_override_options": [
        "BACKTRACK_ONE"
      ],
      "option_validation": {
        "labeled_states": 28,
        "strict_states": 2,
        "baseline_option": "RETRY_CURRENT",
        "override_options": [
          "BACKTRACK_ONE"
        ],
        "target_retry_states": 27,
        "target_tie_states": 26,
        "target_override_states": 1,
        "raw_false_recovery_rate": 0.25925925925925924,
        "raw_recovery_rate": 1.0,
        "selective_recovery": {
          "max_false_recovery_rate": 0.05,
          "option_value_margin": 0.6562500596046448,
          "false_recovery_rate": 0.0,
          "false_recovery_states": 0,
          "true_recovery_rate": 0.0,
          "beneficial_recovery_rate": 0.0,
          "beneficial_recovery_states": 0,
          "beneficial_recovery_rate_all_states": 0.0,
          "accuracy": 0.9642857142857143,
          "mean_decision_regret": 0.1071428582072258
        }
      },
      "offline_option_rank": 27
    },
    {
      "variant_id": "w005-v01-linear-h8-w64-d025-backtrack",
      "checkpoint_variant": "v01-linear-h8-w64-d025",
      "checkpoint": "/HELIOS/Robotics/UnitreeRobotic/checkpoints/robocerebra/GR00T-RC-CTR-search/R0-residual-v9-override-weight/w005/v01-linear-h8-w64-d025",
      "weights_sha256": "dab775c470caeb99b87e8bb54925b9b7673bb64d7e54171689363f2ec272d69f",
      "override_weight_id": "w005",
      "option_override_weight": 0.05,
      "option_mask_id": "backtrack",
      "allowed_override_options": [
        "BACKTRACK_ONE"
      ],
      "option_validation": {
        "labeled_states": 28,
        "strict_states": 2,
        "baseline_option": "RETRY_CURRENT",
        "override_options": [
          "BACKTRACK_ONE"
        ],
        "target_retry_states": 27,
        "target_tie_states": 26,
        "target_override_states": 1,
        "raw_false_recovery_rate": 0.14814814814814814,
        "raw_recovery_rate": 0.0,
        "selective_recovery": {
          "max_false_recovery_rate": 0.05,
          "option_value_margin": 1.6875001192092896,
          "false_recovery_rate": 0.0,
          "false_recovery_states": 0,
          "true_recovery_rate": 0.0,
          "beneficial_recovery_rate": 0.0,
          "beneficial_recovery_states": 0,
          "beneficial_recovery_rate_all_states": 0.0,
          "accuracy": 0.9642857142857143,
          "mean_decision_regret": 0.1071428582072258
        }
      },
      "offline_option_rank": 28
    },
    {
      "variant_id": "w005-v02-mlp-h4-w32-d050-backtrack",
      "checkpoint_variant": "v02-mlp-h4-w32-d050",
      "checkpoint": "/HELIOS/Robotics/UnitreeRobotic/checkpoints/robocerebra/GR00T-RC-CTR-search/R0-residual-v9-override-weight/w005/v02-mlp-h4-w32-d050",
      "weights_sha256": "edff6ceb2bb73ff746e2bc3b3dd1761aeee3aa1cebfec19f2bd9f02aa4106da4",
      "override_weight_id": "w005",
      "option_override_weight": 0.05,
      "option_mask_id": "backtrack",
      "allowed_override_options": [
        "BACKTRACK_ONE"
      ],
      "option_validation": {
        "labeled_states": 28,
        "strict_states": 2,
        "baseline_option": "RETRY_CURRENT",
        "override_options": [
          "BACKTRACK_ONE"
        ],
        "target_retry_states": 27,
        "target_tie_states": 26,
        "target_override_states": 1,
        "raw_false_recovery_rate": 0.5555555555555556,
        "raw_recovery_rate": 1.0,
        "selective_recovery": {
          "max_false_recovery_rate": 0.05,
          "option_value_margin": 0.7617188096046448,
          "false_recovery_rate": 0.0,
          "false_recovery_states": 0,
          "true_recovery_rate": 0.0,
          "beneficial_recovery_rate": 0.0,
          "beneficial_recovery_states": 0,
          "beneficial_recovery_rate_all_states": 0.0,
          "accuracy": 0.9642857142857143,
          "mean_decision_regret": 0.1071428582072258
        }
      },
      "offline_option_rank": 29
    },
    {
      "variant_id": "w005-v03-mlp-h8-w64-d025-backtrack",
      "checkpoint_variant": "v03-mlp-h8-w64-d025",
      "checkpoint": "/HELIOS/Robotics/UnitreeRobotic/checkpoints/robocerebra/GR00T-RC-CTR-search/R0-residual-v9-override-weight/w005/v03-mlp-h8-w64-d025",
      "weights_sha256": "cea27ec1b802b66d45be77d0ffb2ea96a470ac32cc4b58867df2b33802358358",
      "override_weight_id": "w005",
      "option_override_weight": 0.05,
      "option_mask_id": "backtrack",
      "allowed_override_options": [
        "BACKTRACK_ONE"
      ],
      "option_validation": {
        "labeled_states": 28,
        "strict_states": 2,
        "baseline_option": "RETRY_CURRENT",
        "override_options": [
          "BACKTRACK_ONE"
        ],
        "target_retry_states": 27,
        "target_tie_states": 26,
        "target_override_states": 1,
        "raw_false_recovery_rate": 0.0,
        "raw_recovery_rate": 0.0,
        "selective_recovery": {
          "max_false_recovery_rate": 0.05,
          "option_value_margin": 0.0,
          "false_recovery_rate": 0.0,
          "false_recovery_states": 0,
          "true_recovery_rate": 0.0,
          "beneficial_recovery_rate": 0.0,
          "beneficial_recovery_states": 0,
          "beneficial_recovery_rate_all_states": 0.0,
          "accuracy": 0.9642857142857143,
          "mean_decision_regret": 0.1071428582072258
        }
      },
      "offline_option_rank": 30
    },
    {
      "variant_id": "w005-v04-gru-h8-w64-d025-backtrack",
      "checkpoint_variant": "v04-gru-h8-w64-d025",
      "checkpoint": "/HELIOS/Robotics/UnitreeRobotic/checkpoints/robocerebra/GR00T-RC-CTR-search/R0-residual-v9-override-weight/w005/v04-gru-h8-w64-d025",
      "weights_sha256": "485883ed6158cb357502107ba8d544e936c3c0dec063cdedd7533877ab72c79c",
      "override_weight_id": "w005",
      "option_override_weight": 0.05,
      "option_mask_id": "backtrack",
      "allowed_override_options": [
        "BACKTRACK_ONE"
      ],
      "option_validation": {
        "labeled_states": 28,
        "strict_states": 2,
        "baseline_option": "RETRY_CURRENT",
        "override_options": [
          "BACKTRACK_ONE"
        ],
        "target_retry_states": 27,
        "target_tie_states": 26,
        "target_override_states": 1,
        "raw_false_recovery_rate": 0.037037037037037035,
        "raw_recovery_rate": 0.0,
        "selective_recovery": {
          "max_false_recovery_rate": 0.05,
          "option_value_margin": 0.4843750298023224,
          "false_recovery_rate": 0.0,
          "false_recovery_states": 0,
          "true_recovery_rate": 0.0,
          "beneficial_recovery_rate": 0.0,
          "beneficial_recovery_states": 0,
          "beneficial_recovery_rate_all_states": 0.0,
          "accuracy": 0.9642857142857143,
          "mean_decision_regret": 0.1071428582072258
        }
      },
      "offline_option_rank": 31
    },
    {
      "variant_id": "w005-v05-transformer-h8-w64-d025-backtrack",
      "checkpoint_variant": "v05-transformer-h8-w64-d025",
      "checkpoint": "/HELIOS/Robotics/UnitreeRobotic/checkpoints/robocerebra/GR00T-RC-CTR-search/R0-residual-v9-override-weight/w005/v05-transformer-h8-w64-d025",
      "weights_sha256": "3cc1dfa75113be5daeeba6009324dac56f39734dab4229bcf2088e24e0cb0f63",
      "override_weight_id": "w005",
      "option_override_weight": 0.05,
      "option_mask_id": "backtrack",
      "allowed_override_options": [
        "BACKTRACK_ONE"
      ],
      "option_validation": {
        "labeled_states": 28,
        "strict_states": 2,
        "baseline_option": "RETRY_CURRENT",
        "override_options": [
          "BACKTRACK_ONE"
        ],
        "target_retry_states": 27,
        "target_tie_states": 26,
        "target_override_states": 1,
        "raw_false_recovery_rate": 0.07407407407407407,
        "raw_recovery_rate": 0.0,
        "selective_recovery": {
          "max_false_recovery_rate": 0.05,
          "option_value_margin": 0.3437500298023224,
          "false_recovery_rate": 0.0,
          "false_recovery_states": 0,
          "true_recovery_rate": 0.0,
          "beneficial_recovery_rate": 0.0,
          "beneficial_recovery_states": 0,
          "beneficial_recovery_rate_all_states": 0.0,
          "accuracy": 0.9642857142857143,
          "mean_decision_regret": 0.1071428582072258
        }
      },
      "offline_option_rank": 32
    },
    {
      "variant_id": "w010-v00-linear-h4-w32-d025-backtrack",
      "checkpoint_variant": "v00-linear-h4-w32-d025",
      "checkpoint": "/HELIOS/Robotics/UnitreeRobotic/checkpoints/robocerebra/GR00T-RC-CTR-search/R0-residual-v9-override-weight/w010/v00-linear-h4-w32-d025",
      "weights_sha256": "02e9c4982a85b428c05b858fc85b218f8ad2b8d075e1f0065b584a10b628aeff",
      "override_weight_id": "w010",
      "option_override_weight": 0.1,
      "option_mask_id": "backtrack",
      "allowed_override_options": [
        "BACKTRACK_ONE"
      ],
      "option_validation": {
        "labeled_states": 28,
        "strict_states": 2,
        "baseline_option": "RETRY_CURRENT",
        "override_options": [
          "BACKTRACK_ONE"
        ],
        "target_retry_states": 27,
        "target_tie_states": 26,
        "target_override_states": 1,
        "raw_false_recovery_rate": 0.1111111111111111,
        "raw_recovery_rate": 0.0,
        "selective_recovery": {
          "max_false_recovery_rate": 0.05,
          "option_value_margin": 0.3457031548023224,
          "false_recovery_rate": 0.0,
          "false_recovery_states": 0,
          "true_recovery_rate": 0.0,
          "beneficial_recovery_rate": 0.0,
          "beneficial_recovery_states": 0,
          "beneficial_recovery_rate_all_states": 0.0,
          "accuracy": 0.9642857142857143,
          "mean_decision_regret": 0.1071428582072258
        }
      },
      "offline_option_rank": 33
    },
    {
      "variant_id": "w010-v01-linear-h8-w64-d025-backtrack",
      "checkpoint_variant": "v01-linear-h8-w64-d025",
      "checkpoint": "/HELIOS/Robotics/UnitreeRobotic/checkpoints/robocerebra/GR00T-RC-CTR-search/R0-residual-v9-override-weight/w010/v01-linear-h8-w64-d025",
      "weights_sha256": "ddbbff1c5a0f837f099f4e9c2b34dba24020e6178347cec42fe44ea880df6db5",
      "override_weight_id": "w010",
      "option_override_weight": 0.1,
      "option_mask_id": "backtrack",
      "allowed_override_options": [
        "BACKTRACK_ONE"
      ],
      "option_validation": {
        "labeled_states": 28,
        "strict_states": 2,
        "baseline_option": "RETRY_CURRENT",
        "override_options": [
          "BACKTRACK_ONE"
        ],
        "target_retry_states": 27,
        "target_tie_states": 26,
        "target_override_states": 1,
        "raw_false_recovery_rate": 0.037037037037037035,
        "raw_recovery_rate": 0.0,
        "selective_recovery": {
          "max_false_recovery_rate": 0.05,
          "option_value_margin": 1.5136719942092896,
          "false_recovery_rate": 0.0,
          "false_recovery_states": 0,
          "true_recovery_rate": 0.0,
          "beneficial_recovery_rate": 0.0,
          "beneficial_recovery_states": 0,
          "beneficial_recovery_rate_all_states": 0.0,
          "accuracy": 0.9642857142857143,
          "mean_decision_regret": 0.1071428582072258
        }
      },
      "offline_option_rank": 34
    },
    {
      "variant_id": "w010-v02-mlp-h4-w32-d050-backtrack",
      "checkpoint_variant": "v02-mlp-h4-w32-d050",
      "checkpoint": "/HELIOS/Robotics/UnitreeRobotic/checkpoints/robocerebra/GR00T-RC-CTR-search/R0-residual-v9-override-weight/w010/v02-mlp-h4-w32-d050",
      "weights_sha256": "cd52e8e979e93b7c9ce05374d923fc5504ee4f04d2298c84075b74edd88a9507",
      "override_weight_id": "w010",
      "option_override_weight": 0.1,
      "option_mask_id": "backtrack",
      "allowed_override_options": [
        "BACKTRACK_ONE"
      ],
      "option_validation": {
        "labeled_states": 28,
        "strict_states": 2,
        "baseline_option": "RETRY_CURRENT",
        "override_options": [
          "BACKTRACK_ONE"
        ],
        "target_retry_states": 27,
        "target_tie_states": 26,
        "target_override_states": 1,
        "raw_false_recovery_rate": 0.07407407407407407,
        "raw_recovery_rate": 0.0,
        "selective_recovery": {
          "max_false_recovery_rate": 0.05,
          "option_value_margin": 0.1484375149011612,
          "false_recovery_rate": 0.0,
          "false_recovery_states": 0,
          "true_recovery_rate": 0.0,
          "beneficial_recovery_rate": 0.0,
          "beneficial_recovery_states": 0,
          "beneficial_recovery_rate_all_states": 0.0,
          "accuracy": 0.9642857142857143,
          "mean_decision_regret": 0.1071428582072258
        }
      },
      "offline_option_rank": 35
    },
    {
      "variant_id": "w010-v03-mlp-h8-w64-d025-backtrack",
      "checkpoint_variant": "v03-mlp-h8-w64-d025",
      "checkpoint": "/HELIOS/Robotics/UnitreeRobotic/checkpoints/robocerebra/GR00T-RC-CTR-search/R0-residual-v9-override-weight/w010/v03-mlp-h8-w64-d025",
      "weights_sha256": "7df3cdf1e9c4ed86d054420f72f0ade7c394661a608c10e8366cb3b7a2ced358",
      "override_weight_id": "w010",
      "option_override_weight": 0.1,
      "option_mask_id": "backtrack",
      "allowed_override_options": [
        "BACKTRACK_ONE"
      ],
      "option_validation": {
        "labeled_states": 28,
        "strict_states": 2,
        "baseline_option": "RETRY_CURRENT",
        "override_options": [
          "BACKTRACK_ONE"
        ],
        "target_retry_states": 27,
        "target_tie_states": 26,
        "target_override_states": 1,
        "raw_false_recovery_rate": 0.0,
        "raw_recovery_rate": 0.0,
        "selective_recovery": {
          "max_false_recovery_rate": 0.05,
          "option_value_margin": 0.0,
          "false_recovery_rate": 0.0,
          "false_recovery_states": 0,
          "true_recovery_rate": 0.0,
          "beneficial_recovery_rate": 0.0,
          "beneficial_recovery_states": 0,
          "beneficial_recovery_rate_all_states": 0.0,
          "accuracy": 0.9642857142857143,
          "mean_decision_regret": 0.1071428582072258
        }
      },
      "offline_option_rank": 36
    },
    {
      "variant_id": "w010-v04-gru-h8-w64-d025-backtrack",
      "checkpoint_variant": "v04-gru-h8-w64-d025",
      "checkpoint": "/HELIOS/Robotics/UnitreeRobotic/checkpoints/robocerebra/GR00T-RC-CTR-search/R0-residual-v9-override-weight/w010/v04-gru-h8-w64-d025",
      "weights_sha256": "228d08d3ec3acbf7ff0f1d8c022e13d18a11f2bae2bbd586e37eb021e8450e4f",
      "override_weight_id": "w010",
      "option_override_weight": 0.1,
      "option_mask_id": "backtrack",
      "allowed_override_options": [
        "BACKTRACK_ONE"
      ],
      "option_validation": {
        "labeled_states": 28,
        "strict_states": 2,
        "baseline_option": "RETRY_CURRENT",
        "override_options": [
          "BACKTRACK_ONE"
        ],
        "target_retry_states": 27,
        "target_tie_states": 26,
        "target_override_states": 1,
        "raw_false_recovery_rate": 0.037037037037037035,
        "raw_recovery_rate": 0.0,
        "selective_recovery": {
          "max_false_recovery_rate": 0.05,
          "option_value_margin": 0.1484375149011612,
          "false_recovery_rate": 0.0,
          "false_recovery_states": 0,
          "true_recovery_rate": 0.0,
          "beneficial_recovery_rate": 0.0,
          "beneficial_recovery_states": 0,
          "beneficial_recovery_rate_all_states": 0.0,
          "accuracy": 0.9642857142857143,
          "mean_decision_regret": 0.1071428582072258
        }
      },
      "offline_option_rank": 37
    },
    {
      "variant_id": "w010-v05-transformer-h8-w64-d025-backtrack",
      "checkpoint_variant": "v05-transformer-h8-w64-d025",
      "checkpoint": "/HELIOS/Robotics/UnitreeRobotic/checkpoints/robocerebra/GR00T-RC-CTR-search/R0-residual-v9-override-weight/w010/v05-transformer-h8-w64-d025",
      "weights_sha256": "bcf12a3acdf866064d3eaaa962b742e56aa8d636878c4926873e65aee5f75c57",
      "override_weight_id": "w010",
      "option_override_weight": 0.1,
      "option_mask_id": "backtrack",
      "allowed_override_options": [
        "BACKTRACK_ONE"
      ],
      "option_validation": {
        "labeled_states": 28,
        "strict_states": 2,
        "baseline_option": "RETRY_CURRENT",
        "override_options": [
          "BACKTRACK_ONE"
        ],
        "target_retry_states": 27,
        "target_tie_states": 26,
        "target_override_states": 1,
        "raw_false_recovery_rate": 0.0,
        "raw_recovery_rate": 0.0,
        "selective_recovery": {
          "max_false_recovery_rate": 0.05,
          "option_value_margin": 0.0,
          "false_recovery_rate": 0.0,
          "false_recovery_states": 0,
          "true_recovery_rate": 0.0,
          "beneficial_recovery_rate": 0.0,
          "beneficial_recovery_states": 0,
          "beneficial_recovery_rate_all_states": 0.0,
          "accuracy": 0.9642857142857143,
          "mean_decision_regret": 0.1071428582072258
        }
      },
      "offline_option_rank": 38
    },
    {
      "variant_id": "w025-v00-linear-h4-w32-d025-backtrack",
      "checkpoint_variant": "v00-linear-h4-w32-d025",
      "checkpoint": "/HELIOS/Robotics/UnitreeRobotic/checkpoints/robocerebra/GR00T-RC-CTR-search/R0-residual-v9-override-weight/w025/v00-linear-h4-w32-d025",
      "weights_sha256": "f2cf9f1aa27b2305ceff1feb65ac8c2afd337dfd975a97a4504e817ac5cf10ad",
      "override_weight_id": "w025",
      "option_override_weight": 0.25,
      "option_mask_id": "backtrack",
      "allowed_override_options": [
        "BACKTRACK_ONE"
      ],
      "option_validation": {
        "labeled_states": 28,
        "strict_states": 2,
        "baseline_option": "RETRY_CURRENT",
        "override_options": [
          "BACKTRACK_ONE"
        ],
        "target_retry_states": 27,
        "target_tie_states": 26,
        "target_override_states": 1,
        "raw_false_recovery_rate": 0.037037037037037035,
        "raw_recovery_rate": 0.0,
        "selective_recovery": {
          "max_false_recovery_rate": 0.05,
          "option_value_margin": 0.1562500149011612,
          "false_recovery_rate": 0.0,
          "false_recovery_states": 0,
          "true_recovery_rate": 0.0,
          "beneficial_recovery_rate": 0.0,
          "beneficial_recovery_states": 0,
          "beneficial_recovery_rate_all_states": 0.0,
          "accuracy": 0.9642857142857143,
          "mean_decision_regret": 0.1071428582072258
        }
      },
      "offline_option_rank": 39
    },
    {
      "variant_id": "w025-v01-linear-h8-w64-d025-backtrack",
      "checkpoint_variant": "v01-linear-h8-w64-d025",
      "checkpoint": "/HELIOS/Robotics/UnitreeRobotic/checkpoints/robocerebra/GR00T-RC-CTR-search/R0-residual-v9-override-weight/w025/v01-linear-h8-w64-d025",
      "weights_sha256": "777ebc74ba108414f11da8cc98bac4b9073b2b2e1fbc785b3cab7aa0568365ca",
      "override_weight_id": "w025",
      "option_override_weight": 0.25,
      "option_mask_id": "backtrack",
      "allowed_override_options": [
        "BACKTRACK_ONE"
      ],
      "option_validation": {
        "labeled_states": 28,
        "strict_states": 2,
        "baseline_option": "RETRY_CURRENT",
        "override_options": [
          "BACKTRACK_ONE"
        ],
        "target_retry_states": 27,
        "target_tie_states": 26,
        "target_override_states": 1,
        "raw_false_recovery_rate": 0.037037037037037035,
        "raw_recovery_rate": 0.0,
        "selective_recovery": {
          "max_false_recovery_rate": 0.05,
          "option_value_margin": 1.3515626192092896,
          "false_recovery_rate": 0.0,
          "false_recovery_states": 0,
          "true_recovery_rate": 0.0,
          "beneficial_recovery_rate": 0.0,
          "beneficial_recovery_states": 0,
          "beneficial_recovery_rate_all_states": 0.0,
          "accuracy": 0.9642857142857143,
          "mean_decision_regret": 0.1071428582072258
        }
      },
      "offline_option_rank": 40
    },
    {
      "variant_id": "w025-v02-mlp-h4-w32-d050-backtrack",
      "checkpoint_variant": "v02-mlp-h4-w32-d050",
      "checkpoint": "/HELIOS/Robotics/UnitreeRobotic/checkpoints/robocerebra/GR00T-RC-CTR-search/R0-residual-v9-override-weight/w025/v02-mlp-h4-w32-d050",
      "weights_sha256": "edf7d38e9333077db95cbc69d8b2b8c5c8e3d9ba88f2d82985b33d97267b3dc9",
      "override_weight_id": "w025",
      "option_override_weight": 0.25,
      "option_mask_id": "backtrack",
      "allowed_override_options": [
        "BACKTRACK_ONE"
      ],
      "option_validation": {
        "labeled_states": 28,
        "strict_states": 2,
        "baseline_option": "RETRY_CURRENT",
        "override_options": [
          "BACKTRACK_ONE"
        ],
        "target_retry_states": 27,
        "target_tie_states": 26,
        "target_override_states": 1,
        "raw_false_recovery_rate": 0.037037037037037035,
        "raw_recovery_rate": 0.0,
        "selective_recovery": {
          "max_false_recovery_rate": 0.05,
          "option_value_margin": 0.1328125149011612,
          "false_recovery_rate": 0.0,
          "false_recovery_states": 0,
          "true_recovery_rate": 0.0,
          "beneficial_recovery_rate": 0.0,
          "beneficial_recovery_states": 0,
          "beneficial_recovery_rate_all_states": 0.0,
          "accuracy": 0.9642857142857143,
          "mean_decision_regret": 0.1071428582072258
        }
      },
      "offline_option_rank": 41
    },
    {
      "variant_id": "w025-v03-mlp-h8-w64-d025-backtrack",
      "checkpoint_variant": "v03-mlp-h8-w64-d025",
      "checkpoint": "/HELIOS/Robotics/UnitreeRobotic/checkpoints/robocerebra/GR00T-RC-CTR-search/R0-residual-v9-override-weight/w025/v03-mlp-h8-w64-d025",
      "weights_sha256": "ee433d151c580efdf96dae1d9b46419485f9a6152f47d574110a61ec7a81111b",
      "override_weight_id": "w025",
      "option_override_weight": 0.25,
      "option_mask_id": "backtrack",
      "allowed_override_options": [
        "BACKTRACK_ONE"
      ],
      "option_validation": {
        "labeled_states": 28,
        "strict_states": 2,
        "baseline_option": "RETRY_CURRENT",
        "override_options": [
          "BACKTRACK_ONE"
        ],
        "target_retry_states": 27,
        "target_tie_states": 26,
        "target_override_states": 1,
        "raw_false_recovery_rate": 0.0,
        "raw_recovery_rate": 0.0,
        "selective_recovery": {
          "max_false_recovery_rate": 0.05,
          "option_value_margin": 0.0,
          "false_recovery_rate": 0.0,
          "false_recovery_states": 0,
          "true_recovery_rate": 0.0,
          "beneficial_recovery_rate": 0.0,
          "beneficial_recovery_states": 0,
          "beneficial_recovery_rate_all_states": 0.0,
          "accuracy": 0.9642857142857143,
          "mean_decision_regret": 0.1071428582072258
        }
      },
      "offline_option_rank": 42
    },
    {
      "variant_id": "w025-v04-gru-h8-w64-d025-backtrack",
      "checkpoint_variant": "v04-gru-h8-w64-d025",
      "checkpoint": "/HELIOS/Robotics/UnitreeRobotic/checkpoints/robocerebra/GR00T-RC-CTR-search/R0-residual-v9-override-weight/w025/v04-gru-h8-w64-d025",
      "weights_sha256": "5306f81fe50f919287f5bd40aa49477d80bc246b9517e3af89719503b28458d4",
      "override_weight_id": "w025",
      "option_override_weight": 0.25,
      "option_mask_id": "backtrack",
      "allowed_override_options": [
        "BACKTRACK_ONE"
      ],
      "option_validation": {
        "labeled_states": 28,
        "strict_states": 2,
        "baseline_option": "RETRY_CURRENT",
        "override_options": [
          "BACKTRACK_ONE"
        ],
        "target_retry_states": 27,
        "target_tie_states": 26,
        "target_override_states": 1,
        "raw_false_recovery_rate": 0.0,
        "raw_recovery_rate": 0.0,
        "selective_recovery": {
          "max_false_recovery_rate": 0.05,
          "option_value_margin": 0.0,
          "false_recovery_rate": 0.0,
          "false_recovery_states": 0,
          "true_recovery_rate": 0.0,
          "beneficial_recovery_rate": 0.0,
          "beneficial_recovery_states": 0,
          "beneficial_recovery_rate_all_states": 0.0,
          "accuracy": 0.9642857142857143,
          "mean_decision_regret": 0.1071428582072258
        }
      },
      "offline_option_rank": 43
    },
    {
      "variant_id": "w025-v05-transformer-h8-w64-d025-backtrack",
      "checkpoint_variant": "v05-transformer-h8-w64-d025",
      "checkpoint": "/HELIOS/Robotics/UnitreeRobotic/checkpoints/robocerebra/GR00T-RC-CTR-search/R0-residual-v9-override-weight/w025/v05-transformer-h8-w64-d025",
      "weights_sha256": "8bfa811cf9f26d5976b3afb491231f5b68bc0e5c31a9880bd3bac03dc54dd5a1",
      "override_weight_id": "w025",
      "option_override_weight": 0.25,
      "option_mask_id": "backtrack",
      "allowed_override_options": [
        "BACKTRACK_ONE"
      ],
      "option_validation": {
        "labeled_states": 28,
        "strict_states": 2,
        "baseline_option": "RETRY_CURRENT",
        "override_options": [
          "BACKTRACK_ONE"
        ],
        "target_retry_states": 27,
        "target_tie_states": 26,
        "target_override_states": 1,
        "raw_false_recovery_rate": 0.0,
        "raw_recovery_rate": 0.0,
        "selective_recovery": {
          "max_false_recovery_rate": 0.05,
          "option_value_margin": 0.0,
          "false_recovery_rate": 0.0,
          "false_recovery_states": 0,
          "true_recovery_rate": 0.0,
          "beneficial_recovery_rate": 0.0,
          "beneficial_recovery_states": 0,
          "beneficial_recovery_rate_all_states": 0.0,
          "accuracy": 0.9642857142857143,
          "mean_decision_regret": 0.1071428582072258
        }
      },
      "offline_option_rank": 44
    },
    {
      "variant_id": "w050-v00-linear-h4-w32-d025-backtrack",
      "checkpoint_variant": "v00-linear-h4-w32-d025",
      "checkpoint": "/HELIOS/Robotics/UnitreeRobotic/checkpoints/robocerebra/GR00T-RC-CTR-search/R0-residual-v9-override-weight/w050/v00-linear-h4-w32-d025",
      "weights_sha256": "66ac4f68663e349d47c0fed3e5e13567f7cb527306ed72dee0dbd8a3adb6a243",
      "override_weight_id": "w050",
      "option_override_weight": 0.5,
      "option_mask_id": "backtrack",
      "allowed_override_options": [
        "BACKTRACK_ONE"
      ],
      "option_validation": {
        "labeled_states": 28,
        "strict_states": 2,
        "baseline_option": "RETRY_CURRENT",
        "override_options": [
          "BACKTRACK_ONE"
        ],
        "target_retry_states": 27,
        "target_tie_states": 26,
        "target_override_states": 1,
        "raw_false_recovery_rate": 0.0,
        "raw_recovery_rate": 0.0,
        "selective_recovery": {
          "max_false_recovery_rate": 0.05,
          "option_value_margin": 0.0,
          "false_recovery_rate": 0.0,
          "false_recovery_states": 0,
          "true_recovery_rate": 0.0,
          "beneficial_recovery_rate": 0.0,
          "beneficial_recovery_states": 0,
          "beneficial_recovery_rate_all_states": 0.0,
          "accuracy": 0.9642857142857143,
          "mean_decision_regret": 0.1071428582072258
        }
      },
      "offline_option_rank": 45
    },
    {
      "variant_id": "w050-v01-linear-h8-w64-d025-backtrack",
      "checkpoint_variant": "v01-linear-h8-w64-d025",
      "checkpoint": "/HELIOS/Robotics/UnitreeRobotic/checkpoints/robocerebra/GR00T-RC-CTR-search/R0-residual-v9-override-weight/w050/v01-linear-h8-w64-d025",
      "weights_sha256": "8a43cf268d39f7aa09f3d9c14e2f2bebbea90b55200fcea93c10ecdcdb43d843",
      "override_weight_id": "w050",
      "option_override_weight": 0.5,
      "option_mask_id": "backtrack",
      "allowed_override_options": [
        "BACKTRACK_ONE"
      ],
      "option_validation": {
        "labeled_states": 28,
        "strict_states": 2,
        "baseline_option": "RETRY_CURRENT",
        "override_options": [
          "BACKTRACK_ONE"
        ],
        "target_retry_states": 27,
        "target_tie_states": 26,
        "target_override_states": 1,
        "raw_false_recovery_rate": 0.037037037037037035,
        "raw_recovery_rate": 0.0,
        "selective_recovery": {
          "max_false_recovery_rate": 0.05,
          "option_value_margin": 1.1105958223342896,
          "false_recovery_rate": 0.0,
          "false_recovery_states": 0,
          "true_recovery_rate": 0.0,
          "beneficial_recovery_rate": 0.0,
          "beneficial_recovery_states": 0,
          "beneficial_recovery_rate_all_states": 0.0,
          "accuracy": 0.9642857142857143,
          "mean_decision_regret": 0.1071428582072258
        }
      },
      "offline_option_rank": 46
    },
    {
      "variant_id": "w050-v02-mlp-h4-w32-d050-backtrack",
      "checkpoint_variant": "v02-mlp-h4-w32-d050",
      "checkpoint": "/HELIOS/Robotics/UnitreeRobotic/checkpoints/robocerebra/GR00T-RC-CTR-search/R0-residual-v9-override-weight/w050/v02-mlp-h4-w32-d050",
      "weights_sha256": "28c8078c30e03031c1d03efd7f002d439db7053ad5990a611de51d6ec2e6221f",
      "override_weight_id": "w050",
      "option_override_weight": 0.5,
      "option_mask_id": "backtrack",
      "allowed_override_options": [
        "BACKTRACK_ONE"
      ],
      "option_validation": {
        "labeled_states": 28,
        "strict_states": 2,
        "baseline_option": "RETRY_CURRENT",
        "override_options": [
          "BACKTRACK_ONE"
        ],
        "target_retry_states": 27,
        "target_tie_states": 26,
        "target_override_states": 1,
        "raw_false_recovery_rate": 0.0,
        "raw_recovery_rate": 0.0,
        "selective_recovery": {
          "max_false_recovery_rate": 0.05,
          "option_value_margin": 0.0,
          "false_recovery_rate": 0.0,
          "false_recovery_states": 0,
          "true_recovery_rate": 0.0,
          "beneficial_recovery_rate": 0.0,
          "beneficial_recovery_states": 0,
          "beneficial_recovery_rate_all_states": 0.0,
          "accuracy": 0.9642857142857143,
          "mean_decision_regret": 0.1071428582072258
        }
      },
      "offline_option_rank": 47
    },
    {
      "variant_id": "w050-v03-mlp-h8-w64-d025-backtrack",
      "checkpoint_variant": "v03-mlp-h8-w64-d025",
      "checkpoint": "/HELIOS/Robotics/UnitreeRobotic/checkpoints/robocerebra/GR00T-RC-CTR-search/R0-residual-v9-override-weight/w050/v03-mlp-h8-w64-d025",
      "weights_sha256": "a277fd2dc92b12f6843dcdb8b0e903182dc4f7054add545f81d1389a795d73aa",
      "override_weight_id": "w050",
      "option_override_weight": 0.5,
      "option_mask_id": "backtrack",
      "allowed_override_options": [
        "BACKTRACK_ONE"
      ],
      "option_validation": {
        "labeled_states": 28,
        "strict_states": 2,
        "baseline_option": "RETRY_CURRENT",
        "override_options": [
          "BACKTRACK_ONE"
        ],
        "target_retry_states": 27,
        "target_tie_states": 26,
        "target_override_states": 1,
        "raw_false_recovery_rate": 0.0,
        "raw_recovery_rate": 0.0,
        "selective_recovery": {
          "max_false_recovery_rate": 0.05,
          "option_value_margin": 0.0,
          "false_recovery_rate": 0.0,
          "false_recovery_states": 0,
          "true_recovery_rate": 0.0,
          "beneficial_recovery_rate": 0.0,
          "beneficial_recovery_states": 0,
          "beneficial_recovery_rate_all_states": 0.0,
          "accuracy": 0.9642857142857143,
          "mean_decision_regret": 0.1071428582072258
        }
      },
      "offline_option_rank": 48
    },
    {
      "variant_id": "w050-v04-gru-h8-w64-d025-backtrack",
      "checkpoint_variant": "v04-gru-h8-w64-d025",
      "checkpoint": "/HELIOS/Robotics/UnitreeRobotic/checkpoints/robocerebra/GR00T-RC-CTR-search/R0-residual-v9-override-weight/w050/v04-gru-h8-w64-d025",
      "weights_sha256": "1f645268b4108075cf58d08bcd525fc90fc87bd332880e713a5561abf9fd877e",
      "override_weight_id": "w050",
      "option_override_weight": 0.5,
      "option_mask_id": "backtrack",
      "allowed_override_options": [
        "BACKTRACK_ONE"
      ],
      "option_validation": {
        "labeled_states": 28,
        "strict_states": 2,
        "baseline_option": "RETRY_CURRENT",
        "override_options": [
          "BACKTRACK_ONE"
        ],
        "target_retry_states": 27,
        "target_tie_states": 26,
        "target_override_states": 1,
        "raw_false_recovery_rate": 0.0,
        "raw_recovery_rate": 0.0,
        "selective_recovery": {
          "max_false_recovery_rate": 0.05,
          "option_value_margin": 0.0,
          "false_recovery_rate": 0.0,
          "false_recovery_states": 0,
          "true_recovery_rate": 0.0,
          "beneficial_recovery_rate": 0.0,
          "beneficial_recovery_states": 0,
          "beneficial_recovery_rate_all_states": 0.0,
          "accuracy": 0.9642857142857143,
          "mean_decision_regret": 0.1071428582072258
        }
      },
      "offline_option_rank": 49
    },
    {
      "variant_id": "w050-v05-transformer-h8-w64-d025-backtrack",
      "checkpoint_variant": "v05-transformer-h8-w64-d025",
      "checkpoint": "/HELIOS/Robotics/UnitreeRobotic/checkpoints/robocerebra/GR00T-RC-CTR-search/R0-residual-v9-override-weight/w050/v05-transformer-h8-w64-d025",
      "weights_sha256": "9ef86e0a047b79b212572803b719b32a130e0128ff446fd23415a89b7eca839b",
      "override_weight_id": "w050",
      "option_override_weight": 0.5,
      "option_mask_id": "backtrack",
      "allowed_override_options": [
        "BACKTRACK_ONE"
      ],
      "option_validation": {
        "labeled_states": 28,
        "strict_states": 2,
        "baseline_option": "RETRY_CURRENT",
        "override_options": [
          "BACKTRACK_ONE"
        ],
        "target_retry_states": 27,
        "target_tie_states": 26,
        "target_override_states": 1,
        "raw_false_recovery_rate": 0.0,
        "raw_recovery_rate": 0.0,
        "selective_recovery": {
          "max_false_recovery_rate": 0.05,
          "option_value_margin": 0.0,
          "false_recovery_rate": 0.0,
          "false_recovery_states": 0,
          "true_recovery_rate": 0.0,
          "beneficial_recovery_rate": 0.0,
          "beneficial_recovery_states": 0,
          "beneficial_recovery_rate_all_states": 0.0,
          "accuracy": 0.9642857142857143,
          "mean_decision_regret": 0.1071428582072258
        }
      },
      "offline_option_rank": 50
    },
    {
      "variant_id": "w005-v00-linear-h4-w32-d025-advance",
      "checkpoint_variant": "v00-linear-h4-w32-d025",
      "checkpoint": "/HELIOS/Robotics/UnitreeRobotic/checkpoints/robocerebra/GR00T-RC-CTR-search/R0-residual-v9-override-weight/w005/v00-linear-h4-w32-d025",
      "weights_sha256": "02982764018cd3c449f2a512305b8878ba1ab4c1f17cd3953c111d0e88571cc1",
      "override_weight_id": "w005",
      "option_override_weight": 0.05,
      "option_mask_id": "advance",
      "allowed_override_options": [
        "ADVANCE"
      ],
      "option_validation": {
        "labeled_states": 29,
        "strict_states": 28,
        "baseline_option": "RETRY_CURRENT",
        "override_options": [
          "ADVANCE"
        ],
        "target_retry_states": 29,
        "target_tie_states": 1,
        "target_override_states": 0,
        "raw_false_recovery_rate": 0.0,
        "raw_recovery_rate": 0.0,
        "selective_recovery": {
          "max_false_recovery_rate": 0.05,
          "option_value_margin": 0.0,
          "false_recovery_rate": 0.0,
          "false_recovery_states": 0,
          "true_recovery_rate": 0.0,
          "beneficial_recovery_rate": 0.0,
          "beneficial_recovery_states": 0,
          "beneficial_recovery_rate_all_states": 0.0,
          "accuracy": 1.0,
          "mean_decision_regret": 0.4137931168079376
        }
      },
      "offline_option_rank": 51
    },
    {
      "variant_id": "w005-v00-linear-h4-w32-d025-advance+consensus",
      "checkpoint_variant": "v00-linear-h4-w32-d025",
      "checkpoint": "/HELIOS/Robotics/UnitreeRobotic/checkpoints/robocerebra/GR00T-RC-CTR-search/R0-residual-v9-override-weight/w005/v00-linear-h4-w32-d025",
      "weights_sha256": "02982764018cd3c449f2a512305b8878ba1ab4c1f17cd3953c111d0e88571cc1",
      "override_weight_id": "w005",
      "option_override_weight": 0.05,
      "option_mask_id": "advance+consensus",
      "allowed_override_options": [
        "ADVANCE",
        "CONSENSUS_PREFIX"
      ],
      "option_validation": {
        "labeled_states": 29,
        "strict_states": 3,
        "baseline_option": "RETRY_CURRENT",
        "override_options": [
          "ADVANCE",
          "CONSENSUS_PREFIX"
        ],
        "target_retry_states": 27,
        "target_tie_states": 26,
        "target_override_states": 2,
        "raw_false_recovery_rate": 0.3333333333333333,
        "raw_recovery_rate": 0.5,
        "selective_recovery": {
          "max_false_recovery_rate": 0.05,
          "option_value_margin": 1.5039063692092896,
          "false_recovery_rate": 0.0,
          "false_recovery_states": 0,
          "true_recovery_rate": 0.0,
          "beneficial_recovery_rate": 0.0,
          "beneficial_recovery_states": 0,
          "beneficial_recovery_rate_all_states": 0.0,
          "accuracy": 0.9310344827586207,
          "mean_decision_regret": 0.4137931168079376
        }
      },
      "offline_option_rank": 52
    },
    {
      "variant_id": "w005-v00-linear-h4-w32-d025-backtrack+advance",
      "checkpoint_variant": "v00-linear-h4-w32-d025",
      "checkpoint": "/HELIOS/Robotics/UnitreeRobotic/checkpoints/robocerebra/GR00T-RC-CTR-search/R0-residual-v9-override-weight/w005/v00-linear-h4-w32-d025",
      "weights_sha256": "02982764018cd3c449f2a512305b8878ba1ab4c1f17cd3953c111d0e88571cc1",
      "override_weight_id": "w005",
      "option_override_weight": 0.05,
      "option_mask_id": "backtrack+advance",
      "allowed_override_options": [
        "BACKTRACK_ONE",
        "ADVANCE"
      ],
      "option_validation": {
        "labeled_states": 29,
        "strict_states": 3,
        "baseline_option": "RETRY_CURRENT",
        "override_options": [
          "BACKTRACK_ONE",
          "ADVANCE"
        ],
        "target_retry_states": 28,
        "target_tie_states": 26,
        "target_override_states": 1,
        "raw_false_recovery_rate": 0.25,
        "raw_recovery_rate": 1.0,
        "selective_recovery": {
          "max_false_recovery_rate": 0.05,
          "option_value_margin": 0.6562500596046448,
          "false_recovery_rate": 0.0,
          "false_recovery_states": 0,
          "true_recovery_rate": 0.0,
          "beneficial_recovery_rate": 0.0,
          "beneficial_recovery_states": 0,
          "beneficial_recovery_rate_all_states": 0.0,
          "accuracy": 0.9655172413793104,
          "mean_decision_regret": 0.4137931168079376
        }
      },
      "offline_option_rank": 53
    },
    {
      "variant_id": "w005-v00-linear-h4-w32-d025-backtrack+advance+consensus",
      "checkpoint_variant": "v00-linear-h4-w32-d025",
      "checkpoint": "/HELIOS/Robotics/UnitreeRobotic/checkpoints/robocerebra/GR00T-RC-CTR-search/R0-residual-v9-override-weight/w005/v00-linear-h4-w32-d025",
      "weights_sha256": "02982764018cd3c449f2a512305b8878ba1ab4c1f17cd3953c111d0e88571cc1",
      "override_weight_id": "w005",
      "option_override_weight": 0.05,
      "option_mask_id": "backtrack+advance+consensus",
      "allowed_override_options": [
        "BACKTRACK_ONE",
        "ADVANCE",
        "CONSENSUS_PREFIX"
      ],
      "option_validation": {
        "labeled_states": 29,
        "strict_states": 3,
        "baseline_option": "RETRY_CURRENT",
        "override_options": [
          "BACKTRACK_ONE",
          "ADVANCE",
          "CONSENSUS_PREFIX"
        ],
        "target_retry_states": 26,
        "target_tie_states": 26,
        "target_override_states": 3,
        "raw_false_recovery_rate": 0.4230769230769231,
        "raw_recovery_rate": 0.6666666666666666,
        "selective_recovery": {
          "max_false_recovery_rate": 0.05,
          "option_value_margin": 1.5039063692092896,
          "false_recovery_rate": 0.0,
          "false_recovery_states": 0,
          "true_recovery_rate": 0.0,
          "beneficial_recovery_rate": 0.0,
          "beneficial_recovery_states": 0,
          "beneficial_recovery_rate_all_states": 0.0,
          "accuracy": 0.896551724137931,
          "mean_decision_regret": 0.4137931168079376
        }
      },
      "offline_option_rank": 54
    },
    {
      "variant_id": "w005-v00-linear-h4-w32-d025-backtrack+consensus",
      "checkpoint_variant": "v00-linear-h4-w32-d025",
      "checkpoint": "/HELIOS/Robotics/UnitreeRobotic/checkpoints/robocerebra/GR00T-RC-CTR-search/R0-residual-v9-override-weight/w005/v00-linear-h4-w32-d025",
      "weights_sha256": "02982764018cd3c449f2a512305b8878ba1ab4c1f17cd3953c111d0e88571cc1",
      "override_weight_id": "w005",
      "option_override_weight": 0.05,
      "option_mask_id": "backtrack+consensus",
      "allowed_override_options": [
        "BACKTRACK_ONE",
        "CONSENSUS_PREFIX"
      ],
      "option_validation": {
        "labeled_states": 29,
        "strict_states": 3,
        "baseline_option": "RETRY_CURRENT",
        "override_options": [
          "BACKTRACK_ONE",
          "CONSENSUS_PREFIX"
        ],
        "target_retry_states": 26,
        "target_tie_states": 26,
        "target_override_states": 3,
        "raw_false_recovery_rate": 0.4230769230769231,
        "raw_recovery_rate": 0.6666666666666666,
        "selective_recovery": {
          "max_false_recovery_rate": 0.05,
          "option_value_margin": 1.5039063692092896,
          "false_recovery_rate": 0.0,
          "false_recovery_states": 0,
          "true_recovery_rate": 0.0,
          "beneficial_recovery_rate": 0.0,
          "beneficial_recovery_states": 0,
          "beneficial_recovery_rate_all_states": 0.0,
          "accuracy": 0.896551724137931,
          "mean_decision_regret": 0.4137931168079376
        }
      },
      "offline_option_rank": 55
    },
    {
      "variant_id": "w005-v00-linear-h4-w32-d025-consensus",
      "checkpoint_variant": "v00-linear-h4-w32-d025",
      "checkpoint": "/HELIOS/Robotics/UnitreeRobotic/checkpoints/robocerebra/GR00T-RC-CTR-search/R0-residual-v9-override-weight/w005/v00-linear-h4-w32-d025",
      "weights_sha256": "02982764018cd3c449f2a512305b8878ba1ab4c1f17cd3953c111d0e88571cc1",
      "override_weight_id": "w005",
      "option_override_weight": 0.05,
      "option_mask_id": "consensus",
      "allowed_override_options": [
        "CONSENSUS_PREFIX"
      ],
      "option_validation": {
        "labeled_states": 29,
        "strict_states": 3,
        "baseline_option": "RETRY_CURRENT",
        "override_options": [
          "CONSENSUS_PREFIX"
        ],
        "target_retry_states": 27,
        "target_tie_states": 26,
        "target_override_states": 2,
        "raw_false_recovery_rate": 0.3333333333333333,
        "raw_recovery_rate": 0.5,
        "selective_recovery": {
          "max_false_recovery_rate": 0.05,
          "option_value_margin": 1.5039063692092896,
          "false_recovery_rate": 0.0,
          "false_recovery_states": 0,
          "true_recovery_rate": 0.0,
          "beneficial_recovery_rate": 0.0,
          "beneficial_recovery_states": 0,
          "beneficial_recovery_rate_all_states": 0.0,
          "accuracy": 0.9310344827586207,
          "mean_decision_regret": 0.4137931168079376
        }
      },
      "offline_option_rank": 56
    },
    {
      "variant_id": "w005-v00-linear-h4-w32-d025-reobserve",
      "checkpoint_variant": "v00-linear-h4-w32-d025",
      "checkpoint": "/HELIOS/Robotics/UnitreeRobotic/checkpoints/robocerebra/GR00T-RC-CTR-search/R0-residual-v9-override-weight/w005/v00-linear-h4-w32-d025",
      "weights_sha256": "02982764018cd3c449f2a512305b8878ba1ab4c1f17cd3953c111d0e88571cc1",
      "override_weight_id": "w005",
      "option_override_weight": 0.05,
      "option_mask_id": "reobserve",
      "allowed_override_options": [
        "REOBSERVE"
      ],
      "option_validation": {
        "labeled_states": 29,
        "strict_states": 1,
        "baseline_option": "RETRY_CURRENT",
        "override_options": [
          "REOBSERVE"
        ],
        "target_retry_states": 28,
        "target_tie_states": 28,
        "target_override_states": 1,
        "raw_false_recovery_rate": 0.17857142857142858,
        "raw_recovery_rate": 1.0,
        "selective_recovery": {
          "max_false_recovery_rate": 0.05,
          "option_value_margin": 0.3554687798023224,
          "false_recovery_rate": 0.0,
          "false_recovery_states": 0,
          "true_recovery_rate": 0.0,
          "beneficial_recovery_rate": 0.0,
          "beneficial_recovery_states": 0,
          "beneficial_recovery_rate_all_states": 0.0,
          "accuracy": 0.9655172413793104,
          "mean_decision_regret": 0.4137931168079376
        }
      },
      "offline_option_rank": 57
    },
    {
      "variant_id": "w005-v00-linear-h4-w32-d025-reobserve+advance",
      "checkpoint_variant": "v00-linear-h4-w32-d025",
      "checkpoint": "/HELIOS/Robotics/UnitreeRobotic/checkpoints/robocerebra/GR00T-RC-CTR-search/R0-residual-v9-override-weight/w005/v00-linear-h4-w32-d025",
      "weights_sha256": "02982764018cd3c449f2a512305b8878ba1ab4c1f17cd3953c111d0e88571cc1",
      "override_weight_id": "w005",
      "option_override_weight": 0.05,
      "option_mask_id": "reobserve+advance",
      "allowed_override_options": [
        "REOBSERVE",
        "ADVANCE"
      ],
      "option_validation": {
        "labeled_states": 29,
        "strict_states": 1,
        "baseline_option": "RETRY_CURRENT",
        "override_options": [
          "REOBSERVE",
          "ADVANCE"
        ],
        "target_retry_states": 28,
        "target_tie_states": 28,
        "target_override_states": 1,
        "raw_false_recovery_rate": 0.17857142857142858,
        "raw_recovery_rate": 1.0,
        "selective_recovery": {
          "max_false_recovery_rate": 0.05,
          "option_value_margin": 0.3554687798023224,
          "false_recovery_rate": 0.0,
          "false_recovery_states": 0,
          "true_recovery_rate": 0.0,
          "beneficial_recovery_rate": 0.0,
          "beneficial_recovery_states": 0,
          "beneficial_recovery_rate_all_states": 0.0,
          "accuracy": 0.9655172413793104,
          "mean_decision_regret": 0.4137931168079376
        }
      },
      "offline_option_rank": 58
    },
    {
      "variant_id": "w005-v00-linear-h4-w32-d025-reobserve+advance+consensus",
      "checkpoint_variant": "v00-linear-h4-w32-d025",
      "checkpoint": "/HELIOS/Robotics/UnitreeRobotic/checkpoints/robocerebra/GR00T-RC-CTR-search/R0-residual-v9-override-weight/w005/v00-linear-h4-w32-d025",
      "weights_sha256": "02982764018cd3c449f2a512305b8878ba1ab4c1f17cd3953c111d0e88571cc1",
      "override_weight_id": "w005",
      "option_override_weight": 0.05,
      "option_mask_id": "reobserve+advance+consensus",
      "allowed_override_options": [
        "REOBSERVE",
        "ADVANCE",
        "CONSENSUS_PREFIX"
      ],
      "option_validation": {
        "labeled_states": 29,
        "strict_states": 3,
        "baseline_option": "RETRY_CURRENT",
        "override_options": [
          "REOBSERVE",
          "ADVANCE",
          "CONSENSUS_PREFIX"
        ],
        "target_retry_states": 26,
        "target_tie_states": 26,
        "target_override_states": 3,
        "raw_false_recovery_rate": 0.34615384615384615,
        "raw_recovery_rate": 0.6666666666666666,
        "selective_recovery": {
          "max_false_recovery_rate": 0.05,
          "option_value_margin": 1.5039063692092896,
          "false_recovery_rate": 0.0,
          "false_recovery_states": 0,
          "true_recovery_rate": 0.0,
          "beneficial_recovery_rate": 0.0,
          "beneficial_recovery_states": 0,
          "beneficial_recovery_rate_all_states": 0.0,
          "accuracy": 0.896551724137931,
          "mean_decision_regret": 0.4137931168079376
        }
      },
      "offline_option_rank": 59
    },
    {
      "variant_id": "w005-v00-linear-h4-w32-d025-reobserve+backtrack",
      "checkpoint_variant": "v00-linear-h4-w32-d025",
      "checkpoint": "/HELIOS/Robotics/UnitreeRobotic/checkpoints/robocerebra/GR00T-RC-CTR-search/R0-residual-v9-override-weight/w005/v00-linear-h4-w32-d025",
      "weights_sha256": "02982764018cd3c449f2a512305b8878ba1ab4c1f17cd3953c111d0e88571cc1",
      "override_weight_id": "w005",
      "option_override_weight": 0.05,
      "option_mask_id": "reobserve+backtrack",
      "allowed_override_options": [
        "REOBSERVE",
        "BACKTRACK_ONE"
      ],
      "option_validation": {
        "labeled_states": 29,
        "strict_states": 2,
        "baseline_option": "RETRY_CURRENT",
        "override_options": [
          "REOBSERVE",
          "BACKTRACK_ONE"
        ],
        "target_retry_states": 27,
        "target_tie_states": 27,
        "target_override_states": 2,
        "raw_false_recovery_rate": 0.2962962962962963,
        "raw_recovery_rate": 1.0,
        "selective_recovery": {
          "max_false_recovery_rate": 0.05,
          "option_value_margin": 0.6562500596046448,
          "false_recovery_rate": 0.0,
          "false_recovery_states": 0,
          "true_recovery_rate": 0.0,
          "beneficial_recovery_rate": 0.0,
          "beneficial_recovery_states": 0,
          "beneficial_recovery_rate_all_states": 0.0,
          "accuracy": 0.9310344827586207,
          "mean_decision_regret": 0.4137931168079376
        }
      },
      "offline_option_rank": 60
    },
    {
      "variant_id": "w005-v00-linear-h4-w32-d025-reobserve+backtrack+advance",
      "checkpoint_variant": "v00-linear-h4-w32-d025",
      "checkpoint": "/HELIOS/Robotics/UnitreeRobotic/checkpoints/robocerebra/GR00T-RC-CTR-search/R0-residual-v9-override-weight/w005/v00-linear-h4-w32-d025",
      "weights_sha256": "02982764018cd3c449f2a512305b8878ba1ab4c1f17cd3953c111d0e88571cc1",
      "override_weight_id": "w005",
      "option_override_weight": 0.05,
      "option_mask_id": "reobserve+backtrack+advance",
      "allowed_override_options": [
        "REOBSERVE",
        "BACKTRACK_ONE",
        "ADVANCE"
      ],
      "option_validation": {
        "labeled_states": 29,
        "strict_states": 2,
        "baseline_option": "RETRY_CURRENT",
        "override_options": [
          "REOBSERVE",
          "BACKTRACK_ONE",
          "ADVANCE"
        ],
        "target_retry_states": 27,
        "target_tie_states": 27,
        "target_override_states": 2,
        "raw_false_recovery_rate": 0.2962962962962963,
        "raw_recovery_rate": 1.0,
        "selective_recovery": {
          "max_false_recovery_rate": 0.05,
          "option_value_margin": 0.6562500596046448,
          "false_recovery_rate": 0.0,
          "false_recovery_states": 0,
          "true_recovery_rate": 0.0,
          "beneficial_recovery_rate": 0.0,
          "beneficial_recovery_states": 0,
          "beneficial_recovery_rate_all_states": 0.0,
          "accuracy": 0.9310344827586207,
          "mean_decision_regret": 0.4137931168079376
        }
      },
      "offline_option_rank": 61
    },
    {
      "variant_id": "w005-v00-linear-h4-w32-d025-reobserve+backtrack+advance+consensus",
      "checkpoint_variant": "v00-linear-h4-w32-d025",
      "checkpoint": "/HELIOS/Robotics/UnitreeRobotic/checkpoints/robocerebra/GR00T-RC-CTR-search/R0-residual-v9-override-weight/w005/v00-linear-h4-w32-d025",
      "weights_sha256": "02982764018cd3c449f2a512305b8878ba1ab4c1f17cd3953c111d0e88571cc1",
      "override_weight_id": "w005",
      "option_override_weight": 0.05,
      "option_mask_id": "reobserve+backtrack+advance+consensus",
      "allowed_override_options": [
        "REOBSERVE",
        "BACKTRACK_ONE",
        "ADVANCE",
        "CONSENSUS_PREFIX"
      ],
      "option_validation": {
        "labeled_states": 29,
        "strict_states": 4,
        "baseline_option": "RETRY_CURRENT",
        "override_options": [
          "REOBSERVE",
          "BACKTRACK_ONE",
          "ADVANCE",
          "CONSENSUS_PREFIX"
        ],
        "target_retry_states": 25,
        "target_tie_states": 25,
        "target_override_states": 4,
        "raw_false_recovery_rate": 0.44,
        "raw_recovery_rate": 0.75,
        "selective_recovery": {
          "max_false_recovery_rate": 0.05,
          "option_value_margin": 1.5039063692092896,
          "false_recovery_rate": 0.0,
          "false_recovery_states": 0,
          "true_recovery_rate": 0.0,
          "beneficial_recovery_rate": 0.0,
          "beneficial_recovery_states": 0,
          "beneficial_recovery_rate_all_states": 0.0,
          "accuracy": 0.8620689655172413,
          "mean_decision_regret": 0.4137931168079376
        }
      },
      "offline_option_rank": 62
    },
    {
      "variant_id": "w005-v00-linear-h4-w32-d025-reobserve+backtrack+consensus",
      "checkpoint_variant": "v00-linear-h4-w32-d025",
      "checkpoint": "/HELIOS/Robotics/UnitreeRobotic/checkpoints/robocerebra/GR00T-RC-CTR-search/R0-residual-v9-override-weight/w005/v00-linear-h4-w32-d025",
      "weights_sha256": "02982764018cd3c449f2a512305b8878ba1ab4c1f17cd3953c111d0e88571cc1",
      "override_weight_id": "w005",
      "option_override_weight": 0.05,
      "option_mask_id": "reobserve+backtrack+consensus",
      "allowed_override_options": [
        "REOBSERVE",
        "BACKTRACK_ONE",
        "CONSENSUS_PREFIX"
      ],
      "option_validation": {
        "labeled_states": 29,
        "strict_states": 4,
        "baseline_option": "RETRY_CURRENT",
        "override_options": [
          "REOBSERVE",
          "BACKTRACK_ONE",
          "CONSENSUS_PREFIX"
        ],
        "target_retry_states": 25,
        "target_tie_states": 25,
        "target_override_states": 4,
        "raw_false_recovery_rate": 0.44,
        "raw_recovery_rate": 0.75,
        "selective_recovery": {
          "max_false_recovery_rate": 0.05,
          "option_value_margin": 1.5039063692092896,
          "false_recovery_rate": 0.0,
          "false_recovery_states": 0,
          "true_recovery_rate": 0.0,
          "beneficial_recovery_rate": 0.0,
          "beneficial_recovery_states": 0,
          "beneficial_recovery_rate_all_states": 0.0,
          "accuracy": 0.8620689655172413,
          "mean_decision_regret": 0.4137931168079376
        }
      },
      "offline_option_rank": 63
    },
    {
      "variant_id": "w005-v00-linear-h4-w32-d025-reobserve+consensus",
      "checkpoint_variant": "v00-linear-h4-w32-d025",
      "checkpoint": "/HELIOS/Robotics/UnitreeRobotic/checkpoints/robocerebra/GR00T-RC-CTR-search/R0-residual-v9-override-weight/w005/v00-linear-h4-w32-d025",
      "weights_sha256": "02982764018cd3c449f2a512305b8878ba1ab4c1f17cd3953c111d0e88571cc1",
      "override_weight_id": "w005",
      "option_override_weight": 0.05,
      "option_mask_id": "reobserve+consensus",
      "allowed_override_options": [
        "REOBSERVE",
        "CONSENSUS_PREFIX"
      ],
      "option_validation": {
        "labeled_states": 29,
        "strict_states": 3,
        "baseline_option": "RETRY_CURRENT",
        "override_options": [
          "REOBSERVE",
          "CONSENSUS_PREFIX"
        ],
        "target_retry_states": 26,
        "target_tie_states": 26,
        "target_override_states": 3,
        "raw_false_recovery_rate": 0.34615384615384615,
        "raw_recovery_rate": 0.6666666666666666,
        "selective_recovery": {
          "max_false_recovery_rate": 0.05,
          "option_value_margin": 1.5039063692092896,
          "false_recovery_rate": 0.0,
          "false_recovery_states": 0,
          "true_recovery_rate": 0.0,
          "beneficial_recovery_rate": 0.0,
          "beneficial_recovery_states": 0,
          "beneficial_recovery_rate_all_states": 0.0,
          "accuracy": 0.896551724137931,
          "mean_decision_regret": 0.4137931168079376
        }
      },
      "offline_option_rank": 64
    },
    {
      "variant_id": "w005-v01-linear-h8-w64-d025-advance",
      "checkpoint_variant": "v01-linear-h8-w64-d025",
      "checkpoint": "/HELIOS/Robotics/UnitreeRobotic/checkpoints/robocerebra/GR00T-RC-CTR-search/R0-residual-v9-override-weight/w005/v01-linear-h8-w64-d025",
      "weights_sha256": "dab775c470caeb99b87e8bb54925b9b7673bb64d7e54171689363f2ec272d69f",
      "override_weight_id": "w005",
      "option_override_weight": 0.05,
      "option_mask_id": "advance",
      "allowed_override_options": [
        "ADVANCE"
      ],
      "option_validation": {
        "labeled_states": 29,
        "strict_states": 28,
        "baseline_option": "RETRY_CURRENT",
        "override_options": [
          "ADVANCE"
        ],
        "target_retry_states": 29,
        "target_tie_states": 1,
        "target_override_states": 0,
        "raw_false_recovery_rate": 0.034482758620689655,
        "raw_recovery_rate": 0.0,
        "selective_recovery": {
          "max_false_recovery_rate": 0.05,
          "option_value_margin": 0.1176757887005806,
          "false_recovery_rate": 0.0,
          "false_recovery_states": 0,
          "true_recovery_rate": 0.0,
          "beneficial_recovery_rate": 0.0,
          "beneficial_recovery_states": 0,
          "beneficial_recovery_rate_all_states": 0.0,
          "accuracy": 1.0,
          "mean_decision_regret": 0.4137931168079376
        }
      },
      "offline_option_rank": 65
    },
    {
      "variant_id": "w005-v01-linear-h8-w64-d025-advance+consensus",
      "checkpoint_variant": "v01-linear-h8-w64-d025",
      "checkpoint": "/HELIOS/Robotics/UnitreeRobotic/checkpoints/robocerebra/GR00T-RC-CTR-search/R0-residual-v9-override-weight/w005/v01-linear-h8-w64-d025",
      "weights_sha256": "dab775c470caeb99b87e8bb54925b9b7673bb64d7e54171689363f2ec272d69f",
      "override_weight_id": "w005",
      "option_override_weight": 0.05,
      "option_mask_id": "advance+consensus",
      "allowed_override_options": [
        "ADVANCE",
        "CONSENSUS_PREFIX"
      ],
      "option_validation": {
        "labeled_states": 29,
        "strict_states": 3,
        "baseline_option": "RETRY_CURRENT",
        "override_options": [
          "ADVANCE",
          "CONSENSUS_PREFIX"
        ],
        "target_retry_states": 27,
        "target_tie_states": 26,
        "target_override_states": 2,
        "raw_false_recovery_rate": 0.14814814814814814,
        "raw_recovery_rate": 1.0,
        "selective_recovery": {
          "max_false_recovery_rate": 0.05,
          "option_value_margin": 1.1289063692092896,
          "false_recovery_rate": 0.0,
          "false_recovery_states": 0,
          "true_recovery_rate": 0.0,
          "beneficial_recovery_rate": 0.0,
          "beneficial_recovery_states": 0,
          "beneficial_recovery_rate_all_states": 0.0,
          "accuracy": 0.9310344827586207,
          "mean_decision_regret": 0.4137931168079376
        }
      },
      "offline_option_rank": 66
    },
    {
      "variant_id": "w005-v01-linear-h8-w64-d025-backtrack+advance",
      "checkpoint_variant": "v01-linear-h8-w64-d025",
      "checkpoint": "/HELIOS/Robotics/UnitreeRobotic/checkpoints/robocerebra/GR00T-RC-CTR-search/R0-residual-v9-override-weight/w005/v01-linear-h8-w64-d025",
      "weights_sha256": "dab775c470caeb99b87e8bb54925b9b7673bb64d7e54171689363f2ec272d69f",
      "override_weight_id": "w005",
      "option_override_weight": 0.05,
      "option_mask_id": "backtrack+advance",
      "allowed_override_options": [
        "BACKTRACK_ONE",
        "ADVANCE"
      ],
      "option_validation": {
        "labeled_states": 29,
        "strict_states": 3,
        "baseline_option": "RETRY_CURRENT",
        "override_options": [
          "BACKTRACK_ONE",
          "ADVANCE"
        ],
        "target_retry_states": 28,
        "target_tie_states": 26,
        "target_override_states": 1,
        "raw_false_recovery_rate": 0.17857142857142858,
        "raw_recovery_rate": 0.0,
        "selective_recovery": {
          "max_false_recovery_rate": 0.05,
          "option_value_margin": 1.6875001192092896,
          "false_recovery_rate": 0.0,
          "false_recovery_states": 0,
          "true_recovery_rate": 0.0,
          "beneficial_recovery_rate": 0.0,
          "beneficial_recovery_states": 0,
          "beneficial_recovery_rate_all_states": 0.0,
          "accuracy": 0.9655172413793104,
          "mean_decision_regret": 0.4137931168079376
        }
      },
      "offline_option_rank": 67
    },
    {
      "variant_id": "w005-v01-linear-h8-w64-d025-backtrack+advance+consensus",
      "checkpoint_variant": "v01-linear-h8-w64-d025",
      "checkpoint": "/HELIOS/Robotics/UnitreeRobotic/checkpoints/robocerebra/GR00T-RC-CTR-search/R0-residual-v9-override-weight/w005/v01-linear-h8-w64-d025",
      "weights_sha256": "dab775c470caeb99b87e8bb54925b9b7673bb64d7e54171689363f2ec272d69f",
      "override_weight_id": "w005",
      "option_override_weight": 0.05,
      "option_mask_id": "backtrack+advance+consensus",
      "allowed_override_options": [
        "BACKTRACK_ONE",
        "ADVANCE",
        "CONSENSUS_PREFIX"
      ],
      "option_validation": {
        "labeled_states": 29,
        "strict_states": 3,
        "baseline_option": "RETRY_CURRENT",
        "override_options": [
          "BACKTRACK_ONE",
          "ADVANCE",
          "CONSENSUS_PREFIX"
        ],
        "target_retry_states": 26,
        "target_tie_states": 26,
        "target_override_states": 3,
        "raw_false_recovery_rate": 0.3076923076923077,
        "raw_recovery_rate": 0.6666666666666666,
        "selective_recovery": {
          "max_false_recovery_rate": 0.05,
          "option_value_margin": 1.6875001192092896,
          "false_recovery_rate": 0.0,
          "false_recovery_states": 0,
          "true_recovery_rate": 0.0,
          "beneficial_recovery_rate": 0.0,
          "beneficial_recovery_states": 0,
          "beneficial_recovery_rate_all_states": 0.0,
          "accuracy": 0.896551724137931,
          "mean_decision_regret": 0.4137931168079376
        }
      },
      "offline_option_rank": 68
    },
    {
      "variant_id": "w005-v01-linear-h8-w64-d025-backtrack+consensus",
      "checkpoint_variant": "v01-linear-h8-w64-d025",
      "checkpoint": "/HELIOS/Robotics/UnitreeRobotic/checkpoints/robocerebra/GR00T-RC-CTR-search/R0-residual-v9-override-weight/w005/v01-linear-h8-w64-d025",
      "weights_sha256": "dab775c470caeb99b87e8bb54925b9b7673bb64d7e54171689363f2ec272d69f",
      "override_weight_id": "w005",
      "option_override_weight": 0.05,
      "option_mask_id": "backtrack+consensus",
      "allowed_override_options": [
        "BACKTRACK_ONE",
        "CONSENSUS_PREFIX"
      ],
      "option_validation": {
        "labeled_states": 29,
        "strict_states": 3,
        "baseline_option": "RETRY_CURRENT",
        "override_options": [
          "BACKTRACK_ONE",
          "CONSENSUS_PREFIX"
        ],
        "target_retry_states": 26,
        "target_tie_states": 26,
        "target_override_states": 3,
        "raw_false_recovery_rate": 0.3076923076923077,
        "raw_recovery_rate": 0.6666666666666666,
        "selective_recovery": {
          "max_false_recovery_rate": 0.05,
          "option_value_margin": 1.6875001192092896,
          "false_recovery_rate": 0.0,
          "false_recovery_states": 0,
          "true_recovery_rate": 0.0,
          "beneficial_recovery_rate": 0.0,
          "beneficial_recovery_states": 0,
          "beneficial_recovery_rate_all_states": 0.0,
          "accuracy": 0.896551724137931,
          "mean_decision_regret": 0.4137931168079376
        }
      },
      "offline_option_rank": 69
    },
    {
      "variant_id": "w005-v01-linear-h8-w64-d025-consensus",
      "checkpoint_variant": "v01-linear-h8-w64-d025",
      "checkpoint": "/HELIOS/Robotics/UnitreeRobotic/checkpoints/robocerebra/GR00T-RC-CTR-search/R0-residual-v9-override-weight/w005/v01-linear-h8-w64-d025",
      "weights_sha256": "dab775c470caeb99b87e8bb54925b9b7673bb64d7e54171689363f2ec272d69f",
      "override_weight_id": "w005",
      "option_override_weight": 0.05,
      "option_mask_id": "consensus",
      "allowed_override_options": [
        "CONSENSUS_PREFIX"
      ],
      "option_validation": {
        "labeled_states": 29,
        "strict_states": 3,
        "baseline_option": "RETRY_CURRENT",
        "override_options": [
          "CONSENSUS_PREFIX"
        ],
        "target_retry_states": 27,
        "target_tie_states": 26,
        "target_override_states": 2,
        "raw_false_recovery_rate": 0.14814814814814814,
        "raw_recovery_rate": 1.0,
        "selective_recovery": {
          "max_false_recovery_rate": 0.05,
          "option_value_margin": 1.1289063692092896,
          "false_recovery_rate": 0.0,
          "false_recovery_states": 0,
          "true_recovery_rate": 0.0,
          "beneficial_recovery_rate": 0.0,
          "beneficial_recovery_states": 0,
          "beneficial_recovery_rate_all_states": 0.0,
          "accuracy": 0.9310344827586207,
          "mean_decision_regret": 0.4137931168079376
        }
      },
      "offline_option_rank": 70
    },
    {
      "variant_id": "w005-v01-linear-h8-w64-d025-reobserve",
      "checkpoint_variant": "v01-linear-h8-w64-d025",
      "checkpoint": "/HELIOS/Robotics/UnitreeRobotic/checkpoints/robocerebra/GR00T-RC-CTR-search/R0-residual-v9-override-weight/w005/v01-linear-h8-w64-d025",
      "weights_sha256": "dab775c470caeb99b87e8bb54925b9b7673bb64d7e54171689363f2ec272d69f",
      "override_weight_id": "w005",
      "option_override_weight": 0.05,
      "option_mask_id": "reobserve",
      "allowed_override_options": [
        "REOBSERVE"
      ],
      "option_validation": {
        "labeled_states": 29,
        "strict_states": 1,
        "baseline_option": "RETRY_CURRENT",
        "override_options": [
          "REOBSERVE"
        ],
        "target_retry_states": 28,
        "target_tie_states": 28,
        "target_override_states": 1,
        "raw_false_recovery_rate": 0.25,
        "raw_recovery_rate": 0.0,
        "selective_recovery": {
          "max_false_recovery_rate": 0.05,
          "option_value_margin": 1.9609376192092896,
          "false_recovery_rate": 0.0,
          "false_recovery_states": 0,
          "true_recovery_rate": 0.0,
          "beneficial_recovery_rate": 0.0,
          "beneficial_recovery_states": 0,
          "beneficial_recovery_rate_all_states": 0.0,
          "accuracy": 0.9655172413793104,
          "mean_decision_regret": 0.4137931168079376
        }
      },
      "offline_option_rank": 71
    },
    {
      "variant_id": "w005-v01-linear-h8-w64-d025-reobserve+advance",
      "checkpoint_variant": "v01-linear-h8-w64-d025",
      "checkpoint": "/HELIOS/Robotics/UnitreeRobotic/checkpoints/robocerebra/GR00T-RC-CTR-search/R0-residual-v9-override-weight/w005/v01-linear-h8-w64-d025",
      "weights_sha256": "dab775c470caeb99b87e8bb54925b9b7673bb64d7e54171689363f2ec272d69f",
      "override_weight_id": "w005",
      "option_override_weight": 0.05,
      "option_mask_id": "reobserve+advance",
      "allowed_override_options": [
        "REOBSERVE",
        "ADVANCE"
      ],
      "option_validation": {
        "labeled_states": 29,
        "strict_states": 1,
        "baseline_option": "RETRY_CURRENT",
        "override_options": [
          "REOBSERVE",
          "ADVANCE"
        ],
        "target_retry_states": 28,
        "target_tie_states": 28,
        "target_override_states": 1,
        "raw_false_recovery_rate": 0.25,
        "raw_recovery_rate": 0.0,
        "selective_recovery": {
          "max_false_recovery_rate": 0.05,
          "option_value_margin": 1.9609376192092896,
          "false_recovery_rate": 0.0,
          "false_recovery_states": 0,
          "true_recovery_rate": 0.0,
          "beneficial_recovery_rate": 0.0,
          "beneficial_recovery_states": 0,
          "beneficial_recovery_rate_all_states": 0.0,
          "accuracy": 0.9655172413793104,
          "mean_decision_regret": 0.4137931168079376
        }
      },
      "offline_option_rank": 72
    },
    {
      "variant_id": "w005-v01-linear-h8-w64-d025-reobserve+backtrack",
      "checkpoint_variant": "v01-linear-h8-w64-d025",
      "checkpoint": "/HELIOS/Robotics/UnitreeRobotic/checkpoints/robocerebra/GR00T-RC-CTR-search/R0-residual-v9-override-weight/w005/v01-linear-h8-w64-d025",
      "weights_sha256": "dab775c470caeb99b87e8bb54925b9b7673bb64d7e54171689363f2ec272d69f",
      "override_weight_id": "w005",
      "option_override_weight": 0.05,
      "option_mask_id": "reobserve+backtrack",
      "allowed_override_options": [
        "REOBSERVE",
        "BACKTRACK_ONE"
      ],
      "option_validation": {
        "labeled_states": 29,
        "strict_states": 2,
        "baseline_option": "RETRY_CURRENT",
        "override_options": [
          "REOBSERVE",
          "BACKTRACK_ONE"
        ],
        "target_retry_states": 27,
        "target_tie_states": 27,
        "target_override_states": 2,
        "raw_false_recovery_rate": 0.2962962962962963,
        "raw_recovery_rate": 0.0,
        "selective_recovery": {
          "max_false_recovery_rate": 0.05,
          "option_value_margin": 1.9609376192092896,
          "false_recovery_rate": 0.0,
          "false_recovery_states": 0,
          "true_recovery_rate": 0.0,
          "beneficial_recovery_rate": 0.0,
          "beneficial_recovery_states": 0,
          "beneficial_recovery_rate_all_states": 0.0,
          "accuracy": 0.9310344827586207,
          "mean_decision_regret": 0.4137931168079376
        }
      },
      "offline_option_rank": 73
    },
    {
      "variant_id": "w005-v01-linear-h8-w64-d025-reobserve+backtrack+advance",
      "checkpoint_variant": "v01-linear-h8-w64-d025",
      "checkpoint": "/HELIOS/Robotics/UnitreeRobotic/checkpoints/robocerebra/GR00T-RC-CTR-search/R0-residual-v9-override-weight/w005/v01-linear-h8-w64-d025",
      "weights_sha256": "dab775c470caeb99b87e8bb54925b9b7673bb64d7e54171689363f2ec272d69f",
      "override_weight_id": "w005",
      "option_override_weight": 0.05,
      "option_mask_id": "reobserve+backtrack+advance",
      "allowed_override_options": [
        "REOBSERVE",
        "BACKTRACK_ONE",
        "ADVANCE"
      ],
      "option_validation": {
        "labeled_states": 29,
        "strict_states": 2,
        "baseline_option": "RETRY_CURRENT",
        "override_options": [
          "REOBSERVE",
          "BACKTRACK_ONE",
          "ADVANCE"
        ],
        "target_retry_states": 27,
        "target_tie_states": 27,
        "target_override_states": 2,
        "raw_false_recovery_rate": 0.2962962962962963,
        "raw_recovery_rate": 0.0,
        "selective_recovery": {
          "max_false_recovery_rate": 0.05,
          "option_value_margin": 1.9609376192092896,
          "false_recovery_rate": 0.0,
          "false_recovery_states": 0,
          "true_recovery_rate": 0.0,
          "beneficial_recovery_rate": 0.0,
          "beneficial_recovery_states": 0,
          "beneficial_recovery_rate_all_states": 0.0,
          "accuracy": 0.9310344827586207,
          "mean_decision_regret": 0.4137931168079376
        }
      },
      "offline_option_rank": 74
    },
    {
      "variant_id": "w005-v02-mlp-h4-w32-d050-advance",
      "checkpoint_variant": "v02-mlp-h4-w32-d050",
      "checkpoint": "/HELIOS/Robotics/UnitreeRobotic/checkpoints/robocerebra/GR00T-RC-CTR-search/R0-residual-v9-override-weight/w005/v02-mlp-h4-w32-d050",
      "weights_sha256": "edff6ceb2bb73ff746e2bc3b3dd1761aeee3aa1cebfec19f2bd9f02aa4106da4",
      "override_weight_id": "w005",
      "option_override_weight": 0.05,
      "option_mask_id": "advance",
      "allowed_override_options": [
        "ADVANCE"
      ],
      "option_validation": {
        "labeled_states": 29,
        "strict_states": 28,
        "baseline_option": "RETRY_CURRENT",
        "override_options": [
          "ADVANCE"
        ],
        "target_retry_states": 29,
        "target_tie_states": 1,
        "target_override_states": 0,
        "raw_false_recovery_rate": 0.0,
        "raw_recovery_rate": 0.0,
        "selective_recovery": {
          "max_false_recovery_rate": 0.05,
          "option_value_margin": 0.0,
          "false_recovery_rate": 0.0,
          "false_recovery_states": 0,
          "true_recovery_rate": 0.0,
          "beneficial_recovery_rate": 0.0,
          "beneficial_recovery_states": 0,
          "beneficial_recovery_rate_all_states": 0.0,
          "accuracy": 1.0,
          "mean_decision_regret": 0.4137931168079376
        }
      },
      "offline_option_rank": 75
    },
    {
      "variant_id": "w005-v02-mlp-h4-w32-d050-advance+consensus",
      "checkpoint_variant": "v02-mlp-h4-w32-d050",
      "checkpoint": "/HELIOS/Robotics/UnitreeRobotic/checkpoints/robocerebra/GR00T-RC-CTR-search/R0-residual-v9-override-weight/w005/v02-mlp-h4-w32-d050",
      "weights_sha256": "edff6ceb2bb73ff746e2bc3b3dd1761aeee3aa1cebfec19f2bd9f02aa4106da4",
      "override_weight_id": "w005",
      "option_override_weight": 0.05,
      "option_mask_id": "advance+consensus",
      "allowed_override_options": [
        "ADVANCE",
        "CONSENSUS_PREFIX"
      ],
      "option_validation": {
        "labeled_states": 29,
        "strict_states": 3,
        "baseline_option": "RETRY_CURRENT",
        "override_options": [
          "ADVANCE",
          "CONSENSUS_PREFIX"
        ],
        "target_retry_states": 27,
        "target_tie_states": 26,
        "target_override_states": 2,
        "raw_false_recovery_rate": 0.4074074074074074,
        "raw_recovery_rate": 0.0,
        "selective_recovery": {
          "max_false_recovery_rate": 0.05,
          "option_value_margin": 1.4482423067092896,
          "false_recovery_rate": 0.0,
          "false_recovery_states": 0,
          "true_recovery_rate": 0.0,
          "beneficial_recovery_rate": 0.0,
          "beneficial_recovery_states": 0,
          "beneficial_recovery_rate_all_states": 0.0,
          "accuracy": 0.9310344827586207,
          "mean_decision_regret": 0.4137931168079376
        }
      },
      "offline_option_rank": 76
    },
    {
      "variant_id": "w005-v02-mlp-h4-w32-d050-backtrack+advance",
      "checkpoint_variant": "v02-mlp-h4-w32-d050",
      "checkpoint": "/HELIOS/Robotics/UnitreeRobotic/checkpoints/robocerebra/GR00T-RC-CTR-search/R0-residual-v9-override-weight/w005/v02-mlp-h4-w32-d050",
      "weights_sha256": "edff6ceb2bb73ff746e2bc3b3dd1761aeee3aa1cebfec19f2bd9f02aa4106da4",
      "override_weight_id": "w005",
      "option_override_weight": 0.05,
      "option_mask_id": "backtrack+advance",
      "allowed_override_options": [
        "BACKTRACK_ONE",
        "ADVANCE"
      ],
      "option_validation": {
        "labeled_states": 29,
        "strict_states": 3,
        "baseline_option": "RETRY_CURRENT",
        "override_options": [
          "BACKTRACK_ONE",
          "ADVANCE"
        ],
        "target_retry_states": 28,
        "target_tie_states": 26,
        "target_override_states": 1,
        "raw_false_recovery_rate": 0.5357142857142857,
        "raw_recovery_rate": 1.0,
        "selective_recovery": {
          "max_false_recovery_rate": 0.05,
          "option_value_margin": 0.7617188096046448,
          "false_recovery_rate": 0.0,
          "false_recovery_states": 0,
          "true_recovery_rate": 0.0,
          "beneficial_recovery_rate": 0.0,
          "beneficial_recovery_states": 0,
          "beneficial_recovery_rate_all_states": 0.0,
          "accuracy": 0.9655172413793104,
          "mean_decision_regret": 0.4137931168079376
        }
      },
      "offline_option_rank": 77
    },
    {
      "variant_id": "w005-v02-mlp-h4-w32-d050-backtrack+advance+consensus",
      "checkpoint_variant": "v02-mlp-h4-w32-d050",
      "checkpoint": "/HELIOS/Robotics/UnitreeRobotic/checkpoints/robocerebra/GR00T-RC-CTR-search/R0-residual-v9-override-weight/w005/v02-mlp-h4-w32-d050",
      "weights_sha256": "edff6ceb2bb73ff746e2bc3b3dd1761aeee3aa1cebfec19f2bd9f02aa4106da4",
      "override_weight_id": "w005",
      "option_override_weight": 0.05,
      "option_mask_id": "backtrack+advance+consensus",
      "allowed_override_options": [
        "BACKTRACK_ONE",
        "ADVANCE",
        "CONSENSUS_PREFIX"
      ],
      "option_validation": {
        "labeled_states": 29,
        "strict_states": 3,
        "baseline_option": "RETRY_CURRENT",
        "override_options": [
          "BACKTRACK_ONE",
          "ADVANCE",
          "CONSENSUS_PREFIX"
        ],
        "target_retry_states": 26,
        "target_tie_states": 26,
        "target_override_states": 3,
        "raw_false_recovery_rate": 0.8076923076923077,
        "raw_recovery_rate": 0.3333333333333333,
        "selective_recovery": {
          "max_false_recovery_rate": 0.05,
          "option_value_margin": 1.4482423067092896,
          "false_recovery_rate": 0.0,
          "false_recovery_states": 0,
          "true_recovery_rate": 0.0,
          "beneficial_recovery_rate": 0.0,
          "beneficial_recovery_states": 0,
          "beneficial_recovery_rate_all_states": 0.0,
          "accuracy": 0.896551724137931,
          "mean_decision_regret": 0.4137931168079376
        }
      },
      "offline_option_rank": 78
    },
    {
      "variant_id": "w005-v02-mlp-h4-w32-d050-backtrack+consensus",
      "checkpoint_variant": "v02-mlp-h4-w32-d050",
      "checkpoint": "/HELIOS/Robotics/UnitreeRobotic/checkpoints/robocerebra/GR00T-RC-CTR-search/R0-residual-v9-override-weight/w005/v02-mlp-h4-w32-d050",
      "weights_sha256": "edff6ceb2bb73ff746e2bc3b3dd1761aeee3aa1cebfec19f2bd9f02aa4106da4",
      "override_weight_id": "w005",
      "option_override_weight": 0.05,
      "option_mask_id": "backtrack+consensus",
      "allowed_override_options": [
        "BACKTRACK_ONE",
        "CONSENSUS_PREFIX"
      ],
      "option_validation": {
        "labeled_states": 29,
        "strict_states": 3,
        "baseline_option": "RETRY_CURRENT",
        "override_options": [
          "BACKTRACK_ONE",
          "CONSENSUS_PREFIX"
        ],
        "target_retry_states": 26,
        "target_tie_states": 26,
        "target_override_states": 3,
        "raw_false_recovery_rate": 0.8076923076923077,
        "raw_recovery_rate": 0.3333333333333333,
        "selective_recovery": {
          "max_false_recovery_rate": 0.05,
          "option_value_margin": 1.4482423067092896,
          "false_recovery_rate": 0.0,
          "false_recovery_states": 0,
          "true_recovery_rate": 0.0,
          "beneficial_recovery_rate": 0.0,
          "beneficial_recovery_states": 0,
          "beneficial_recovery_rate_all_states": 0.0,
          "accuracy": 0.896551724137931,
          "mean_decision_regret": 0.4137931168079376
        }
      },
      "offline_option_rank": 79
    },
    {
      "variant_id": "w005-v02-mlp-h4-w32-d050-consensus",
      "checkpoint_variant": "v02-mlp-h4-w32-d050",
      "checkpoint": "/HELIOS/Robotics/UnitreeRobotic/checkpoints/robocerebra/GR00T-RC-CTR-search/R0-residual-v9-override-weight/w005/v02-mlp-h4-w32-d050",
      "weights_sha256": "edff6ceb2bb73ff746e2bc3b3dd1761aeee3aa1cebfec19f2bd9f02aa4106da4",
      "override_weight_id": "w005",
      "option_override_weight": 0.05,
      "option_mask_id": "consensus",
      "allowed_override_options": [
        "CONSENSUS_PREFIX"
      ],
      "option_validation": {
        "labeled_states": 29,
        "strict_states": 3,
        "baseline_option": "RETRY_CURRENT",
        "override_options": [
          "CONSENSUS_PREFIX"
        ],
        "target_retry_states": 27,
        "target_tie_states": 26,
        "target_override_states": 2,
        "raw_false_recovery_rate": 0.4074074074074074,
        "raw_recovery_rate": 0.0,
        "selective_recovery": {
          "max_false_recovery_rate": 0.05,
          "option_value_margin": 1.4482423067092896,
          "false_recovery_rate": 0.0,
          "false_recovery_states": 0,
          "true_recovery_rate": 0.0,
          "beneficial_recovery_rate": 0.0,
          "beneficial_recovery_states": 0,
          "beneficial_recovery_rate_all_states": 0.0,
          "accuracy": 0.9310344827586207,
          "mean_decision_regret": 0.4137931168079376
        }
      },
      "offline_option_rank": 80
    },
    {
      "variant_id": "w005-v02-mlp-h4-w32-d050-reobserve",
      "checkpoint_variant": "v02-mlp-h4-w32-d050",
      "checkpoint": "/HELIOS/Robotics/UnitreeRobotic/checkpoints/robocerebra/GR00T-RC-CTR-search/R0-residual-v9-override-weight/w005/v02-mlp-h4-w32-d050",
      "weights_sha256": "edff6ceb2bb73ff746e2bc3b3dd1761aeee3aa1cebfec19f2bd9f02aa4106da4",
      "override_weight_id": "w005",
      "option_override_weight": 0.05,
      "option_mask_id": "reobserve",
      "allowed_override_options": [
        "REOBSERVE"
      ],
      "option_validation": {
        "labeled_states": 29,
        "strict_states": 1,
        "baseline_option": "RETRY_CURRENT",
        "override_options": [
          "REOBSERVE"
        ],
        "target_retry_states": 28,
        "target_tie_states": 28,
        "target_override_states": 1,
        "raw_false_recovery_rate": 0.21428571428571427,
        "raw_recovery_rate": 0.0,
        "selective_recovery": {
          "max_false_recovery_rate": 0.05,
          "option_value_margin": 0.2336425930261612,
          "false_recovery_rate": 0.0,
          "false_recovery_states": 0,
          "true_recovery_rate": 0.0,
          "beneficial_recovery_rate": 0.0,
          "beneficial_recovery_states": 0,
          "beneficial_recovery_rate_all_states": 0.0,
          "accuracy": 0.9655172413793104,
          "mean_decision_regret": 0.4137931168079376
        }
      },
      "offline_option_rank": 81
    },
    {
      "variant_id": "w005-v02-mlp-h4-w32-d050-reobserve+advance",
      "checkpoint_variant": "v02-mlp-h4-w32-d050",
      "checkpoint": "/HELIOS/Robotics/UnitreeRobotic/checkpoints/robocerebra/GR00T-RC-CTR-search/R0-residual-v9-override-weight/w005/v02-mlp-h4-w32-d050",
      "weights_sha256": "edff6ceb2bb73ff746e2bc3b3dd1761aeee3aa1cebfec19f2bd9f02aa4106da4",
      "override_weight_id": "w005",
      "option_override_weight": 0.05,
      "option_mask_id": "reobserve+advance",
      "allowed_override_options": [
        "REOBSERVE",
        "ADVANCE"
      ],
      "option_validation": {
        "labeled_states": 29,
        "strict_states": 1,
        "baseline_option": "RETRY_CURRENT",
        "override_options": [
          "REOBSERVE",
          "ADVANCE"
        ],
        "target_retry_states": 28,
        "target_tie_states": 28,
        "target_override_states": 1,
        "raw_false_recovery_rate": 0.21428571428571427,
        "raw_recovery_rate": 0.0,
        "selective_recovery": {
          "max_false_recovery_rate": 0.05,
          "option_value_margin": 0.2336425930261612,
          "false_recovery_rate": 0.0,
          "false_recovery_states": 0,
          "true_recovery_rate": 0.0,
          "beneficial_recovery_rate": 0.0,
          "beneficial_recovery_states": 0,
          "beneficial_recovery_rate_all_states": 0.0,
          "accuracy": 0.9655172413793104,
          "mean_decision_regret": 0.4137931168079376
        }
      },
      "offline_option_rank": 82
    },
    {
      "variant_id": "w005-v02-mlp-h4-w32-d050-reobserve+backtrack",
      "checkpoint_variant": "v02-mlp-h4-w32-d050",
      "checkpoint": "/HELIOS/Robotics/UnitreeRobotic/checkpoints/robocerebra/GR00T-RC-CTR-search/R0-residual-v9-override-weight/w005/v02-mlp-h4-w32-d050",
      "weights_sha256": "edff6ceb2bb73ff746e2bc3b3dd1761aeee3aa1cebfec19f2bd9f02aa4106da4",
      "override_weight_id": "w005",
      "option_override_weight": 0.05,
      "option_mask_id": "reobserve+backtrack",
      "allowed_override_options": [
        "REOBSERVE",
        "BACKTRACK_ONE"
      ],
      "option_validation": {
        "labeled_states": 29,
        "strict_states": 2,
        "baseline_option": "RETRY_CURRENT",
        "override_options": [
          "REOBSERVE",
          "BACKTRACK_ONE"
        ],
        "target_retry_states": 27,
        "target_tie_states": 27,
        "target_override_states": 2,
        "raw_false_recovery_rate": 0.6666666666666666,
        "raw_recovery_rate": 0.5,
        "selective_recovery": {
          "max_false_recovery_rate": 0.05,
          "option_value_margin": 0.7617188096046448,
          "false_recovery_rate": 0.0,
          "false_recovery_states": 0,
          "true_recovery_rate": 0.0,
          "beneficial_recovery_rate": 0.0,
          "beneficial_recovery_states": 0,
          "beneficial_recovery_rate_all_states": 0.0,
          "accuracy": 0.9310344827586207,
          "mean_decision_regret": 0.4137931168079376
        }
      },
      "offline_option_rank": 83
    },
    {
      "variant_id": "w005-v02-mlp-h4-w32-d050-reobserve+backtrack+advance",
      "checkpoint_variant": "v02-mlp-h4-w32-d050",
      "checkpoint": "/HELIOS/Robotics/UnitreeRobotic/checkpoints/robocerebra/GR00T-RC-CTR-search/R0-residual-v9-override-weight/w005/v02-mlp-h4-w32-d050",
      "weights_sha256": "edff6ceb2bb73ff746e2bc3b3dd1761aeee3aa1cebfec19f2bd9f02aa4106da4",
      "override_weight_id": "w005",
      "option_override_weight": 0.05,
      "option_mask_id": "reobserve+backtrack+advance",
      "allowed_override_options": [
        "REOBSERVE",
        "BACKTRACK_ONE",
        "ADVANCE"
      ],
      "option_validation": {
        "labeled_states": 29,
        "strict_states": 2,
        "baseline_option": "RETRY_CURRENT",
        "override_options": [
          "REOBSERVE",
          "BACKTRACK_ONE",
          "ADVANCE"
        ],
        "target_retry_states": 27,
        "target_tie_states": 27,
        "target_override_states": 2,
        "raw_false_recovery_rate": 0.6666666666666666,
        "raw_recovery_rate": 0.5,
        "selective_recovery": {
          "max_false_recovery_rate": 0.05,
          "option_value_margin": 0.7617188096046448,
          "false_recovery_rate": 0.0,
          "false_recovery_states": 0,
          "true_recovery_rate": 0.0,
          "beneficial_recovery_rate": 0.0,
          "beneficial_recovery_states": 0,
          "beneficial_recovery_rate_all_states": 0.0,
          "accuracy": 0.9310344827586207,
          "mean_decision_regret": 0.4137931168079376
        }
      },
      "offline_option_rank": 84
    },
    {
      "variant_id": "w005-v03-mlp-h8-w64-d025-advance",
      "checkpoint_variant": "v03-mlp-h8-w64-d025",
      "checkpoint": "/HELIOS/Robotics/UnitreeRobotic/checkpoints/robocerebra/GR00T-RC-CTR-search/R0-residual-v9-override-weight/w005/v03-mlp-h8-w64-d025",
      "weights_sha256": "cea27ec1b802b66d45be77d0ffb2ea96a470ac32cc4b58867df2b33802358358",
      "override_weight_id": "w005",
      "option_override_weight": 0.05,
      "option_mask_id": "advance",
      "allowed_override_options": [
        "ADVANCE"
      ],
      "option_validation": {
        "labeled_states": 29,
        "strict_states": 28,
        "baseline_option": "RETRY_CURRENT",
        "override_options": [
          "ADVANCE"
        ],
        "target_retry_states": 29,
        "target_tie_states": 1,
        "target_override_states": 0,
        "raw_false_recovery_rate": 0.0,
        "raw_recovery_rate": 0.0,
        "selective_recovery": {
          "max_false_recovery_rate": 0.05,
          "option_value_margin": 0.0,
          "false_recovery_rate": 0.0,
          "false_recovery_states": 0,
          "true_recovery_rate": 0.0,
          "beneficial_recovery_rate": 0.0,
          "beneficial_recovery_states": 0,
          "beneficial_recovery_rate_all_states": 0.0,
          "accuracy": 1.0,
          "mean_decision_regret": 0.4137931168079376
        }
      },
      "offline_option_rank": 85
    },
    {
      "variant_id": "w005-v03-mlp-h8-w64-d025-backtrack+advance",
      "checkpoint_variant": "v03-mlp-h8-w64-d025",
      "checkpoint": "/HELIOS/Robotics/UnitreeRobotic/checkpoints/robocerebra/GR00T-RC-CTR-search/R0-residual-v9-override-weight/w005/v03-mlp-h8-w64-d025",
      "weights_sha256": "cea27ec1b802b66d45be77d0ffb2ea96a470ac32cc4b58867df2b33802358358",
      "override_weight_id": "w005",
      "option_override_weight": 0.05,
      "option_mask_id": "backtrack+advance",
      "allowed_override_options": [
        "BACKTRACK_ONE",
        "ADVANCE"
      ],
      "option_validation": {
        "labeled_states": 29,
        "strict_states": 3,
        "baseline_option": "RETRY_CURRENT",
        "override_options": [
          "BACKTRACK_ONE",
          "ADVANCE"
        ],
        "target_retry_states": 28,
        "target_tie_states": 26,
        "target_override_states": 1,
        "raw_false_recovery_rate": 0.0,
        "raw_recovery_rate": 0.0,
        "selective_recovery": {
          "max_false_recovery_rate": 0.05,
          "option_value_margin": 0.0,
          "false_recovery_rate": 0.0,
          "false_recovery_states": 0,
          "true_recovery_rate": 0.0,
          "beneficial_recovery_rate": 0.0,
          "beneficial_recovery_states": 0,
          "beneficial_recovery_rate_all_states": 0.0,
          "accuracy": 0.9655172413793104,
          "mean_decision_regret": 0.4137931168079376
        }
      },
      "offline_option_rank": 86
    },
    {
      "variant_id": "w005-v03-mlp-h8-w64-d025-reobserve",
      "checkpoint_variant": "v03-mlp-h8-w64-d025",
      "checkpoint": "/HELIOS/Robotics/UnitreeRobotic/checkpoints/robocerebra/GR00T-RC-CTR-search/R0-residual-v9-override-weight/w005/v03-mlp-h8-w64-d025",
      "weights_sha256": "cea27ec1b802b66d45be77d0ffb2ea96a470ac32cc4b58867df2b33802358358",
      "override_weight_id": "w005",
      "option_override_weight": 0.05,
      "option_mask_id": "reobserve",
      "allowed_override_options": [
        "REOBSERVE"
      ],
      "option_validation": {
        "labeled_states": 29,
        "strict_states": 1,
        "baseline_option": "RETRY_CURRENT",
        "override_options": [
          "REOBSERVE"
        ],
        "target_retry_states": 28,
        "target_tie_states": 28,
        "target_override_states": 1,
        "raw_false_recovery_rate": 0.07142857142857142,
        "raw_recovery_rate": 0.0,
        "selective_recovery": {
          "max_false_recovery_rate": 0.05,
          "option_value_margin": 1.1093751192092896,
          "false_recovery_rate": 0.0,
          "false_recovery_states": 0,
          "true_recovery_rate": 0.0,
          "beneficial_recovery_rate": 0.0,
          "beneficial_recovery_states": 0,
          "beneficial_recovery_rate_all_states": 0.0,
          "accuracy": 0.9655172413793104,
          "mean_decision_regret": 0.4137931168079376
        }
      },
      "offline_option_rank": 87
    },
    {
      "variant_id": "w005-v03-mlp-h8-w64-d025-reobserve+advance",
      "checkpoint_variant": "v03-mlp-h8-w64-d025",
      "checkpoint": "/HELIOS/Robotics/UnitreeRobotic/checkpoints/robocerebra/GR00T-RC-CTR-search/R0-residual-v9-override-weight/w005/v03-mlp-h8-w64-d025",
      "weights_sha256": "cea27ec1b802b66d45be77d0ffb2ea96a470ac32cc4b58867df2b33802358358",
      "override_weight_id": "w005",
      "option_override_weight": 0.05,
      "option_mask_id": "reobserve+advance",
      "allowed_override_options": [
        "REOBSERVE",
        "ADVANCE"
      ],
      "option_validation": {
        "labeled_states": 29,
        "strict_states": 1,
        "baseline_option": "RETRY_CURRENT",
        "override_options": [
          "REOBSERVE",
          "ADVANCE"
        ],
        "target_retry_states": 28,
        "target_tie_states": 28,
        "target_override_states": 1,
        "raw_false_recovery_rate": 0.07142857142857142,
        "raw_recovery_rate": 0.0,
        "selective_recovery": {
          "max_false_recovery_rate": 0.05,
          "option_value_margin": 1.1093751192092896,
          "false_recovery_rate": 0.0,
          "false_recovery_states": 0,
          "true_recovery_rate": 0.0,
          "beneficial_recovery_rate": 0.0,
          "beneficial_recovery_states": 0,
          "beneficial_recovery_rate_all_states": 0.0,
          "accuracy": 0.9655172413793104,
          "mean_decision_regret": 0.4137931168079376
        }
      },
      "offline_option_rank": 88
    },
    {
      "variant_id": "w005-v03-mlp-h8-w64-d025-reobserve+advance+consensus",
      "checkpoint_variant": "v03-mlp-h8-w64-d025",
      "checkpoint": "/HELIOS/Robotics/UnitreeRobotic/checkpoints/robocerebra/GR00T-RC-CTR-search/R0-residual-v9-override-weight/w005/v03-mlp-h8-w64-d025",
      "weights_sha256": "cea27ec1b802b66d45be77d0ffb2ea96a470ac32cc4b58867df2b33802358358",
      "override_weight_id": "w005",
      "option_override_weight": 0.05,
      "option_mask_id": "reobserve+advance+consensus",
      "allowed_override_options": [
        "REOBSERVE",
        "ADVANCE",
        "CONSENSUS_PREFIX"
      ],
      "option_validation": {
        "labeled_states": 29,
        "strict_states": 3,
        "baseline_option": "RETRY_CURRENT",
        "override_options": [
          "REOBSERVE",
          "ADVANCE",
          "CONSENSUS_PREFIX"
        ],
        "target_retry_states": 26,
        "target_tie_states": 26,
        "target_override_states": 3,
        "raw_false_recovery_rate": 0.23076923076923078,
        "raw_recovery_rate": 0.3333333333333333,
        "selective_recovery": {
          "max_false_recovery_rate": 0.05,
          "option_value_margin": 1.1093751192092896,
          "false_recovery_rate": 0.0,
          "false_recovery_states": 0,
          "true_recovery_rate": 0.0,
          "beneficial_recovery_rate": 0.0,
          "beneficial_recovery_states": 0,
          "beneficial_recovery_rate_all_states": 0.0,
          "accuracy": 0.896551724137931,
          "mean_decision_regret": 0.4137931168079376
        }
      },
      "offline_option_rank": 89
    },
    {
      "variant_id": "w005-v03-mlp-h8-w64-d025-reobserve+backtrack",
      "checkpoint_variant": "v03-mlp-h8-w64-d025",
      "checkpoint": "/HELIOS/Robotics/UnitreeRobotic/checkpoints/robocerebra/GR00T-RC-CTR-search/R0-residual-v9-override-weight/w005/v03-mlp-h8-w64-d025",
      "weights_sha256": "cea27ec1b802b66d45be77d0ffb2ea96a470ac32cc4b58867df2b33802358358",
      "override_weight_id": "w005",
      "option_override_weight": 0.05,
      "option_mask_id": "reobserve+backtrack",
      "allowed_override_options": [
        "REOBSERVE",
        "BACKTRACK_ONE"
      ],
      "option_validation": {
        "labeled_states": 29,
        "strict_states": 2,
        "baseline_option": "RETRY_CURRENT",
        "override_options": [
          "REOBSERVE",
          "BACKTRACK_ONE"
        ],
        "target_retry_states": 27,
        "target_tie_states": 27,
        "target_override_states": 2,
        "raw_false_recovery_rate": 0.07407407407407407,
        "raw_recovery_rate": 0.0,
        "selective_recovery": {
          "max_false_recovery_rate": 0.05,
          "option_value_margin": 1.1093751192092896,
          "false_recovery_rate": 0.0,
          "false_recovery_states": 0,
          "true_recovery_rate": 0.0,
          "beneficial_recovery_rate": 0.0,
          "beneficial_recovery_states": 0,
          "beneficial_recovery_rate_all_states": 0.0,
          "accuracy": 0.9310344827586207,
          "mean_decision_regret": 0.4137931168079376
        }
      },
      "offline_option_rank": 90
    },
    {
      "variant_id": "w005-v03-mlp-h8-w64-d025-reobserve+backtrack+advance",
      "checkpoint_variant": "v03-mlp-h8-w64-d025",
      "checkpoint": "/HELIOS/Robotics/UnitreeRobotic/checkpoints/robocerebra/GR00T-RC-CTR-search/R0-residual-v9-override-weight/w005/v03-mlp-h8-w64-d025",
      "weights_sha256": "cea27ec1b802b66d45be77d0ffb2ea96a470ac32cc4b58867df2b33802358358",
      "override_weight_id": "w005",
      "option_override_weight": 0.05,
      "option_mask_id": "reobserve+backtrack+advance",
      "allowed_override_options": [
        "REOBSERVE",
        "BACKTRACK_ONE",
        "ADVANCE"
      ],
      "option_validation": {
        "labeled_states": 29,
        "strict_states": 2,
        "baseline_option": "RETRY_CURRENT",
        "override_options": [
          "REOBSERVE",
          "BACKTRACK_ONE",
          "ADVANCE"
        ],
        "target_retry_states": 27,
        "target_tie_states": 27,
        "target_override_states": 2,
        "raw_false_recovery_rate": 0.07407407407407407,
        "raw_recovery_rate": 0.0,
        "selective_recovery": {
          "max_false_recovery_rate": 0.05,
          "option_value_margin": 1.1093751192092896,
          "false_recovery_rate": 0.0,
          "false_recovery_states": 0,
          "true_recovery_rate": 0.0,
          "beneficial_recovery_rate": 0.0,
          "beneficial_recovery_states": 0,
          "beneficial_recovery_rate_all_states": 0.0,
          "accuracy": 0.9310344827586207,
          "mean_decision_regret": 0.4137931168079376
        }
      },
      "offline_option_rank": 91
    },
    {
      "variant_id": "w005-v03-mlp-h8-w64-d025-reobserve+backtrack+advance+consensus",
      "checkpoint_variant": "v03-mlp-h8-w64-d025",
      "checkpoint": "/HELIOS/Robotics/UnitreeRobotic/checkpoints/robocerebra/GR00T-RC-CTR-search/R0-residual-v9-override-weight/w005/v03-mlp-h8-w64-d025",
      "weights_sha256": "cea27ec1b802b66d45be77d0ffb2ea96a470ac32cc4b58867df2b33802358358",
      "override_weight_id": "w005",
      "option_override_weight": 0.05,
      "option_mask_id": "reobserve+backtrack+advance+consensus",
      "allowed_override_options": [
        "REOBSERVE",
        "BACKTRACK_ONE",
        "ADVANCE",
        "CONSENSUS_PREFIX"
      ],
      "option_validation": {
        "labeled_states": 29,
        "strict_states": 4,
        "baseline_option": "RETRY_CURRENT",
        "override_options": [
          "REOBSERVE",
          "BACKTRACK_ONE",
          "ADVANCE",
          "CONSENSUS_PREFIX"
        ],
        "target_retry_states": 25,
        "target_tie_states": 25,
        "target_override_states": 4,
        "raw_false_recovery_rate": 0.24,
        "raw_recovery_rate": 0.25,
        "selective_recovery": {
          "max_false_recovery_rate": 0.05,
          "option_value_margin": 1.1093751192092896,
          "false_recovery_rate": 0.0,
          "false_recovery_states": 0,
          "true_recovery_rate": 0.0,
          "beneficial_recovery_rate": 0.0,
          "beneficial_recovery_states": 0,
          "beneficial_recovery_rate_all_states": 0.0,
          "accuracy": 0.8620689655172413,
          "mean_decision_regret": 0.4137931168079376
        }
      },
      "offline_option_rank": 92
    },
    {
      "variant_id": "w005-v03-mlp-h8-w64-d025-reobserve+backtrack+consensus",
      "checkpoint_variant": "v03-mlp-h8-w64-d025",
      "checkpoint": "/HELIOS/Robotics/UnitreeRobotic/checkpoints/robocerebra/GR00T-RC-CTR-search/R0-residual-v9-override-weight/w005/v03-mlp-h8-w64-d025",
      "weights_sha256": "cea27ec1b802b66d45be77d0ffb2ea96a470ac32cc4b58867df2b33802358358",
      "override_weight_id": "w005",
      "option_override_weight": 0.05,
      "option_mask_id": "reobserve+backtrack+consensus",
      "allowed_override_options": [
        "REOBSERVE",
        "BACKTRACK_ONE",
        "CONSENSUS_PREFIX"
      ],
      "option_validation": {
        "labeled_states": 29,
        "strict_states": 4,
        "baseline_option": "RETRY_CURRENT",
        "override_options": [
          "REOBSERVE",
          "BACKTRACK_ONE",
          "CONSENSUS_PREFIX"
        ],
        "target_retry_states": 25,
        "target_tie_states": 25,
        "target_override_states": 4,
        "raw_false_recovery_rate": 0.24,
        "raw_recovery_rate": 0.25,
        "selective_recovery": {
          "max_false_recovery_rate": 0.05,
          "option_value_margin": 1.1093751192092896,
          "false_recovery_rate": 0.0,
          "false_recovery_states": 0,
          "true_recovery_rate": 0.0,
          "beneficial_recovery_rate": 0.0,
          "beneficial_recovery_states": 0,
          "beneficial_recovery_rate_all_states": 0.0,
          "accuracy": 0.8620689655172413,
          "mean_decision_regret": 0.4137931168079376
        }
      },
      "offline_option_rank": 93
    },
    {
      "variant_id": "w005-v03-mlp-h8-w64-d025-reobserve+consensus",
      "checkpoint_variant": "v03-mlp-h8-w64-d025",
      "checkpoint": "/HELIOS/Robotics/UnitreeRobotic/checkpoints/robocerebra/GR00T-RC-CTR-search/R0-residual-v9-override-weight/w005/v03-mlp-h8-w64-d025",
      "weights_sha256": "cea27ec1b802b66d45be77d0ffb2ea96a470ac32cc4b58867df2b33802358358",
      "override_weight_id": "w005",
      "option_override_weight": 0.05,
      "option_mask_id": "reobserve+consensus",
      "allowed_override_options": [
        "REOBSERVE",
        "CONSENSUS_PREFIX"
      ],
      "option_validation": {
        "labeled_states": 29,
        "strict_states": 3,
        "baseline_option": "RETRY_CURRENT",
        "override_options": [
          "REOBSERVE",
          "CONSENSUS_PREFIX"
        ],
        "target_retry_states": 26,
        "target_tie_states": 26,
        "target_override_states": 3,
        "raw_false_recovery_rate": 0.23076923076923078,
        "raw_recovery_rate": 0.3333333333333333,
        "selective_recovery": {
          "max_false_recovery_rate": 0.05,
          "option_value_margin": 1.1093751192092896,
          "false_recovery_rate": 0.0,
          "false_recovery_states": 0,
          "true_recovery_rate": 0.0,
          "beneficial_recovery_rate": 0.0,
          "beneficial_recovery_states": 0,
          "beneficial_recovery_rate_all_states": 0.0,
          "accuracy": 0.896551724137931,
          "mean_decision_regret": 0.4137931168079376
        }
      },
      "offline_option_rank": 94
    },
    {
      "variant_id": "w005-v04-gru-h8-w64-d025-advance",
      "checkpoint_variant": "v04-gru-h8-w64-d025",
      "checkpoint": "/HELIOS/Robotics/UnitreeRobotic/checkpoints/robocerebra/GR00T-RC-CTR-search/R0-residual-v9-override-weight/w005/v04-gru-h8-w64-d025",
      "weights_sha256": "485883ed6158cb357502107ba8d544e936c3c0dec063cdedd7533877ab72c79c",
      "override_weight_id": "w005",
      "option_override_weight": 0.05,
      "option_mask_id": "advance",
      "allowed_override_options": [
        "ADVANCE"
      ],
      "option_validation": {
        "labeled_states": 29,
        "strict_states": 28,
        "baseline_option": "RETRY_CURRENT",
        "override_options": [
          "ADVANCE"
        ],
        "target_retry_states": 29,
        "target_tie_states": 1,
        "target_override_states": 0,
        "raw_false_recovery_rate": 0.034482758620689655,
        "raw_recovery_rate": 0.0,
        "selective_recovery": {
          "max_false_recovery_rate": 0.05,
          "option_value_margin": 0.2851562798023224,
          "false_recovery_rate": 0.0,
          "false_recovery_states": 0,
          "true_recovery_rate": 0.0,
          "beneficial_recovery_rate": 0.0,
          "beneficial_recovery_states": 0,
          "beneficial_recovery_rate_all_states": 0.0,
          "accuracy": 1.0,
          "mean_decision_regret": 0.4137931168079376
        }
      },
      "offline_option_rank": 95
    },
    {
      "variant_id": "w005-v04-gru-h8-w64-d025-advance+consensus",
      "checkpoint_variant": "v04-gru-h8-w64-d025",
      "checkpoint": "/HELIOS/Robotics/UnitreeRobotic/checkpoints/robocerebra/GR00T-RC-CTR-search/R0-residual-v9-override-weight/w005/v04-gru-h8-w64-d025",
      "weights_sha256": "485883ed6158cb357502107ba8d544e936c3c0dec063cdedd7533877ab72c79c",
      "override_weight_id": "w005",
      "option_override_weight": 0.05,
      "option_mask_id": "advance+consensus",
      "allowed_override_options": [
        "ADVANCE",
        "CONSENSUS_PREFIX"
      ],
      "option_validation": {
        "labeled_states": 29,
        "strict_states": 3,
        "baseline_option": "RETRY_CURRENT",
        "override_options": [
          "ADVANCE",
          "CONSENSUS_PREFIX"
        ],
        "target_retry_states": 27,
        "target_tie_states": 26,
        "target_override_states": 2,
        "raw_false_recovery_rate": 0.2222222222222222,
        "raw_recovery_rate": 0.0,
        "selective_recovery": {
          "max_false_recovery_rate": 0.05,
          "option_value_margin": 0.9453125596046448,
          "false_recovery_rate": 0.0,
          "false_recovery_states": 0,
          "true_recovery_rate": 0.0,
          "beneficial_recovery_rate": 0.0,
          "beneficial_recovery_states": 0,
          "beneficial_recovery_rate_all_states": 0.0,
          "accuracy": 0.9310344827586207,
          "mean_decision_regret": 0.4137931168079376
        }
      },
      "offline_option_rank": 96
    },
    {
      "variant_id": "w005-v04-gru-h8-w64-d025-backtrack+advance",
      "checkpoint_variant": "v04-gru-h8-w64-d025",
      "checkpoint": "/HELIOS/Robotics/UnitreeRobotic/checkpoints/robocerebra/GR00T-RC-CTR-search/R0-residual-v9-override-weight/w005/v04-gru-h8-w64-d025",
      "weights_sha256": "485883ed6158cb357502107ba8d544e936c3c0dec063cdedd7533877ab72c79c",
      "override_weight_id": "w005",
      "option_override_weight": 0.05,
      "option_mask_id": "backtrack+advance",
      "allowed_override_options": [
        "BACKTRACK_ONE",
        "ADVANCE"
      ],
      "option_validation": {
        "labeled_states": 29,
        "strict_states": 3,
        "baseline_option": "RETRY_CURRENT",
        "override_options": [
          "BACKTRACK_ONE",
          "ADVANCE"
        ],
        "target_retry_states": 28,
        "target_tie_states": 26,
        "target_override_states": 1,
        "raw_false_recovery_rate": 0.07142857142857142,
        "raw_recovery_rate": 0.0,
        "selective_recovery": {
          "max_false_recovery_rate": 0.05,
          "option_value_margin": 0.4843750298023224,
          "false_recovery_rate": 0.0,
          "false_recovery_states": 0,
          "true_recovery_rate": 0.0,
          "beneficial_recovery_rate": 0.0,
          "beneficial_recovery_states": 0,
          "beneficial_recovery_rate_all_states": 0.0,
          "accuracy": 0.9655172413793104,
          "mean_decision_regret": 0.4137931168079376
        }
      },
      "offline_option_rank": 97
    },
    {
      "variant_id": "w005-v04-gru-h8-w64-d025-backtrack+advance+consensus",
      "checkpoint_variant": "v04-gru-h8-w64-d025",
      "checkpoint": "/HELIOS/Robotics/UnitreeRobotic/checkpoints/robocerebra/GR00T-RC-CTR-search/R0-residual-v9-override-weight/w005/v04-gru-h8-w64-d025",
      "weights_sha256": "485883ed6158cb357502107ba8d544e936c3c0dec063cdedd7533877ab72c79c",
      "override_weight_id": "w005",
      "option_override_weight": 0.05,
      "option_mask_id": "backtrack+advance+consensus",
      "allowed_override_options": [
        "BACKTRACK_ONE",
        "ADVANCE",
        "CONSENSUS_PREFIX"
      ],
      "option_validation": {
        "labeled_states": 29,
        "strict_states": 3,
        "baseline_option": "RETRY_CURRENT",
        "override_options": [
          "BACKTRACK_ONE",
          "ADVANCE",
          "CONSENSUS_PREFIX"
        ],
        "target_retry_states": 26,
        "target_tie_states": 26,
        "target_override_states": 3,
        "raw_false_recovery_rate": 0.23076923076923078,
        "raw_recovery_rate": 0.0,
        "selective_recovery": {
          "max_false_recovery_rate": 0.05,
          "option_value_margin": 0.9453125596046448,
          "false_recovery_rate": 0.0,
          "false_recovery_states": 0,
          "true_recovery_rate": 0.0,
          "beneficial_recovery_rate": 0.0,
          "beneficial_recovery_states": 0,
          "beneficial_recovery_rate_all_states": 0.0,
          "accuracy": 0.896551724137931,
          "mean_decision_regret": 0.4137931168079376
        }
      },
      "offline_option_rank": 98
    },
    {
      "variant_id": "w005-v04-gru-h8-w64-d025-backtrack+consensus",
      "checkpoint_variant": "v04-gru-h8-w64-d025",
      "checkpoint": "/HELIOS/Robotics/UnitreeRobotic/checkpoints/robocerebra/GR00T-RC-CTR-search/R0-residual-v9-override-weight/w005/v04-gru-h8-w64-d025",
      "weights_sha256": "485883ed6158cb357502107ba8d544e936c3c0dec063cdedd7533877ab72c79c",
      "override_weight_id": "w005",
      "option_override_weight": 0.05,
      "option_mask_id": "backtrack+consensus",
      "allowed_override_options": [
        "BACKTRACK_ONE",
        "CONSENSUS_PREFIX"
      ],
      "option_validation": {
        "labeled_states": 29,
        "strict_states": 3,
        "baseline_option": "RETRY_CURRENT",
        "override_options": [
          "BACKTRACK_ONE",
          "CONSENSUS_PREFIX"
        ],
        "target_retry_states": 26,
        "target_tie_states": 26,
        "target_override_states": 3,
        "raw_false_recovery_rate": 0.23076923076923078,
        "raw_recovery_rate": 0.0,
        "selective_recovery": {
          "max_false_recovery_rate": 0.05,
          "option_value_margin": 0.9453125596046448,
          "false_recovery_rate": 0.0,
          "false_recovery_states": 0,
          "true_recovery_rate": 0.0,
          "beneficial_recovery_rate": 0.0,
          "beneficial_recovery_states": 0,
          "beneficial_recovery_rate_all_states": 0.0,
          "accuracy": 0.896551724137931,
          "mean_decision_regret": 0.4137931168079376
        }
      },
      "offline_option_rank": 99
    },
    {
      "variant_id": "w005-v04-gru-h8-w64-d025-consensus",
      "checkpoint_variant": "v04-gru-h8-w64-d025",
      "checkpoint": "/HELIOS/Robotics/UnitreeRobotic/checkpoints/robocerebra/GR00T-RC-CTR-search/R0-residual-v9-override-weight/w005/v04-gru-h8-w64-d025",
      "weights_sha256": "485883ed6158cb357502107ba8d544e936c3c0dec063cdedd7533877ab72c79c",
      "override_weight_id": "w005",
      "option_override_weight": 0.05,
      "option_mask_id": "consensus",
      "allowed_override_options": [
        "CONSENSUS_PREFIX"
      ],
      "option_validation": {
        "labeled_states": 29,
        "strict_states": 3,
        "baseline_option": "RETRY_CURRENT",
        "override_options": [
          "CONSENSUS_PREFIX"
        ],
        "target_retry_states": 27,
        "target_tie_states": 26,
        "target_override_states": 2,
        "raw_false_recovery_rate": 0.2222222222222222,
        "raw_recovery_rate": 0.0,
        "selective_recovery": {
          "max_false_recovery_rate": 0.05,
          "option_value_margin": 0.9453125596046448,
          "false_recovery_rate": 0.0,
          "false_recovery_states": 0,
          "true_recovery_rate": 0.0,
          "beneficial_recovery_rate": 0.0,
          "beneficial_recovery_states": 0,
          "beneficial_recovery_rate_all_states": 0.0,
          "accuracy": 0.9310344827586207,
          "mean_decision_regret": 0.4137931168079376
        }
      },
      "offline_option_rank": 100
    },
    {
      "variant_id": "w005-v04-gru-h8-w64-d025-reobserve",
      "checkpoint_variant": "v04-gru-h8-w64-d025",
      "checkpoint": "/HELIOS/Robotics/UnitreeRobotic/checkpoints/robocerebra/GR00T-RC-CTR-search/R0-residual-v9-override-weight/w005/v04-gru-h8-w64-d025",
      "weights_sha256": "485883ed6158cb357502107ba8d544e936c3c0dec063cdedd7533877ab72c79c",
      "override_weight_id": "w005",
      "option_override_weight": 0.05,
      "option_mask_id": "reobserve",
      "allowed_override_options": [
        "REOBSERVE"
      ],
      "option_validation": {
        "labeled_states": 29,
        "strict_states": 1,
        "baseline_option": "RETRY_CURRENT",
        "override_options": [
          "REOBSERVE"
        ],
        "target_retry_states": 28,
        "target_tie_states": 28,
        "target_override_states": 1,
        "raw_false_recovery_rate": 0.07142857142857142,
        "raw_recovery_rate": 0.0,
        "selective_recovery": {
          "max_false_recovery_rate": 0.05,
          "option_value_margin": 0.1582031399011612,
          "false_recovery_rate": 0.0,
          "false_recovery_states": 0,
          "true_recovery_rate": 0.0,
          "beneficial_recovery_rate": 0.0,
          "beneficial_recovery_states": 0,
          "beneficial_recovery_rate_all_states": 0.0,
          "accuracy": 0.9655172413793104,
          "mean_decision_regret": 0.4137931168079376
        }
      },
      "offline_option_rank": 101
    },
    {
      "variant_id": "w005-v04-gru-h8-w64-d025-reobserve+advance+consensus",
      "checkpoint_variant": "v04-gru-h8-w64-d025",
      "checkpoint": "/HELIOS/Robotics/UnitreeRobotic/checkpoints/robocerebra/GR00T-RC-CTR-search/R0-residual-v9-override-weight/w005/v04-gru-h8-w64-d025",
      "weights_sha256": "485883ed6158cb357502107ba8d544e936c3c0dec063cdedd7533877ab72c79c",
      "override_weight_id": "w005",
      "option_override_weight": 0.05,
      "option_mask_id": "reobserve+advance+consensus",
      "allowed_override_options": [
        "REOBSERVE",
        "ADVANCE",
        "CONSENSUS_PREFIX"
      ],
      "option_validation": {
        "labeled_states": 29,
        "strict_states": 3,
        "baseline_option": "RETRY_CURRENT",
        "override_options": [
          "REOBSERVE",
          "ADVANCE",
          "CONSENSUS_PREFIX"
        ],
        "target_retry_states": 26,
        "target_tie_states": 26,
        "target_override_states": 3,
        "raw_false_recovery_rate": 0.23076923076923078,
        "raw_recovery_rate": 0.3333333333333333,
        "selective_recovery": {
          "max_false_recovery_rate": 0.05,
          "option_value_margin": 0.9453125596046448,
          "false_recovery_rate": 0.0,
          "false_recovery_states": 0,
          "true_recovery_rate": 0.0,
          "beneficial_recovery_rate": 0.0,
          "beneficial_recovery_states": 0,
          "beneficial_recovery_rate_all_states": 0.0,
          "accuracy": 0.896551724137931,
          "mean_decision_regret": 0.4137931168079376
        }
      },
      "offline_option_rank": 102
    },
    {
      "variant_id": "w005-v04-gru-h8-w64-d025-reobserve+backtrack",
      "checkpoint_variant": "v04-gru-h8-w64-d025",
      "checkpoint": "/HELIOS/Robotics/UnitreeRobotic/checkpoints/robocerebra/GR00T-RC-CTR-search/R0-residual-v9-override-weight/w005/v04-gru-h8-w64-d025",
      "weights_sha256": "485883ed6158cb357502107ba8d544e936c3c0dec063cdedd7533877ab72c79c",
      "override_weight_id": "w005",
      "option_override_weight": 0.05,
      "option_mask_id": "reobserve+backtrack",
      "allowed_override_options": [
        "REOBSERVE",
        "BACKTRACK_ONE"
      ],
      "option_validation": {
        "labeled_states": 29,
        "strict_states": 2,
        "baseline_option": "RETRY_CURRENT",
        "override_options": [
          "REOBSERVE",
          "BACKTRACK_ONE"
        ],
        "target_retry_states": 27,
        "target_tie_states": 27,
        "target_override_states": 2,
        "raw_false_recovery_rate": 0.07407407407407407,
        "raw_recovery_rate": 0.0,
        "selective_recovery": {
          "max_false_recovery_rate": 0.05,
          "option_value_margin": 0.4843750298023224,
          "false_recovery_rate": 0.0,
          "false_recovery_states": 0,
          "true_recovery_rate": 0.0,
          "beneficial_recovery_rate": 0.0,
          "beneficial_recovery_states": 0,
          "beneficial_recovery_rate_all_states": 0.0,
          "accuracy": 0.9310344827586207,
          "mean_decision_regret": 0.4137931168079376
        }
      },
      "offline_option_rank": 103
    },
    {
      "variant_id": "w005-v04-gru-h8-w64-d025-reobserve+backtrack+advance+consensus",
      "checkpoint_variant": "v04-gru-h8-w64-d025",
      "checkpoint": "/HELIOS/Robotics/UnitreeRobotic/checkpoints/robocerebra/GR00T-RC-CTR-search/R0-residual-v9-override-weight/w005/v04-gru-h8-w64-d025",
      "weights_sha256": "485883ed6158cb357502107ba8d544e936c3c0dec063cdedd7533877ab72c79c",
      "override_weight_id": "w005",
      "option_override_weight": 0.05,
      "option_mask_id": "reobserve+backtrack+advance+consensus",
      "allowed_override_options": [
        "REOBSERVE",
        "BACKTRACK_ONE",
        "ADVANCE",
        "CONSENSUS_PREFIX"
      ],
      "option_validation": {
        "labeled_states": 29,
        "strict_states": 4,
        "baseline_option": "RETRY_CURRENT",
        "override_options": [
          "REOBSERVE",
          "BACKTRACK_ONE",
          "ADVANCE",
          "CONSENSUS_PREFIX"
        ],
        "target_retry_states": 25,
        "target_tie_states": 25,
        "target_override_states": 4,
        "raw_false_recovery_rate": 0.24,
        "raw_recovery_rate": 0.25,
        "selective_recovery": {
          "max_false_recovery_rate": 0.05,
          "option_value_margin": 0.9453125596046448,
          "false_recovery_rate": 0.0,
          "false_recovery_states": 0,
          "true_recovery_rate": 0.0,
          "beneficial_recovery_rate": 0.0,
          "beneficial_recovery_states": 0,
          "beneficial_recovery_rate_all_states": 0.0,
          "accuracy": 0.8620689655172413,
          "mean_decision_regret": 0.4137931168079376
        }
      },
      "offline_option_rank": 104
    },
    {
      "variant_id": "w005-v04-gru-h8-w64-d025-reobserve+backtrack+consensus",
      "checkpoint_variant": "v04-gru-h8-w64-d025",
      "checkpoint": "/HELIOS/Robotics/UnitreeRobotic/checkpoints/robocerebra/GR00T-RC-CTR-search/R0-residual-v9-override-weight/w005/v04-gru-h8-w64-d025",
      "weights_sha256": "485883ed6158cb357502107ba8d544e936c3c0dec063cdedd7533877ab72c79c",
      "override_weight_id": "w005",
      "option_override_weight": 0.05,
      "option_mask_id": "reobserve+backtrack+consensus",
      "allowed_override_options": [
        "REOBSERVE",
        "BACKTRACK_ONE",
        "CONSENSUS_PREFIX"
      ],
      "option_validation": {
        "labeled_states": 29,
        "strict_states": 4,
        "baseline_option": "RETRY_CURRENT",
        "override_options": [
          "REOBSERVE",
          "BACKTRACK_ONE",
          "CONSENSUS_PREFIX"
        ],
        "target_retry_states": 25,
        "target_tie_states": 25,
        "target_override_states": 4,
        "raw_false_recovery_rate": 0.24,
        "raw_recovery_rate": 0.25,
        "selective_recovery": {
          "max_false_recovery_rate": 0.05,
          "option_value_margin": 0.9453125596046448,
          "false_recovery_rate": 0.0,
          "false_recovery_states": 0,
          "true_recovery_rate": 0.0,
          "beneficial_recovery_rate": 0.0,
          "beneficial_recovery_states": 0,
          "beneficial_recovery_rate_all_states": 0.0,
          "accuracy": 0.8620689655172413,
          "mean_decision_regret": 0.4137931168079376
        }
      },
      "offline_option_rank": 105
    },
    {
      "variant_id": "w005-v04-gru-h8-w64-d025-reobserve+consensus",
      "checkpoint_variant": "v04-gru-h8-w64-d025",
      "checkpoint": "/HELIOS/Robotics/UnitreeRobotic/checkpoints/robocerebra/GR00T-RC-CTR-search/R0-residual-v9-override-weight/w005/v04-gru-h8-w64-d025",
      "weights_sha256": "485883ed6158cb357502107ba8d544e936c3c0dec063cdedd7533877ab72c79c",
      "override_weight_id": "w005",
      "option_override_weight": 0.05,
      "option_mask_id": "reobserve+consensus",
      "allowed_override_options": [
        "REOBSERVE",
        "CONSENSUS_PREFIX"
      ],
      "option_validation": {
        "labeled_states": 29,
        "strict_states": 3,
        "baseline_option": "RETRY_CURRENT",
        "override_options": [
          "REOBSERVE",
          "CONSENSUS_PREFIX"
        ],
        "target_retry_states": 26,
        "target_tie_states": 26,
        "target_override_states": 3,
        "raw_false_recovery_rate": 0.23076923076923078,
        "raw_recovery_rate": 0.3333333333333333,
        "selective_recovery": {
          "max_false_recovery_rate": 0.05,
          "option_value_margin": 0.9453125596046448,
          "false_recovery_rate": 0.0,
          "false_recovery_states": 0,
          "true_recovery_rate": 0.0,
          "beneficial_recovery_rate": 0.0,
          "beneficial_recovery_states": 0,
          "beneficial_recovery_rate_all_states": 0.0,
          "accuracy": 0.896551724137931,
          "mean_decision_regret": 0.4137931168079376
        }
      },
      "offline_option_rank": 106
    },
    {
      "variant_id": "w005-v05-transformer-h8-w64-d025-advance",
      "checkpoint_variant": "v05-transformer-h8-w64-d025",
      "checkpoint": "/HELIOS/Robotics/UnitreeRobotic/checkpoints/robocerebra/GR00T-RC-CTR-search/R0-residual-v9-override-weight/w005/v05-transformer-h8-w64-d025",
      "weights_sha256": "3cc1dfa75113be5daeeba6009324dac56f39734dab4229bcf2088e24e0cb0f63",
      "override_weight_id": "w005",
      "option_override_weight": 0.05,
      "option_mask_id": "advance",
      "allowed_override_options": [
        "ADVANCE"
      ],
      "option_validation": {
        "labeled_states": 29,
        "strict_states": 28,
        "baseline_option": "RETRY_CURRENT",
        "override_options": [
          "ADVANCE"
        ],
        "target_retry_states": 29,
        "target_tie_states": 1,
        "target_override_states": 0,
        "raw_false_recovery_rate": 0.10344827586206896,
        "raw_recovery_rate": 0.0,
        "selective_recovery": {
          "max_false_recovery_rate": 0.05,
          "option_value_margin": 0.4506836235523224,
          "false_recovery_rate": 0.0,
          "false_recovery_states": 0,
          "true_recovery_rate": 0.0,
          "beneficial_recovery_rate": 0.0,
          "beneficial_recovery_states": 0,
          "beneficial_recovery_rate_all_states": 0.0,
          "accuracy": 1.0,
          "mean_decision_regret": 0.4137931168079376
        }
      },
      "offline_option_rank": 107
    },
    {
      "variant_id": "w005-v05-transformer-h8-w64-d025-advance+consensus",
      "checkpoint_variant": "v05-transformer-h8-w64-d025",
      "checkpoint": "/HELIOS/Robotics/UnitreeRobotic/checkpoints/robocerebra/GR00T-RC-CTR-search/R0-residual-v9-override-weight/w005/v05-transformer-h8-w64-d025",
      "weights_sha256": "3cc1dfa75113be5daeeba6009324dac56f39734dab4229bcf2088e24e0cb0f63",
      "override_weight_id": "w005",
      "option_override_weight": 0.05,
      "option_mask_id": "advance+consensus",
      "allowed_override_options": [
        "ADVANCE",
        "CONSENSUS_PREFIX"
      ],
      "option_validation": {
        "labeled_states": 29,
        "strict_states": 3,
        "baseline_option": "RETRY_CURRENT",
        "override_options": [
          "ADVANCE",
          "CONSENSUS_PREFIX"
        ],
        "target_retry_states": 27,
        "target_tie_states": 26,
        "target_override_states": 2,
        "raw_false_recovery_rate": 0.18518518518518517,
        "raw_recovery_rate": 0.5,
        "selective_recovery": {
          "max_false_recovery_rate": 0.05,
          "option_value_margin": 0.9511719346046448,
          "false_recovery_rate": 0.0,
          "false_recovery_states": 0,
          "true_recovery_rate": 0.0,
          "beneficial_recovery_rate": 0.0,
          "beneficial_recovery_states": 0,
          "beneficial_recovery_rate_all_states": 0.0,
          "accuracy": 0.9310344827586207,
          "mean_decision_regret": 0.4137931168079376
        }
      },
      "offline_option_rank": 108
    },
    {
      "variant_id": "w005-v05-transformer-h8-w64-d025-backtrack+advance",
      "checkpoint_variant": "v05-transformer-h8-w64-d025",
      "checkpoint": "/HELIOS/Robotics/UnitreeRobotic/checkpoints/robocerebra/GR00T-RC-CTR-search/R0-residual-v9-override-weight/w005/v05-transformer-h8-w64-d025",
      "weights_sha256": "3cc1dfa75113be5daeeba6009324dac56f39734dab4229bcf2088e24e0cb0f63",
      "override_weight_id": "w005",
      "option_override_weight": 0.05,
      "option_mask_id": "backtrack+advance",
      "allowed_override_options": [
        "BACKTRACK_ONE",
        "ADVANCE"
      ],
      "option_validation": {
        "labeled_states": 29,
        "strict_states": 3,
        "baseline_option": "RETRY_CURRENT",
        "override_options": [
          "BACKTRACK_ONE",
          "ADVANCE"
        ],
        "target_retry_states": 28,
        "target_tie_states": 26,
        "target_override_states": 1,
        "raw_false_recovery_rate": 0.17857142857142858,
        "raw_recovery_rate": 0.0,
        "selective_recovery": {
          "max_false_recovery_rate": 0.05,
          "option_value_margin": 0.4506836235523224,
          "false_recovery_rate": 0.0,
          "false_recovery_states": 0,
          "true_recovery_rate": 0.0,
          "beneficial_recovery_rate": 0.0,
          "beneficial_recovery_states": 0,
          "beneficial_recovery_rate_all_states": 0.0,
          "accuracy": 0.9655172413793104,
          "mean_decision_regret": 0.4137931168079376
        }
      },
      "offline_option_rank": 109
    },
    {
      "variant_id": "w005-v05-transformer-h8-w64-d025-backtrack+advance+consensus",
      "checkpoint_variant": "v05-transformer-h8-w64-d025",
      "checkpoint": "/HELIOS/Robotics/UnitreeRobotic/checkpoints/robocerebra/GR00T-RC-CTR-search/R0-residual-v9-override-weight/w005/v05-transformer-h8-w64-d025",
      "weights_sha256": "3cc1dfa75113be5daeeba6009324dac56f39734dab4229bcf2088e24e0cb0f63",
      "override_weight_id": "w005",
      "option_override_weight": 0.05,
      "option_mask_id": "backtrack+advance+consensus",
      "allowed_override_options": [
        "BACKTRACK_ONE",
        "ADVANCE",
        "CONSENSUS_PREFIX"
      ],
      "option_validation": {
        "labeled_states": 29,
        "strict_states": 3,
        "baseline_option": "RETRY_CURRENT",
        "override_options": [
          "BACKTRACK_ONE",
          "ADVANCE",
          "CONSENSUS_PREFIX"
        ],
        "target_retry_states": 26,
        "target_tie_states": 26,
        "target_override_states": 3,
        "raw_false_recovery_rate": 0.2692307692307692,
        "raw_recovery_rate": 0.3333333333333333,
        "selective_recovery": {
          "max_false_recovery_rate": 0.05,
          "option_value_margin": 0.9511719346046448,
          "false_recovery_rate": 0.0,
          "false_recovery_states": 0,
          "true_recovery_rate": 0.0,
          "beneficial_recovery_rate": 0.0,
          "beneficial_recovery_states": 0,
          "beneficial_recovery_rate_all_states": 0.0,
          "accuracy": 0.896551724137931,
          "mean_decision_regret": 0.4137931168079376
        }
      },
      "offline_option_rank": 110
    },
    {
      "variant_id": "w005-v05-transformer-h8-w64-d025-backtrack+consensus",
      "checkpoint_variant": "v05-transformer-h8-w64-d025",
      "checkpoint": "/HELIOS/Robotics/UnitreeRobotic/checkpoints/robocerebra/GR00T-RC-CTR-search/R0-residual-v9-override-weight/w005/v05-transformer-h8-w64-d025",
      "weights_sha256": "3cc1dfa75113be5daeeba6009324dac56f39734dab4229bcf2088e24e0cb0f63",
      "override_weight_id": "w005",
      "option_override_weight": 0.05,
      "option_mask_id": "backtrack+consensus",
      "allowed_override_options": [
        "BACKTRACK_ONE",
        "CONSENSUS_PREFIX"
      ],
      "option_validation": {
        "labeled_states": 29,
        "strict_states": 3,
        "baseline_option": "RETRY_CURRENT",
        "override_options": [
          "BACKTRACK_ONE",
          "CONSENSUS_PREFIX"
        ],
        "target_retry_states": 26,
        "target_tie_states": 26,
        "target_override_states": 3,
        "raw_false_recovery_rate": 0.2692307692307692,
        "raw_recovery_rate": 0.3333333333333333,
        "selective_recovery": {
          "max_false_recovery_rate": 0.05,
          "option_value_margin": 0.9511719346046448,
          "false_recovery_rate": 0.0,
          "false_recovery_states": 0,
          "true_recovery_rate": 0.0,
          "beneficial_recovery_rate": 0.0,
          "beneficial_recovery_states": 0,
          "beneficial_recovery_rate_all_states": 0.0,
          "accuracy": 0.896551724137931,
          "mean_decision_regret": 0.4137931168079376
        }
      },
      "offline_option_rank": 111
    },
    {
      "variant_id": "w005-v05-transformer-h8-w64-d025-consensus",
      "checkpoint_variant": "v05-transformer-h8-w64-d025",
      "checkpoint": "/HELIOS/Robotics/UnitreeRobotic/checkpoints/robocerebra/GR00T-RC-CTR-search/R0-residual-v9-override-weight/w005/v05-transformer-h8-w64-d025",
      "weights_sha256": "3cc1dfa75113be5daeeba6009324dac56f39734dab4229bcf2088e24e0cb0f63",
      "override_weight_id": "w005",
      "option_override_weight": 0.05,
      "option_mask_id": "consensus",
      "allowed_override_options": [
        "CONSENSUS_PREFIX"
      ],
      "option_validation": {
        "labeled_states": 29,
        "strict_states": 3,
        "baseline_option": "RETRY_CURRENT",
        "override_options": [
          "CONSENSUS_PREFIX"
        ],
        "target_retry_states": 27,
        "target_tie_states": 26,
        "target_override_states": 2,
        "raw_false_recovery_rate": 0.18518518518518517,
        "raw_recovery_rate": 0.5,
        "selective_recovery": {
          "max_false_recovery_rate": 0.05,
          "option_value_margin": 0.9511719346046448,
          "false_recovery_rate": 0.0,
          "false_recovery_states": 0,
          "true_recovery_rate": 0.0,
          "beneficial_recovery_rate": 0.0,
          "beneficial_recovery_states": 0,
          "beneficial_recovery_rate_all_states": 0.0,
          "accuracy": 0.9310344827586207,
          "mean_decision_regret": 0.4137931168079376
        }
      },
      "offline_option_rank": 112
    },
    {
      "variant_id": "w005-v05-transformer-h8-w64-d025-reobserve",
      "checkpoint_variant": "v05-transformer-h8-w64-d025",
      "checkpoint": "/HELIOS/Robotics/UnitreeRobotic/checkpoints/robocerebra/GR00T-RC-CTR-search/R0-residual-v9-override-weight/w005/v05-transformer-h8-w64-d025",
      "weights_sha256": "3cc1dfa75113be5daeeba6009324dac56f39734dab4229bcf2088e24e0cb0f63",
      "override_weight_id": "w005",
      "option_override_weight": 0.05,
      "option_mask_id": "reobserve",
      "allowed_override_options": [
        "REOBSERVE"
      ],
      "option_validation": {
        "labeled_states": 29,
        "strict_states": 1,
        "baseline_option": "RETRY_CURRENT",
        "override_options": [
          "REOBSERVE"
        ],
        "target_retry_states": 28,
        "target_tie_states": 28,
        "target_override_states": 1,
        "raw_false_recovery_rate": 0.32142857142857145,
        "raw_recovery_rate": 0.0,
        "selective_recovery": {
          "max_false_recovery_rate": 0.05,
          "option_value_margin": 0.6875000596046448,
          "false_recovery_rate": 0.0,
          "false_recovery_states": 0,
          "true_recovery_rate": 0.0,
          "beneficial_recovery_rate": 0.0,
          "beneficial_recovery_states": 0,
          "beneficial_recovery_rate_all_states": 0.0,
          "accuracy": 0.9655172413793104,
          "mean_decision_regret": 0.4137931168079376
        }
      },
      "offline_option_rank": 113
    },
    {
      "variant_id": "w005-v05-transformer-h8-w64-d025-reobserve+advance",
      "checkpoint_variant": "v05-transformer-h8-w64-d025",
      "checkpoint": "/HELIOS/Robotics/UnitreeRobotic/checkpoints/robocerebra/GR00T-RC-CTR-search/R0-residual-v9-override-weight/w005/v05-transformer-h8-w64-d025",
      "weights_sha256": "3cc1dfa75113be5daeeba6009324dac56f39734dab4229bcf2088e24e0cb0f63",
      "override_weight_id": "w005",
      "option_override_weight": 0.05,
      "option_mask_id": "reobserve+advance",
      "allowed_override_options": [
        "REOBSERVE",
        "ADVANCE"
      ],
      "option_validation": {
        "labeled_states": 29,
        "strict_states": 1,
        "baseline_option": "RETRY_CURRENT",
        "override_options": [
          "REOBSERVE",
          "ADVANCE"
        ],
        "target_retry_states": 28,
        "target_tie_states": 28,
        "target_override_states": 1,
        "raw_false_recovery_rate": 0.32142857142857145,
        "raw_recovery_rate": 0.0,
        "selective_recovery": {
          "max_false_recovery_rate": 0.05,
          "option_value_margin": 0.6875000596046448,
          "false_recovery_rate": 0.0,
          "false_recovery_states": 0,
          "true_recovery_rate": 0.0,
          "beneficial_recovery_rate": 0.0,
          "beneficial_recovery_states": 0,
          "beneficial_recovery_rate_all_states": 0.0,
          "accuracy": 0.9655172413793104,
          "mean_decision_regret": 0.4137931168079376
        }
      },
      "offline_option_rank": 114
    },
    {
      "variant_id": "w005-v05-transformer-h8-w64-d025-reobserve+backtrack",
      "checkpoint_variant": "v05-transformer-h8-w64-d025",
      "checkpoint": "/HELIOS/Robotics/UnitreeRobotic/checkpoints/robocerebra/GR00T-RC-CTR-search/R0-residual-v9-override-weight/w005/v05-transformer-h8-w64-d025",
      "weights_sha256": "3cc1dfa75113be5daeeba6009324dac56f39734dab4229bcf2088e24e0cb0f63",
      "override_weight_id": "w005",
      "option_override_weight": 0.05,
      "option_mask_id": "reobserve+backtrack",
      "allowed_override_options": [
        "REOBSERVE",
        "BACKTRACK_ONE"
      ],
      "option_validation": {
        "labeled_states": 29,
        "strict_states": 2,
        "baseline_option": "RETRY_CURRENT",
        "override_options": [
          "REOBSERVE",
          "BACKTRACK_ONE"
        ],
        "target_retry_states": 27,
        "target_tie_states": 27,
        "target_override_states": 2,
        "raw_false_recovery_rate": 0.37037037037037035,
        "raw_recovery_rate": 0.0,
        "selective_recovery": {
          "max_false_recovery_rate": 0.05,
          "option_value_margin": 0.6875000596046448,
          "false_recovery_rate": 0.0,
          "false_recovery_states": 0,
          "true_recovery_rate": 0.0,
          "beneficial_recovery_rate": 0.0,
          "beneficial_recovery_states": 0,
          "beneficial_recovery_rate_all_states": 0.0,
          "accuracy": 0.9310344827586207,
          "mean_decision_regret": 0.4137931168079376
        }
      },
      "offline_option_rank": 115
    },
    {
      "variant_id": "w005-v05-transformer-h8-w64-d025-reobserve+backtrack+advance",
      "checkpoint_variant": "v05-transformer-h8-w64-d025",
      "checkpoint": "/HELIOS/Robotics/UnitreeRobotic/checkpoints/robocerebra/GR00T-RC-CTR-search/R0-residual-v9-override-weight/w005/v05-transformer-h8-w64-d025",
      "weights_sha256": "3cc1dfa75113be5daeeba6009324dac56f39734dab4229bcf2088e24e0cb0f63",
      "override_weight_id": "w005",
      "option_override_weight": 0.05,
      "option_mask_id": "reobserve+backtrack+advance",
      "allowed_override_options": [
        "REOBSERVE",
        "BACKTRACK_ONE",
        "ADVANCE"
      ],
      "option_validation": {
        "labeled_states": 29,
        "strict_states": 2,
        "baseline_option": "RETRY_CURRENT",
        "override_options": [
          "REOBSERVE",
          "BACKTRACK_ONE",
          "ADVANCE"
        ],
        "target_retry_states": 27,
        "target_tie_states": 27,
        "target_override_states": 2,
        "raw_false_recovery_rate": 0.37037037037037035,
        "raw_recovery_rate": 0.0,
        "selective_recovery": {
          "max_false_recovery_rate": 0.05,
          "option_value_margin": 0.6875000596046448,
          "false_recovery_rate": 0.0,
          "false_recovery_states": 0,
          "true_recovery_rate": 0.0,
          "beneficial_recovery_rate": 0.0,
          "beneficial_recovery_states": 0,
          "beneficial_recovery_rate_all_states": 0.0,
          "accuracy": 0.9310344827586207,
          "mean_decision_regret": 0.4137931168079376
        }
      },
      "offline_option_rank": 116
    },
    {
      "variant_id": "w010-v00-linear-h4-w32-d025-advance",
      "checkpoint_variant": "v00-linear-h4-w32-d025",
      "checkpoint": "/HELIOS/Robotics/UnitreeRobotic/checkpoints/robocerebra/GR00T-RC-CTR-search/R0-residual-v9-override-weight/w010/v00-linear-h4-w32-d025",
      "weights_sha256": "02e9c4982a85b428c05b858fc85b218f8ad2b8d075e1f0065b584a10b628aeff",
      "override_weight_id": "w010",
      "option_override_weight": 0.1,
      "option_mask_id": "advance",
      "allowed_override_options": [
        "ADVANCE"
      ],
      "option_validation": {
        "labeled_states": 29,
        "strict_states": 28,
        "baseline_option": "RETRY_CURRENT",
        "override_options": [
          "ADVANCE"
        ],
        "target_retry_states": 29,
        "target_tie_states": 1,
        "target_override_states": 0,
        "raw_false_recovery_rate": 0.0,
        "raw_recovery_rate": 0.0,
        "selective_recovery": {
          "max_false_recovery_rate": 0.05,
          "option_value_margin": 0.0,
          "false_recovery_rate": 0.0,
          "false_recovery_states": 0,
          "true_recovery_rate": 0.0,
          "beneficial_recovery_rate": 0.0,
          "beneficial_recovery_states": 0,
          "beneficial_recovery_rate_all_states": 0.0,
          "accuracy": 1.0,
          "mean_decision_regret": 0.4137931168079376
        }
      },
      "offline_option_rank": 117
    },
    {
      "variant_id": "w010-v00-linear-h4-w32-d025-advance+consensus",
      "checkpoint_variant": "v00-linear-h4-w32-d025",
      "checkpoint": "/HELIOS/Robotics/UnitreeRobotic/checkpoints/robocerebra/GR00T-RC-CTR-search/R0-residual-v9-override-weight/w010/v00-linear-h4-w32-d025",
      "weights_sha256": "02e9c4982a85b428c05b858fc85b218f8ad2b8d075e1f0065b584a10b628aeff",
      "override_weight_id": "w010",
      "option_override_weight": 0.1,
      "option_mask_id": "advance+consensus",
      "allowed_override_options": [
        "ADVANCE",
        "CONSENSUS_PREFIX"
      ],
      "option_validation": {
        "labeled_states": 29,
        "strict_states": 3,
        "baseline_option": "RETRY_CURRENT",
        "override_options": [
          "ADVANCE",
          "CONSENSUS_PREFIX"
        ],
        "target_retry_states": 27,
        "target_tie_states": 26,
        "target_override_states": 2,
        "raw_false_recovery_rate": 0.18518518518518517,
        "raw_recovery_rate": 0.0,
        "selective_recovery": {
          "max_false_recovery_rate": 0.05,
          "option_value_margin": 1.4902344942092896,
          "false_recovery_rate": 0.0,
          "false_recovery_states": 0,
          "true_recovery_rate": 0.0,
          "beneficial_recovery_rate": 0.0,
          "beneficial_recovery_states": 0,
          "beneficial_recovery_rate_all_states": 0.0,
          "accuracy": 0.9310344827586207,
          "mean_decision_regret": 0.4137931168079376
        }
      },
      "offline_option_rank": 118
    },
    {
      "variant_id": "w010-v00-linear-h4-w32-d025-backtrack+advance",
      "checkpoint_variant": "v00-linear-h4-w32-d025",
      "checkpoint": "/HELIOS/Robotics/UnitreeRobotic/checkpoints/robocerebra/GR00T-RC-CTR-search/R0-residual-v9-override-weight/w010/v00-linear-h4-w32-d025",
      "weights_sha256": "02e9c4982a85b428c05b858fc85b218f8ad2b8d075e1f0065b584a10b628aeff",
      "override_weight_id": "w010",
      "option_override_weight": 0.1,
      "option_mask_id": "backtrack+advance",
      "allowed_override_options": [
        "BACKTRACK_ONE",
        "ADVANCE"
      ],
      "option_validation": {
        "labeled_states": 29,
        "strict_states": 3,
        "baseline_option": "RETRY_CURRENT",
        "override_options": [
          "BACKTRACK_ONE",
          "ADVANCE"
        ],
        "target_retry_states": 28,
        "target_tie_states": 26,
        "target_override_states": 1,
        "raw_false_recovery_rate": 0.10714285714285714,
        "raw_recovery_rate": 0.0,
        "selective_recovery": {
          "max_false_recovery_rate": 0.05,
          "option_value_margin": 0.3457031548023224,
          "false_recovery_rate": 0.0,
          "false_recovery_states": 0,
          "true_recovery_rate": 0.0,
          "beneficial_recovery_rate": 0.0,
          "beneficial_recovery_states": 0,
          "beneficial_recovery_rate_all_states": 0.0,
          "accuracy": 0.9655172413793104,
          "mean_decision_regret": 0.4137931168079376
        }
      },
      "offline_option_rank": 119
    },
    {
      "variant_id": "w010-v00-linear-h4-w32-d025-backtrack+advance+consensus",
      "checkpoint_variant": "v00-linear-h4-w32-d025",
      "checkpoint": "/HELIOS/Robotics/UnitreeRobotic/checkpoints/robocerebra/GR00T-RC-CTR-search/R0-residual-v9-override-weight/w010/v00-linear-h4-w32-d025",
      "weights_sha256": "02e9c4982a85b428c05b858fc85b218f8ad2b8d075e1f0065b584a10b628aeff",
      "override_weight_id": "w010",
      "option_override_weight": 0.1,
      "option_mask_id": "backtrack+advance+consensus",
      "allowed_override_options": [
        "BACKTRACK_ONE",
        "ADVANCE",
        "CONSENSUS_PREFIX"
      ],
      "option_validation": {
        "labeled_states": 29,
        "strict_states": 3,
        "baseline_option": "RETRY_CURRENT",
        "override_options": [
          "BACKTRACK_ONE",
          "ADVANCE",
          "CONSENSUS_PREFIX"
        ],
        "target_retry_states": 26,
        "target_tie_states": 26,
        "target_override_states": 3,
        "raw_false_recovery_rate": 0.19230769230769232,
        "raw_recovery_rate": 0.0,
        "selective_recovery": {
          "max_false_recovery_rate": 0.05,
          "option_value_margin": 1.4902344942092896,
          "false_recovery_rate": 0.0,
          "false_recovery_states": 0,
          "true_recovery_rate": 0.0,
          "beneficial_recovery_rate": 0.0,
          "beneficial_recovery_states": 0,
          "beneficial_recovery_rate_all_states": 0.0,
          "accuracy": 0.896551724137931,
          "mean_decision_regret": 0.4137931168079376
        }
      },
      "offline_option_rank": 120
    },
    {
      "variant_id": "w010-v00-linear-h4-w32-d025-backtrack+consensus",
      "checkpoint_variant": "v00-linear-h4-w32-d025",
      "checkpoint": "/HELIOS/Robotics/UnitreeRobotic/checkpoints/robocerebra/GR00T-RC-CTR-search/R0-residual-v9-override-weight/w010/v00-linear-h4-w32-d025",
      "weights_sha256": "02e9c4982a85b428c05b858fc85b218f8ad2b8d075e1f0065b584a10b628aeff",
      "override_weight_id": "w010",
      "option_override_weight": 0.1,
      "option_mask_id": "backtrack+consensus",
      "allowed_override_options": [
        "BACKTRACK_ONE",
        "CONSENSUS_PREFIX"
      ],
      "option_validation": {
        "labeled_states": 29,
        "strict_states": 3,
        "baseline_option": "RETRY_CURRENT",
        "override_options": [
          "BACKTRACK_ONE",
          "CONSENSUS_PREFIX"
        ],
        "target_retry_states": 26,
        "target_tie_states": 26,
        "target_override_states": 3,
        "raw_false_recovery_rate": 0.19230769230769232,
        "raw_recovery_rate": 0.0,
        "selective_recovery": {
          "max_false_recovery_rate": 0.05,
          "option_value_margin": 1.4902344942092896,
          "false_recovery_rate": 0.0,
          "false_recovery_states": 0,
          "true_recovery_rate": 0.0,
          "beneficial_recovery_rate": 0.0,
          "beneficial_recovery_states": 0,
          "beneficial_recovery_rate_all_states": 0.0,
          "accuracy": 0.896551724137931,
          "mean_decision_regret": 0.4137931168079376
        }
      },
      "offline_option_rank": 121
    },
    {
      "variant_id": "w010-v00-linear-h4-w32-d025-consensus",
      "checkpoint_variant": "v00-linear-h4-w32-d025",
      "checkpoint": "/HELIOS/Robotics/UnitreeRobotic/checkpoints/robocerebra/GR00T-RC-CTR-search/R0-residual-v9-override-weight/w010/v00-linear-h4-w32-d025",
      "weights_sha256": "02e9c4982a85b428c05b858fc85b218f8ad2b8d075e1f0065b584a10b628aeff",
      "override_weight_id": "w010",
      "option_override_weight": 0.1,
      "option_mask_id": "consensus",
      "allowed_override_options": [
        "CONSENSUS_PREFIX"
      ],
      "option_validation": {
        "labeled_states": 29,
        "strict_states": 3,
        "baseline_option": "RETRY_CURRENT",
        "override_options": [
          "CONSENSUS_PREFIX"
        ],
        "target_retry_states": 27,
        "target_tie_states": 26,
        "target_override_states": 2,
        "raw_false_recovery_rate": 0.18518518518518517,
        "raw_recovery_rate": 0.0,
        "selective_recovery": {
          "max_false_recovery_rate": 0.05,
          "option_value_margin": 1.4902344942092896,
          "false_recovery_rate": 0.0,
          "false_recovery_states": 0,
          "true_recovery_rate": 0.0,
          "beneficial_recovery_rate": 0.0,
          "beneficial_recovery_states": 0,
          "beneficial_recovery_rate_all_states": 0.0,
          "accuracy": 0.9310344827586207,
          "mean_decision_regret": 0.4137931168079376
        }
      },
      "offline_option_rank": 122
    },
    {
      "variant_id": "w010-v00-linear-h4-w32-d025-reobserve",
      "checkpoint_variant": "v00-linear-h4-w32-d025",
      "checkpoint": "/HELIOS/Robotics/UnitreeRobotic/checkpoints/robocerebra/GR00T-RC-CTR-search/R0-residual-v9-override-weight/w010/v00-linear-h4-w32-d025",
      "weights_sha256": "02e9c4982a85b428c05b858fc85b218f8ad2b8d075e1f0065b584a10b628aeff",
      "override_weight_id": "w010",
      "option_override_weight": 0.1,
      "option_mask_id": "reobserve",
      "allowed_override_options": [
        "REOBSERVE"
      ],
      "option_validation": {
        "labeled_states": 29,
        "strict_states": 1,
        "baseline_option": "RETRY_CURRENT",
        "override_options": [
          "REOBSERVE"
        ],
        "target_retry_states": 28,
        "target_tie_states": 28,
        "target_override_states": 1,
        "raw_false_recovery_rate": 0.03571428571428571,
        "raw_recovery_rate": 0.0,
        "selective_recovery": {
          "max_false_recovery_rate": 0.05,
          "option_value_margin": 0.02355957217514515,
          "false_recovery_rate": 0.0,
          "false_recovery_states": 0,
          "true_recovery_rate": 0.0,
          "beneficial_recovery_rate": 0.0,
          "beneficial_recovery_states": 0,
          "beneficial_recovery_rate_all_states": 0.0,
          "accuracy": 0.9655172413793104,
          "mean_decision_regret": 0.4137931168079376
        }
      },
      "offline_option_rank": 123
    },
    {
      "variant_id": "w010-v00-linear-h4-w32-d025-reobserve+advance",
      "checkpoint_variant": "v00-linear-h4-w32-d025",
      "checkpoint": "/HELIOS/Robotics/UnitreeRobotic/checkpoints/robocerebra/GR00T-RC-CTR-search/R0-residual-v9-override-weight/w010/v00-linear-h4-w32-d025",
      "weights_sha256": "02e9c4982a85b428c05b858fc85b218f8ad2b8d075e1f0065b584a10b628aeff",
      "override_weight_id": "w010",
      "option_override_weight": 0.1,
      "option_mask_id": "reobserve+advance",
      "allowed_override_options": [
        "REOBSERVE",
        "ADVANCE"
      ],
      "option_validation": {
        "labeled_states": 29,
        "strict_states": 1,
        "baseline_option": "RETRY_CURRENT",
        "override_options": [
          "REOBSERVE",
          "ADVANCE"
        ],
        "target_retry_states": 28,
        "target_tie_states": 28,
        "target_override_states": 1,
        "raw_false_recovery_rate": 0.03571428571428571,
        "raw_recovery_rate": 0.0,
        "selective_recovery": {
          "max_false_recovery_rate": 0.05,
          "option_value_margin": 0.02355957217514515,
          "false_recovery_rate": 0.0,
          "false_recovery_states": 0,
          "true_recovery_rate": 0.0,
          "beneficial_recovery_rate": 0.0,
          "beneficial_recovery_states": 0,
          "beneficial_recovery_rate_all_states": 0.0,
          "accuracy": 0.9655172413793104,
          "mean_decision_regret": 0.4137931168079376
        }
      },
      "offline_option_rank": 124
    },
    {
      "variant_id": "w010-v00-linear-h4-w32-d025-reobserve+advance+consensus",
      "checkpoint_variant": "v00-linear-h4-w32-d025",
      "checkpoint": "/HELIOS/Robotics/UnitreeRobotic/checkpoints/robocerebra/GR00T-RC-CTR-search/R0-residual-v9-override-weight/w010/v00-linear-h4-w32-d025",
      "weights_sha256": "02e9c4982a85b428c05b858fc85b218f8ad2b8d075e1f0065b584a10b628aeff",
      "override_weight_id": "w010",
      "option_override_weight": 0.1,
      "option_mask_id": "reobserve+advance+consensus",
      "allowed_override_options": [
        "REOBSERVE",
        "ADVANCE",
        "CONSENSUS_PREFIX"
      ],
      "option_validation": {
        "labeled_states": 29,
        "strict_states": 3,
        "baseline_option": "RETRY_CURRENT",
        "override_options": [
          "REOBSERVE",
          "ADVANCE",
          "CONSENSUS_PREFIX"
        ],
        "target_retry_states": 26,
        "target_tie_states": 26,
        "target_override_states": 3,
        "raw_false_recovery_rate": 0.23076923076923078,
        "raw_recovery_rate": 0.0,
        "selective_recovery": {
          "max_false_recovery_rate": 0.05,
          "option_value_margin": 1.4902344942092896,
          "false_recovery_rate": 0.0,
          "false_recovery_states": 0,
          "true_recovery_rate": 0.0,
          "beneficial_recovery_rate": 0.0,
          "beneficial_recovery_states": 0,
          "beneficial_recovery_rate_all_states": 0.0,
          "accuracy": 0.896551724137931,
          "mean_decision_regret": 0.4137931168079376
        }
      },
      "offline_option_rank": 125
    },
    {
      "variant_id": "w010-v00-linear-h4-w32-d025-reobserve+backtrack",
      "checkpoint_variant": "v00-linear-h4-w32-d025",
      "checkpoint": "/HELIOS/Robotics/UnitreeRobotic/checkpoints/robocerebra/GR00T-RC-CTR-search/R0-residual-v9-override-weight/w010/v00-linear-h4-w32-d025",
      "weights_sha256": "02e9c4982a85b428c05b858fc85b218f8ad2b8d075e1f0065b584a10b628aeff",
      "override_weight_id": "w010",
      "option_override_weight": 0.1,
      "option_mask_id": "reobserve+backtrack",
      "allowed_override_options": [
        "REOBSERVE",
        "BACKTRACK_ONE"
      ],
      "option_validation": {
        "labeled_states": 29,
        "strict_states": 2,
        "baseline_option": "RETRY_CURRENT",
        "override_options": [
          "REOBSERVE",
          "BACKTRACK_ONE"
        ],
        "target_retry_states": 27,
        "target_tie_states": 27,
        "target_override_states": 2,
        "raw_false_recovery_rate": 0.1111111111111111,
        "raw_recovery_rate": 0.5,
        "selective_recovery": {
          "max_false_recovery_rate": 0.05,
          "option_value_margin": 0.3457031548023224,
          "false_recovery_rate": 0.0,
          "false_recovery_states": 0,
          "true_recovery_rate": 0.0,
          "beneficial_recovery_rate": 0.0,
          "beneficial_recovery_states": 0,
          "beneficial_recovery_rate_all_states": 0.0,
          "accuracy": 0.9310344827586207,
          "mean_decision_regret": 0.4137931168079376
        }
      },
      "offline_option_rank": 126
    },
    {
      "variant_id": "w010-v00-linear-h4-w32-d025-reobserve+backtrack+advance",
      "checkpoint_variant": "v00-linear-h4-w32-d025",
      "checkpoint": "/HELIOS/Robotics/UnitreeRobotic/checkpoints/robocerebra/GR00T-RC-CTR-search/R0-residual-v9-override-weight/w010/v00-linear-h4-w32-d025",
      "weights_sha256": "02e9c4982a85b428c05b858fc85b218f8ad2b8d075e1f0065b584a10b628aeff",
      "override_weight_id": "w010",
      "option_override_weight": 0.1,
      "option_mask_id": "reobserve+backtrack+advance",
      "allowed_override_options": [
        "REOBSERVE",
        "BACKTRACK_ONE",
        "ADVANCE"
      ],
      "option_validation": {
        "labeled_states": 29,
        "strict_states": 2,
        "baseline_option": "RETRY_CURRENT",
        "override_options": [
          "REOBSERVE",
          "BACKTRACK_ONE",
          "ADVANCE"
        ],
        "target_retry_states": 27,
        "target_tie_states": 27,
        "target_override_states": 2,
        "raw_false_recovery_rate": 0.1111111111111111,
        "raw_recovery_rate": 0.5,
        "selective_recovery": {
          "max_false_recovery_rate": 0.05,
          "option_value_margin": 0.3457031548023224,
          "false_recovery_rate": 0.0,
          "false_recovery_states": 0,
          "true_recovery_rate": 0.0,
          "beneficial_recovery_rate": 0.0,
          "beneficial_recovery_states": 0,
          "beneficial_recovery_rate_all_states": 0.0,
          "accuracy": 0.9310344827586207,
          "mean_decision_regret": 0.4137931168079376
        }
      },
      "offline_option_rank": 127
    },
    {
      "variant_id": "w010-v00-linear-h4-w32-d025-reobserve+backtrack+advance+consensus",
      "checkpoint_variant": "v00-linear-h4-w32-d025",
      "checkpoint": "/HELIOS/Robotics/UnitreeRobotic/checkpoints/robocerebra/GR00T-RC-CTR-search/R0-residual-v9-override-weight/w010/v00-linear-h4-w32-d025",
      "weights_sha256": "02e9c4982a85b428c05b858fc85b218f8ad2b8d075e1f0065b584a10b628aeff",
      "override_weight_id": "w010",
      "option_override_weight": 0.1,
      "option_mask_id": "reobserve+backtrack+advance+consensus",
      "allowed_override_options": [
        "REOBSERVE",
        "BACKTRACK_ONE",
        "ADVANCE",
        "CONSENSUS_PREFIX"
      ],
      "option_validation": {
        "labeled_states": 29,
        "strict_states": 4,
        "baseline_option": "RETRY_CURRENT",
        "override_options": [
          "REOBSERVE",
          "BACKTRACK_ONE",
          "ADVANCE",
          "CONSENSUS_PREFIX"
        ],
        "target_retry_states": 25,
        "target_tie_states": 25,
        "target_override_states": 4,
        "raw_false_recovery_rate": 0.2,
        "raw_recovery_rate": 0.25,
        "selective_recovery": {
          "max_false_recovery_rate": 0.05,
          "option_value_margin": 1.4902344942092896,
          "false_recovery_rate": 0.0,
          "false_recovery_states": 0,
          "true_recovery_rate": 0.0,
          "beneficial_recovery_rate": 0.0,
          "beneficial_recovery_states": 0,
          "beneficial_recovery_rate_all_states": 0.0,
          "accuracy": 0.8620689655172413,
          "mean_decision_regret": 0.4137931168079376
        }
      },
      "offline_option_rank": 128
    },
    {
      "variant_id": "w010-v00-linear-h4-w32-d025-reobserve+backtrack+consensus",
      "checkpoint_variant": "v00-linear-h4-w32-d025",
      "checkpoint": "/HELIOS/Robotics/UnitreeRobotic/checkpoints/robocerebra/GR00T-RC-CTR-search/R0-residual-v9-override-weight/w010/v00-linear-h4-w32-d025",
      "weights_sha256": "02e9c4982a85b428c05b858fc85b218f8ad2b8d075e1f0065b584a10b628aeff",
      "override_weight_id": "w010",
      "option_override_weight": 0.1,
      "option_mask_id": "reobserve+backtrack+consensus",
      "allowed_override_options": [
        "REOBSERVE",
        "BACKTRACK_ONE",
        "CONSENSUS_PREFIX"
      ],
      "option_validation": {
        "labeled_states": 29,
        "strict_states": 4,
        "baseline_option": "RETRY_CURRENT",
        "override_options": [
          "REOBSERVE",
          "BACKTRACK_ONE",
          "CONSENSUS_PREFIX"
        ],
        "target_retry_states": 25,
        "target_tie_states": 25,
        "target_override_states": 4,
        "raw_false_recovery_rate": 0.2,
        "raw_recovery_rate": 0.25,
        "selective_recovery": {
          "max_false_recovery_rate": 0.05,
          "option_value_margin": 1.4902344942092896,
          "false_recovery_rate": 0.0,
          "false_recovery_states": 0,
          "true_recovery_rate": 0.0,
          "beneficial_recovery_rate": 0.0,
          "beneficial_recovery_states": 0,
          "beneficial_recovery_rate_all_states": 0.0,
          "accuracy": 0.8620689655172413,
          "mean_decision_regret": 0.4137931168079376
        }
      },
      "offline_option_rank": 129
    },
    {
      "variant_id": "w010-v00-linear-h4-w32-d025-reobserve+consensus",
      "checkpoint_variant": "v00-linear-h4-w32-d025",
      "checkpoint": "/HELIOS/Robotics/UnitreeRobotic/checkpoints/robocerebra/GR00T-RC-CTR-search/R0-residual-v9-override-weight/w010/v00-linear-h4-w32-d025",
      "weights_sha256": "02e9c4982a85b428c05b858fc85b218f8ad2b8d075e1f0065b584a10b628aeff",
      "override_weight_id": "w010",
      "option_override_weight": 0.1,
      "option_mask_id": "reobserve+consensus",
      "allowed_override_options": [
        "REOBSERVE",
        "CONSENSUS_PREFIX"
      ],
      "option_validation": {
        "labeled_states": 29,
        "strict_states": 3,
        "baseline_option": "RETRY_CURRENT",
        "override_options": [
          "REOBSERVE",
          "CONSENSUS_PREFIX"
        ],
        "target_retry_states": 26,
        "target_tie_states": 26,
        "target_override_states": 3,
        "raw_false_recovery_rate": 0.23076923076923078,
        "raw_recovery_rate": 0.0,
        "selective_recovery": {
          "max_false_recovery_rate": 0.05,
          "option_value_margin": 1.4902344942092896,
          "false_recovery_rate": 0.0,
          "false_recovery_states": 0,
          "true_recovery_rate": 0.0,
          "beneficial_recovery_rate": 0.0,
          "beneficial_recovery_states": 0,
          "beneficial_recovery_rate_all_states": 0.0,
          "accuracy": 0.896551724137931,
          "mean_decision_regret": 0.4137931168079376
        }
      },
      "offline_option_rank": 130
    },
    {
      "variant_id": "w010-v01-linear-h8-w64-d025-advance",
      "checkpoint_variant": "v01-linear-h8-w64-d025",
      "checkpoint": "/HELIOS/Robotics/UnitreeRobotic/checkpoints/robocerebra/GR00T-RC-CTR-search/R0-residual-v9-override-weight/w010/v01-linear-h8-w64-d025",
      "weights_sha256": "ddbbff1c5a0f837f099f4e9c2b34dba24020e6178347cec42fe44ea880df6db5",
      "override_weight_id": "w010",
      "option_override_weight": 0.1,
      "option_mask_id": "advance",
      "allowed_override_options": [
        "ADVANCE"
      ],
      "option_validation": {
        "labeled_states": 29,
        "strict_states": 28,
        "baseline_option": "RETRY_CURRENT",
        "override_options": [
          "ADVANCE"
        ],
        "target_retry_states": 29,
        "target_tie_states": 1,
        "target_override_states": 0,
        "raw_false_recovery_rate": 0.0,
        "raw_recovery_rate": 0.0,
        "selective_recovery": {
          "max_false_recovery_rate": 0.05,
          "option_value_margin": 0.0,
          "false_recovery_rate": 0.0,
          "false_recovery_states": 0,
          "true_recovery_rate": 0.0,
          "beneficial_recovery_rate": 0.0,
          "beneficial_recovery_states": 0,
          "beneficial_recovery_rate_all_states": 0.0,
          "accuracy": 1.0,
          "mean_decision_regret": 0.4137931168079376
        }
      },
      "offline_option_rank": 131
    },
    {
      "variant_id": "w010-v01-linear-h8-w64-d025-advance+consensus",
      "checkpoint_variant": "v01-linear-h8-w64-d025",
      "checkpoint": "/HELIOS/Robotics/UnitreeRobotic/checkpoints/robocerebra/GR00T-RC-CTR-search/R0-residual-v9-override-weight/w010/v01-linear-h8-w64-d025",
      "weights_sha256": "ddbbff1c5a0f837f099f4e9c2b34dba24020e6178347cec42fe44ea880df6db5",
      "override_weight_id": "w010",
      "option_override_weight": 0.1,
      "option_mask_id": "advance+consensus",
      "allowed_override_options": [
        "ADVANCE",
        "CONSENSUS_PREFIX"
      ],
      "option_validation": {
        "labeled_states": 29,
        "strict_states": 3,
        "baseline_option": "RETRY_CURRENT",
        "override_options": [
          "ADVANCE",
          "CONSENSUS_PREFIX"
        ],
        "target_retry_states": 27,
        "target_tie_states": 26,
        "target_override_states": 2,
        "raw_false_recovery_rate": 0.07407407407407407,
        "raw_recovery_rate": 0.0,
        "selective_recovery": {
          "max_false_recovery_rate": 0.05,
          "option_value_margin": 0.6953125596046448,
          "false_recovery_rate": 0.0,
          "false_recovery_states": 0,
          "true_recovery_rate": 0.0,
          "beneficial_recovery_rate": 0.0,
          "beneficial_recovery_states": 0,
          "beneficial_recovery_rate_all_states": 0.0,
          "accuracy": 0.9310344827586207,
          "mean_decision_regret": 0.4137931168079376
        }
      },
      "offline_option_rank": 132
    },
    {
      "variant_id": "w010-v01-linear-h8-w64-d025-backtrack+advance",
      "checkpoint_variant": "v01-linear-h8-w64-d025",
      "checkpoint": "/HELIOS/Robotics/UnitreeRobotic/checkpoints/robocerebra/GR00T-RC-CTR-search/R0-residual-v9-override-weight/w010/v01-linear-h8-w64-d025",
      "weights_sha256": "ddbbff1c5a0f837f099f4e9c2b34dba24020e6178347cec42fe44ea880df6db5",
      "override_weight_id": "w010",
      "option_override_weight": 0.1,
      "option_mask_id": "backtrack+advance",
      "allowed_override_options": [
        "BACKTRACK_ONE",
        "ADVANCE"
      ],
      "option_validation": {
        "labeled_states": 29,
        "strict_states": 3,
        "baseline_option": "RETRY_CURRENT",
        "override_options": [
          "BACKTRACK_ONE",
          "ADVANCE"
        ],
        "target_retry_states": 28,
        "target_tie_states": 26,
        "target_override_states": 1,
        "raw_false_recovery_rate": 0.03571428571428571,
        "raw_recovery_rate": 0.0,
        "selective_recovery": {
          "max_false_recovery_rate": 0.05,
          "option_value_margin": 1.5136719942092896,
          "false_recovery_rate": 0.0,
          "false_recovery_states": 0,
          "true_recovery_rate": 0.0,
          "beneficial_recovery_rate": 0.0,
          "beneficial_recovery_states": 0,
          "beneficial_recovery_rate_all_states": 0.0,
          "accuracy": 0.9655172413793104,
          "mean_decision_regret": 0.4137931168079376
        }
      },
      "offline_option_rank": 133
    },
    {
      "variant_id": "w010-v01-linear-h8-w64-d025-backtrack+advance+consensus",
      "checkpoint_variant": "v01-linear-h8-w64-d025",
      "checkpoint": "/HELIOS/Robotics/UnitreeRobotic/checkpoints/robocerebra/GR00T-RC-CTR-search/R0-residual-v9-override-weight/w010/v01-linear-h8-w64-d025",
      "weights_sha256": "ddbbff1c5a0f837f099f4e9c2b34dba24020e6178347cec42fe44ea880df6db5",
      "override_weight_id": "w010",
      "option_override_weight": 0.1,
      "option_mask_id": "backtrack+advance+consensus",
      "allowed_override_options": [
        "BACKTRACK_ONE",
        "ADVANCE",
        "CONSENSUS_PREFIX"
      ],
      "option_validation": {
        "labeled_states": 29,
        "strict_states": 3,
        "baseline_option": "RETRY_CURRENT",
        "override_options": [
          "BACKTRACK_ONE",
          "ADVANCE",
          "CONSENSUS_PREFIX"
        ],
        "target_retry_states": 26,
        "target_tie_states": 26,
        "target_override_states": 3,
        "raw_false_recovery_rate": 0.11538461538461539,
        "raw_recovery_rate": 0.0,
        "selective_recovery": {
          "max_false_recovery_rate": 0.05,
          "option_value_margin": 1.5136719942092896,
          "false_recovery_rate": 0.0,
          "false_recovery_states": 0,
          "true_recovery_rate": 0.0,
          "beneficial_recovery_rate": 0.0,
          "beneficial_recovery_states": 0,
          "beneficial_recovery_rate_all_states": 0.0,
          "accuracy": 0.896551724137931,
          "mean_decision_regret": 0.4137931168079376
        }
      },
      "offline_option_rank": 134
    },
    {
      "variant_id": "w010-v01-linear-h8-w64-d025-backtrack+consensus",
      "checkpoint_variant": "v01-linear-h8-w64-d025",
      "checkpoint": "/HELIOS/Robotics/UnitreeRobotic/checkpoints/robocerebra/GR00T-RC-CTR-search/R0-residual-v9-override-weight/w010/v01-linear-h8-w64-d025",
      "weights_sha256": "ddbbff1c5a0f837f099f4e9c2b34dba24020e6178347cec42fe44ea880df6db5",
      "override_weight_id": "w010",
      "option_override_weight": 0.1,
      "option_mask_id": "backtrack+consensus",
      "allowed_override_options": [
        "BACKTRACK_ONE",
        "CONSENSUS_PREFIX"
      ],
      "option_validation": {
        "labeled_states": 29,
        "strict_states": 3,
        "baseline_option": "RETRY_CURRENT",
        "override_options": [
          "BACKTRACK_ONE",
          "CONSENSUS_PREFIX"
        ],
        "target_retry_states": 26,
        "target_tie_states": 26,
        "target_override_states": 3,
        "raw_false_recovery_rate": 0.11538461538461539,
        "raw_recovery_rate": 0.0,
        "selective_recovery": {
          "max_false_recovery_rate": 0.05,
          "option_value_margin": 1.5136719942092896,
          "false_recovery_rate": 0.0,
          "false_recovery_states": 0,
          "true_recovery_rate": 0.0,
          "beneficial_recovery_rate": 0.0,
          "beneficial_recovery_states": 0,
          "beneficial_recovery_rate_all_states": 0.0,
          "accuracy": 0.896551724137931,
          "mean_decision_regret": 0.4137931168079376
        }
      },
      "offline_option_rank": 135
    },
    {
      "variant_id": "w010-v01-linear-h8-w64-d025-consensus",
      "checkpoint_variant": "v01-linear-h8-w64-d025",
      "checkpoint": "/HELIOS/Robotics/UnitreeRobotic/checkpoints/robocerebra/GR00T-RC-CTR-search/R0-residual-v9-override-weight/w010/v01-linear-h8-w64-d025",
      "weights_sha256": "ddbbff1c5a0f837f099f4e9c2b34dba24020e6178347cec42fe44ea880df6db5",
      "override_weight_id": "w010",
      "option_override_weight": 0.1,
      "option_mask_id": "consensus",
      "allowed_override_options": [
        "CONSENSUS_PREFIX"
      ],
      "option_validation": {
        "labeled_states": 29,
        "strict_states": 3,
        "baseline_option": "RETRY_CURRENT",
        "override_options": [
          "CONSENSUS_PREFIX"
        ],
        "target_retry_states": 27,
        "target_tie_states": 26,
        "target_override_states": 2,
        "raw_false_recovery_rate": 0.07407407407407407,
        "raw_recovery_rate": 0.0,
        "selective_recovery": {
          "max_false_recovery_rate": 0.05,
          "option_value_margin": 0.6953125596046448,
          "false_recovery_rate": 0.0,
          "false_recovery_states": 0,
          "true_recovery_rate": 0.0,
          "beneficial_recovery_rate": 0.0,
          "beneficial_recovery_states": 0,
          "beneficial_recovery_rate_all_states": 0.0,
          "accuracy": 0.9310344827586207,
          "mean_decision_regret": 0.4137931168079376
        }
      },
      "offline_option_rank": 136
    },
    {
      "variant_id": "w010-v01-linear-h8-w64-d025-reobserve",
      "checkpoint_variant": "v01-linear-h8-w64-d025",
      "checkpoint": "/HELIOS/Robotics/UnitreeRobotic/checkpoints/robocerebra/GR00T-RC-CTR-search/R0-residual-v9-override-weight/w010/v01-linear-h8-w64-d025",
      "weights_sha256": "ddbbff1c5a0f837f099f4e9c2b34dba24020e6178347cec42fe44ea880df6db5",
      "override_weight_id": "w010",
      "option_override_weight": 0.1,
      "option_mask_id": "reobserve",
      "allowed_override_options": [
        "REOBSERVE"
      ],
      "option_validation": {
        "labeled_states": 29,
        "strict_states": 1,
        "baseline_option": "RETRY_CURRENT",
        "override_options": [
          "REOBSERVE"
        ],
        "target_retry_states": 28,
        "target_tie_states": 28,
        "target_override_states": 1,
        "raw_false_recovery_rate": 0.10714285714285714,
        "raw_recovery_rate": 0.0,
        "selective_recovery": {
          "max_false_recovery_rate": 0.05,
          "option_value_margin": 1.7246094942092896,
          "false_recovery_rate": 0.0,
          "false_recovery_states": 0,
          "true_recovery_rate": 0.0,
          "beneficial_recovery_rate": 0.0,
          "beneficial_recovery_states": 0,
          "beneficial_recovery_rate_all_states": 0.0,
          "accuracy": 0.9655172413793104,
          "mean_decision_regret": 0.4137931168079376
        }
      },
      "offline_option_rank": 137
    },
    {
      "variant_id": "w010-v01-linear-h8-w64-d025-reobserve+advance",
      "checkpoint_variant": "v01-linear-h8-w64-d025",
      "checkpoint": "/HELIOS/Robotics/UnitreeRobotic/checkpoints/robocerebra/GR00T-RC-CTR-search/R0-residual-v9-override-weight/w010/v01-linear-h8-w64-d025",
      "weights_sha256": "ddbbff1c5a0f837f099f4e9c2b34dba24020e6178347cec42fe44ea880df6db5",
      "override_weight_id": "w010",
      "option_override_weight": 0.1,
      "option_mask_id": "reobserve+advance",
      "allowed_override_options": [
        "REOBSERVE",
        "ADVANCE"
      ],
      "option_validation": {
        "labeled_states": 29,
        "strict_states": 1,
        "baseline_option": "RETRY_CURRENT",
        "override_options": [
          "REOBSERVE",
          "ADVANCE"
        ],
        "target_retry_states": 28,
        "target_tie_states": 28,
        "target_override_states": 1,
        "raw_false_recovery_rate": 0.10714285714285714,
        "raw_recovery_rate": 0.0,
        "selective_recovery": {
          "max_false_recovery_rate": 0.05,
          "option_value_margin": 1.7246094942092896,
          "false_recovery_rate": 0.0,
          "false_recovery_states": 0,
          "true_recovery_rate": 0.0,
          "beneficial_recovery_rate": 0.0,
          "beneficial_recovery_states": 0,
          "beneficial_recovery_rate_all_states": 0.0,
          "accuracy": 0.9655172413793104,
          "mean_decision_regret": 0.4137931168079376
        }
      },
      "offline_option_rank": 138
    },
    {
      "variant_id": "w010-v01-linear-h8-w64-d025-reobserve+advance+consensus",
      "checkpoint_variant": "v01-linear-h8-w64-d025",
      "checkpoint": "/HELIOS/Robotics/UnitreeRobotic/checkpoints/robocerebra/GR00T-RC-CTR-search/R0-residual-v9-override-weight/w010/v01-linear-h8-w64-d025",
      "weights_sha256": "ddbbff1c5a0f837f099f4e9c2b34dba24020e6178347cec42fe44ea880df6db5",
      "override_weight_id": "w010",
      "option_override_weight": 0.1,
      "option_mask_id": "reobserve+advance+consensus",
      "allowed_override_options": [
        "REOBSERVE",
        "ADVANCE",
        "CONSENSUS_PREFIX"
      ],
      "option_validation": {
        "labeled_states": 29,
        "strict_states": 3,
        "baseline_option": "RETRY_CURRENT",
        "override_options": [
          "REOBSERVE",
          "ADVANCE",
          "CONSENSUS_PREFIX"
        ],
        "target_retry_states": 26,
        "target_tie_states": 26,
        "target_override_states": 3,
        "raw_false_recovery_rate": 0.15384615384615385,
        "raw_recovery_rate": 0.3333333333333333,
        "selective_recovery": {
          "max_false_recovery_rate": 0.05,
          "option_value_margin": 1.7246094942092896,
          "false_recovery_rate": 0.0,
          "false_recovery_states": 0,
          "true_recovery_rate": 0.0,
          "beneficial_recovery_rate": 0.0,
          "beneficial_recovery_states": 0,
          "beneficial_recovery_rate_all_states": 0.0,
          "accuracy": 0.896551724137931,
          "mean_decision_regret": 0.4137931168079376
        }
      },
      "offline_option_rank": 139
    },
    {
      "variant_id": "w010-v01-linear-h8-w64-d025-reobserve+backtrack",
      "checkpoint_variant": "v01-linear-h8-w64-d025",
      "checkpoint": "/HELIOS/Robotics/UnitreeRobotic/checkpoints/robocerebra/GR00T-RC-CTR-search/R0-residual-v9-override-weight/w010/v01-linear-h8-w64-d025",
      "weights_sha256": "ddbbff1c5a0f837f099f4e9c2b34dba24020e6178347cec42fe44ea880df6db5",
      "override_weight_id": "w010",
      "option_override_weight": 0.1,
      "option_mask_id": "reobserve+backtrack",
      "allowed_override_options": [
        "REOBSERVE",
        "BACKTRACK_ONE"
      ],
      "option_validation": {
        "labeled_states": 29,
        "strict_states": 2,
        "baseline_option": "RETRY_CURRENT",
        "override_options": [
          "REOBSERVE",
          "BACKTRACK_ONE"
        ],
        "target_retry_states": 27,
        "target_tie_states": 27,
        "target_override_states": 2,
        "raw_false_recovery_rate": 0.1111111111111111,
        "raw_recovery_rate": 0.0,
        "selective_recovery": {
          "max_false_recovery_rate": 0.05,
          "option_value_margin": 1.7246094942092896,
          "false_recovery_rate": 0.0,
          "false_recovery_states": 0,
          "true_recovery_rate": 0.0,
          "beneficial_recovery_rate": 0.0,
          "beneficial_recovery_states": 0,
          "beneficial_recovery_rate_all_states": 0.0,
          "accuracy": 0.9310344827586207,
          "mean_decision_regret": 0.4137931168079376
        }
      },
      "offline_option_rank": 140
    },
    {
      "variant_id": "w010-v01-linear-h8-w64-d025-reobserve+backtrack+advance",
      "checkpoint_variant": "v01-linear-h8-w64-d025",
      "checkpoint": "/HELIOS/Robotics/UnitreeRobotic/checkpoints/robocerebra/GR00T-RC-CTR-search/R0-residual-v9-override-weight/w010/v01-linear-h8-w64-d025",
      "weights_sha256": "ddbbff1c5a0f837f099f4e9c2b34dba24020e6178347cec42fe44ea880df6db5",
      "override_weight_id": "w010",
      "option_override_weight": 0.1,
      "option_mask_id": "reobserve+backtrack+advance",
      "allowed_override_options": [
        "REOBSERVE",
        "BACKTRACK_ONE",
        "ADVANCE"
      ],
      "option_validation": {
        "labeled_states": 29,
        "strict_states": 2,
        "baseline_option": "RETRY_CURRENT",
        "override_options": [
          "REOBSERVE",
          "BACKTRACK_ONE",
          "ADVANCE"
        ],
        "target_retry_states": 27,
        "target_tie_states": 27,
        "target_override_states": 2,
        "raw_false_recovery_rate": 0.1111111111111111,
        "raw_recovery_rate": 0.0,
        "selective_recovery": {
          "max_false_recovery_rate": 0.05,
          "option_value_margin": 1.7246094942092896,
          "false_recovery_rate": 0.0,
          "false_recovery_states": 0,
          "true_recovery_rate": 0.0,
          "beneficial_recovery_rate": 0.0,
          "beneficial_recovery_states": 0,
          "beneficial_recovery_rate_all_states": 0.0,
          "accuracy": 0.9310344827586207,
          "mean_decision_regret": 0.4137931168079376
        }
      },
      "offline_option_rank": 141
    },
    {
      "variant_id": "w010-v01-linear-h8-w64-d025-reobserve+backtrack+advance+consensus",
      "checkpoint_variant": "v01-linear-h8-w64-d025",
      "checkpoint": "/HELIOS/Robotics/UnitreeRobotic/checkpoints/robocerebra/GR00T-RC-CTR-search/R0-residual-v9-override-weight/w010/v01-linear-h8-w64-d025",
      "weights_sha256": "ddbbff1c5a0f837f099f4e9c2b34dba24020e6178347cec42fe44ea880df6db5",
      "override_weight_id": "w010",
      "option_override_weight": 0.1,
      "option_mask_id": "reobserve+backtrack+advance+consensus",
      "allowed_override_options": [
        "REOBSERVE",
        "BACKTRACK_ONE",
        "ADVANCE",
        "CONSENSUS_PREFIX"
      ],
      "option_validation": {
        "labeled_states": 29,
        "strict_states": 4,
        "baseline_option": "RETRY_CURRENT",
        "override_options": [
          "REOBSERVE",
          "BACKTRACK_ONE",
          "ADVANCE",
          "CONSENSUS_PREFIX"
        ],
        "target_retry_states": 25,
        "target_tie_states": 25,
        "target_override_states": 4,
        "raw_false_recovery_rate": 0.16,
        "raw_recovery_rate": 0.25,
        "selective_recovery": {
          "max_false_recovery_rate": 0.05,
          "option_value_margin": 1.7246094942092896,
          "false_recovery_rate": 0.0,
          "false_recovery_states": 0,
          "true_recovery_rate": 0.0,
          "beneficial_recovery_rate": 0.0,
          "beneficial_recovery_states": 0,
          "beneficial_recovery_rate_all_states": 0.0,
          "accuracy": 0.8620689655172413,
          "mean_decision_regret": 0.4137931168079376
        }
      },
      "offline_option_rank": 142
    },
    {
      "variant_id": "w010-v01-linear-h8-w64-d025-reobserve+backtrack+consensus",
      "checkpoint_variant": "v01-linear-h8-w64-d025",
      "checkpoint": "/HELIOS/Robotics/UnitreeRobotic/checkpoints/robocerebra/GR00T-RC-CTR-search/R0-residual-v9-override-weight/w010/v01-linear-h8-w64-d025",
      "weights_sha256": "ddbbff1c5a0f837f099f4e9c2b34dba24020e6178347cec42fe44ea880df6db5",
      "override_weight_id": "w010",
      "option_override_weight": 0.1,
      "option_mask_id": "reobserve+backtrack+consensus",
      "allowed_override_options": [
        "REOBSERVE",
        "BACKTRACK_ONE",
        "CONSENSUS_PREFIX"
      ],
      "option_validation": {
        "labeled_states": 29,
        "strict_states": 4,
        "baseline_option": "RETRY_CURRENT",
        "override_options": [
          "REOBSERVE",
          "BACKTRACK_ONE",
          "CONSENSUS_PREFIX"
        ],
        "target_retry_states": 25,
        "target_tie_states": 25,
        "target_override_states": 4,
        "raw_false_recovery_rate": 0.16,
        "raw_recovery_rate": 0.25,
        "selective_recovery": {
          "max_false_recovery_rate": 0.05,
          "option_value_margin": 1.7246094942092896,
          "false_recovery_rate": 0.0,
          "false_recovery_states": 0,
          "true_recovery_rate": 0.0,
          "beneficial_recovery_rate": 0.0,
          "beneficial_recovery_states": 0,
          "beneficial_recovery_rate_all_states": 0.0,
          "accuracy": 0.8620689655172413,
          "mean_decision_regret": 0.4137931168079376
        }
      },
      "offline_option_rank": 143
    },
    {
      "variant_id": "w010-v01-linear-h8-w64-d025-reobserve+consensus",
      "checkpoint_variant": "v01-linear-h8-w64-d025",
      "checkpoint": "/HELIOS/Robotics/UnitreeRobotic/checkpoints/robocerebra/GR00T-RC-CTR-search/R0-residual-v9-override-weight/w010/v01-linear-h8-w64-d025",
      "weights_sha256": "ddbbff1c5a0f837f099f4e9c2b34dba24020e6178347cec42fe44ea880df6db5",
      "override_weight_id": "w010",
      "option_override_weight": 0.1,
      "option_mask_id": "reobserve+consensus",
      "allowed_override_options": [
        "REOBSERVE",
        "CONSENSUS_PREFIX"
      ],
      "option_validation": {
        "labeled_states": 29,
        "strict_states": 3,
        "baseline_option": "RETRY_CURRENT",
        "override_options": [
          "REOBSERVE",
          "CONSENSUS_PREFIX"
        ],
        "target_retry_states": 26,
        "target_tie_states": 26,
        "target_override_states": 3,
        "raw_false_recovery_rate": 0.15384615384615385,
        "raw_recovery_rate": 0.3333333333333333,
        "selective_recovery": {
          "max_false_recovery_rate": 0.05,
          "option_value_margin": 1.7246094942092896,
          "false_recovery_rate": 0.0,
          "false_recovery_states": 0,
          "true_recovery_rate": 0.0,
          "beneficial_recovery_rate": 0.0,
          "beneficial_recovery_states": 0,
          "beneficial_recovery_rate_all_states": 0.0,
          "accuracy": 0.896551724137931,
          "mean_decision_regret": 0.4137931168079376
        }
      },
      "offline_option_rank": 144
    },
    {
      "variant_id": "w010-v02-mlp-h4-w32-d050-advance",
      "checkpoint_variant": "v02-mlp-h4-w32-d050",
      "checkpoint": "/HELIOS/Robotics/UnitreeRobotic/checkpoints/robocerebra/GR00T-RC-CTR-search/R0-residual-v9-override-weight/w010/v02-mlp-h4-w32-d050",
      "weights_sha256": "cd52e8e979e93b7c9ce05374d923fc5504ee4f04d2298c84075b74edd88a9507",
      "override_weight_id": "w010",
      "option_override_weight": 0.1,
      "option_mask_id": "advance",
      "allowed_override_options": [
        "ADVANCE"
      ],
      "option_validation": {
        "labeled_states": 29,
        "strict_states": 28,
        "baseline_option": "RETRY_CURRENT",
        "override_options": [
          "ADVANCE"
        ],
        "target_retry_states": 29,
        "target_tie_states": 1,
        "target_override_states": 0,
        "raw_false_recovery_rate": 0.0,
        "raw_recovery_rate": 0.0,
        "selective_recovery": {
          "max_false_recovery_rate": 0.05,
          "option_value_margin": 0.0,
          "false_recovery_rate": 0.0,
          "false_recovery_states": 0,
          "true_recovery_rate": 0.0,
          "beneficial_recovery_rate": 0.0,
          "beneficial_recovery_states": 0,
          "beneficial_recovery_rate_all_states": 0.0,
          "accuracy": 1.0,
          "mean_decision_regret": 0.4137931168079376
        }
      },
      "offline_option_rank": 145
    },
    {
      "variant_id": "w010-v02-mlp-h4-w32-d050-advance+consensus",
      "checkpoint_variant": "v02-mlp-h4-w32-d050",
      "checkpoint": "/HELIOS/Robotics/UnitreeRobotic/checkpoints/robocerebra/GR00T-RC-CTR-search/R0-residual-v9-override-weight/w010/v02-mlp-h4-w32-d050",
      "weights_sha256": "cd52e8e979e93b7c9ce05374d923fc5504ee4f04d2298c84075b74edd88a9507",
      "override_weight_id": "w010",
      "option_override_weight": 0.1,
      "option_mask_id": "advance+consensus",
      "allowed_override_options": [
        "ADVANCE",
        "CONSENSUS_PREFIX"
      ],
      "option_validation": {
        "labeled_states": 29,
        "strict_states": 3,
        "baseline_option": "RETRY_CURRENT",
        "override_options": [
          "ADVANCE",
          "CONSENSUS_PREFIX"
        ],
        "target_retry_states": 27,
        "target_tie_states": 26,
        "target_override_states": 2,
        "raw_false_recovery_rate": 0.1111111111111111,
        "raw_recovery_rate": 0.0,
        "selective_recovery": {
          "max_false_recovery_rate": 0.05,
          "option_value_margin": 0.8225098252296448,
          "false_recovery_rate": 0.0,
          "false_recovery_states": 0,
          "true_recovery_rate": 0.0,
          "beneficial_recovery_rate": 0.0,
          "beneficial_recovery_states": 0,
          "beneficial_recovery_rate_all_states": 0.0,
          "accuracy": 0.9310344827586207,
          "mean_decision_regret": 0.4137931168079376
        }
      },
      "offline_option_rank": 146
    },
    {
      "variant_id": "w010-v02-mlp-h4-w32-d050-backtrack+advance",
      "checkpoint_variant": "v02-mlp-h4-w32-d050",
      "checkpoint": "/HELIOS/Robotics/UnitreeRobotic/checkpoints/robocerebra/GR00T-RC-CTR-search/R0-residual-v9-override-weight/w010/v02-mlp-h4-w32-d050",
      "weights_sha256": "cd52e8e979e93b7c9ce05374d923fc5504ee4f04d2298c84075b74edd88a9507",
      "override_weight_id": "w010",
      "option_override_weight": 0.1,
      "option_mask_id": "backtrack+advance",
      "allowed_override_options": [
        "BACKTRACK_ONE",
        "ADVANCE"
      ],
      "option_validation": {
        "labeled_states": 29,
        "strict_states": 3,
        "baseline_option": "RETRY_CURRENT",
        "override_options": [
          "BACKTRACK_ONE",
          "ADVANCE"
        ],
        "target_retry_states": 28,
        "target_tie_states": 26,
        "target_override_states": 1,
        "raw_false_recovery_rate": 0.07142857142857142,
        "raw_recovery_rate": 0.0,
        "selective_recovery": {
          "max_false_recovery_rate": 0.05,
          "option_value_margin": 0.1484375149011612,
          "false_recovery_rate": 0.0,
          "false_recovery_states": 0,
          "true_recovery_rate": 0.0,
          "beneficial_recovery_rate": 0.0,
          "beneficial_recovery_states": 0,
          "beneficial_recovery_rate_all_states": 0.0,
          "accuracy": 0.9655172413793104,
          "mean_decision_regret": 0.4137931168079376
        }
      },
      "offline_option_rank": 147
    },
    {
      "variant_id": "w010-v02-mlp-h4-w32-d050-backtrack+advance+consensus",
      "checkpoint_variant": "v02-mlp-h4-w32-d050",
      "checkpoint": "/HELIOS/Robotics/UnitreeRobotic/checkpoints/robocerebra/GR00T-RC-CTR-search/R0-residual-v9-override-weight/w010/v02-mlp-h4-w32-d050",
      "weights_sha256": "cd52e8e979e93b7c9ce05374d923fc5504ee4f04d2298c84075b74edd88a9507",
      "override_weight_id": "w010",
      "option_override_weight": 0.1,
      "option_mask_id": "backtrack+advance+consensus",
      "allowed_override_options": [
        "BACKTRACK_ONE",
        "ADVANCE",
        "CONSENSUS_PREFIX"
      ],
      "option_validation": {
        "labeled_states": 29,
        "strict_states": 3,
        "baseline_option": "RETRY_CURRENT",
        "override_options": [
          "BACKTRACK_ONE",
          "ADVANCE",
          "CONSENSUS_PREFIX"
        ],
        "target_retry_states": 26,
        "target_tie_states": 26,
        "target_override_states": 3,
        "raw_false_recovery_rate": 0.19230769230769232,
        "raw_recovery_rate": 0.0,
        "selective_recovery": {
          "max_false_recovery_rate": 0.05,
          "option_value_margin": 0.8225098252296448,
          "false_recovery_rate": 0.0,
          "false_recovery_states": 0,
          "true_recovery_rate": 0.0,
          "beneficial_recovery_rate": 0.0,
          "beneficial_recovery_states": 0,
          "beneficial_recovery_rate_all_states": 0.0,
          "accuracy": 0.896551724137931,
          "mean_decision_regret": 0.4137931168079376
        }
      },
      "offline_option_rank": 148
    },
    {
      "variant_id": "w010-v02-mlp-h4-w32-d050-backtrack+consensus",
      "checkpoint_variant": "v02-mlp-h4-w32-d050",
      "checkpoint": "/HELIOS/Robotics/UnitreeRobotic/checkpoints/robocerebra/GR00T-RC-CTR-search/R0-residual-v9-override-weight/w010/v02-mlp-h4-w32-d050",
      "weights_sha256": "cd52e8e979e93b7c9ce05374d923fc5504ee4f04d2298c84075b74edd88a9507",
      "override_weight_id": "w010",
      "option_override_weight": 0.1,
      "option_mask_id": "backtrack+consensus",
      "allowed_override_options": [
        "BACKTRACK_ONE",
        "CONSENSUS_PREFIX"
      ],
      "option_validation": {
        "labeled_states": 29,
        "strict_states": 3,
        "baseline_option": "RETRY_CURRENT",
        "override_options": [
          "BACKTRACK_ONE",
          "CONSENSUS_PREFIX"
        ],
        "target_retry_states": 26,
        "target_tie_states": 26,
        "target_override_states": 3,
        "raw_false_recovery_rate": 0.19230769230769232,
        "raw_recovery_rate": 0.0,
        "selective_recovery": {
          "max_false_recovery_rate": 0.05,
          "option_value_margin": 0.8225098252296448,
          "false_recovery_rate": 0.0,
          "false_recovery_states": 0,
          "true_recovery_rate": 0.0,
          "beneficial_recovery_rate": 0.0,
          "beneficial_recovery_states": 0,
          "beneficial_recovery_rate_all_states": 0.0,
          "accuracy": 0.896551724137931,
          "mean_decision_regret": 0.4137931168079376
        }
      },
      "offline_option_rank": 149
    },
    {
      "variant_id": "w010-v02-mlp-h4-w32-d050-consensus",
      "checkpoint_variant": "v02-mlp-h4-w32-d050",
      "checkpoint": "/HELIOS/Robotics/UnitreeRobotic/checkpoints/robocerebra/GR00T-RC-CTR-search/R0-residual-v9-override-weight/w010/v02-mlp-h4-w32-d050",
      "weights_sha256": "cd52e8e979e93b7c9ce05374d923fc5504ee4f04d2298c84075b74edd88a9507",
      "override_weight_id": "w010",
      "option_override_weight": 0.1,
      "option_mask_id": "consensus",
      "allowed_override_options": [
        "CONSENSUS_PREFIX"
      ],
      "option_validation": {
        "labeled_states": 29,
        "strict_states": 3,
        "baseline_option": "RETRY_CURRENT",
        "override_options": [
          "CONSENSUS_PREFIX"
        ],
        "target_retry_states": 27,
        "target_tie_states": 26,
        "target_override_states": 2,
        "raw_false_recovery_rate": 0.1111111111111111,
        "raw_recovery_rate": 0.0,
        "selective_recovery": {
          "max_false_recovery_rate": 0.05,
          "option_value_margin": 0.8225098252296448,
          "false_recovery_rate": 0.0,
          "false_recovery_states": 0,
          "true_recovery_rate": 0.0,
          "beneficial_recovery_rate": 0.0,
          "beneficial_recovery_states": 0,
          "beneficial_recovery_rate_all_states": 0.0,
          "accuracy": 0.9310344827586207,
          "mean_decision_regret": 0.4137931168079376
        }
      },
      "offline_option_rank": 150
    },
    {
      "variant_id": "w010-v02-mlp-h4-w32-d050-reobserve",
      "checkpoint_variant": "v02-mlp-h4-w32-d050",
      "checkpoint": "/HELIOS/Robotics/UnitreeRobotic/checkpoints/robocerebra/GR00T-RC-CTR-search/R0-residual-v9-override-weight/w010/v02-mlp-h4-w32-d050",
      "weights_sha256": "cd52e8e979e93b7c9ce05374d923fc5504ee4f04d2298c84075b74edd88a9507",
      "override_weight_id": "w010",
      "option_override_weight": 0.1,
      "option_mask_id": "reobserve",
      "allowed_override_options": [
        "REOBSERVE"
      ],
      "option_validation": {
        "labeled_states": 29,
        "strict_states": 1,
        "baseline_option": "RETRY_CURRENT",
        "override_options": [
          "REOBSERVE"
        ],
        "target_retry_states": 28,
        "target_tie_states": 28,
        "target_override_states": 1,
        "raw_false_recovery_rate": 0.0,
        "raw_recovery_rate": 0.0,
        "selective_recovery": {
          "max_false_recovery_rate": 0.05,
          "option_value_margin": 0.0,
          "false_recovery_rate": 0.0,
          "false_recovery_states": 0,
          "true_recovery_rate": 0.0,
          "beneficial_recovery_rate": 0.0,
          "beneficial_recovery_states": 0,
          "beneficial_recovery_rate_all_states": 0.0,
          "accuracy": 0.9655172413793104,
          "mean_decision_regret": 0.4137931168079376
        }
      },
      "offline_option_rank": 151
    },
    {
      "variant_id": "w010-v02-mlp-h4-w32-d050-reobserve+advance",
      "checkpoint_variant": "v02-mlp-h4-w32-d050",
      "checkpoint": "/HELIOS/Robotics/UnitreeRobotic/checkpoints/robocerebra/GR00T-RC-CTR-search/R0-residual-v9-override-weight/w010/v02-mlp-h4-w32-d050",
      "weights_sha256": "cd52e8e979e93b7c9ce05374d923fc5504ee4f04d2298c84075b74edd88a9507",
      "override_weight_id": "w010",
      "option_override_weight": 0.1,
      "option_mask_id": "reobserve+advance",
      "allowed_override_options": [
        "REOBSERVE",
        "ADVANCE"
      ],
      "option_validation": {
        "labeled_states": 29,
        "strict_states": 1,
        "baseline_option": "RETRY_CURRENT",
        "override_options": [
          "REOBSERVE",
          "ADVANCE"
        ],
        "target_retry_states": 28,
        "target_tie_states": 28,
        "target_override_states": 1,
        "raw_false_recovery_rate": 0.0,
        "raw_recovery_rate": 0.0,
        "selective_recovery": {
          "max_false_recovery_rate": 0.05,
          "option_value_margin": 0.0,
          "false_recovery_rate": 0.0,
          "false_recovery_states": 0,
          "true_recovery_rate": 0.0,
          "beneficial_recovery_rate": 0.0,
          "beneficial_recovery_states": 0,
          "beneficial_recovery_rate_all_states": 0.0,
          "accuracy": 0.9655172413793104,
          "mean_decision_regret": 0.4137931168079376
        }
      },
      "offline_option_rank": 152
    },
    {
      "variant_id": "w010-v02-mlp-h4-w32-d050-reobserve+backtrack",
      "checkpoint_variant": "v02-mlp-h4-w32-d050",
      "checkpoint": "/HELIOS/Robotics/UnitreeRobotic/checkpoints/robocerebra/GR00T-RC-CTR-search/R0-residual-v9-override-weight/w010/v02-mlp-h4-w32-d050",
      "weights_sha256": "cd52e8e979e93b7c9ce05374d923fc5504ee4f04d2298c84075b74edd88a9507",
      "override_weight_id": "w010",
      "option_override_weight": 0.1,
      "option_mask_id": "reobserve+backtrack",
      "allowed_override_options": [
        "REOBSERVE",
        "BACKTRACK_ONE"
      ],
      "option_validation": {
        "labeled_states": 29,
        "strict_states": 2,
        "baseline_option": "RETRY_CURRENT",
        "override_options": [
          "REOBSERVE",
          "BACKTRACK_ONE"
        ],
        "target_retry_states": 27,
        "target_tie_states": 27,
        "target_override_states": 2,
        "raw_false_recovery_rate": 0.07407407407407407,
        "raw_recovery_rate": 0.0,
        "selective_recovery": {
          "max_false_recovery_rate": 0.05,
          "option_value_margin": 0.1484375149011612,
          "false_recovery_rate": 0.0,
          "false_recovery_states": 0,
          "true_recovery_rate": 0.0,
          "beneficial_recovery_rate": 0.0,
          "beneficial_recovery_states": 0,
          "beneficial_recovery_rate_all_states": 0.0,
          "accuracy": 0.9310344827586207,
          "mean_decision_regret": 0.4137931168079376
        }
      },
      "offline_option_rank": 153
    },
    {
      "variant_id": "w010-v02-mlp-h4-w32-d050-reobserve+backtrack+advance",
      "checkpoint_variant": "v02-mlp-h4-w32-d050",
      "checkpoint": "/HELIOS/Robotics/UnitreeRobotic/checkpoints/robocerebra/GR00T-RC-CTR-search/R0-residual-v9-override-weight/w010/v02-mlp-h4-w32-d050",
      "weights_sha256": "cd52e8e979e93b7c9ce05374d923fc5504ee4f04d2298c84075b74edd88a9507",
      "override_weight_id": "w010",
      "option_override_weight": 0.1,
      "option_mask_id": "reobserve+backtrack+advance",
      "allowed_override_options": [
        "REOBSERVE",
        "BACKTRACK_ONE",
        "ADVANCE"
      ],
      "option_validation": {
        "labeled_states": 29,
        "strict_states": 2,
        "baseline_option": "RETRY_CURRENT",
        "override_options": [
          "REOBSERVE",
          "BACKTRACK_ONE",
          "ADVANCE"
        ],
        "target_retry_states": 27,
        "target_tie_states": 27,
        "target_override_states": 2,
        "raw_false_recovery_rate": 0.07407407407407407,
        "raw_recovery_rate": 0.0,
        "selective_recovery": {
          "max_false_recovery_rate": 0.05,
          "option_value_margin": 0.1484375149011612,
          "false_recovery_rate": 0.0,
          "false_recovery_states": 0,
          "true_recovery_rate": 0.0,
          "beneficial_recovery_rate": 0.0,
          "beneficial_recovery_states": 0,
          "beneficial_recovery_rate_all_states": 0.0,
          "accuracy": 0.9310344827586207,
          "mean_decision_regret": 0.4137931168079376
        }
      },
      "offline_option_rank": 154
    },
    {
      "variant_id": "w010-v03-mlp-h8-w64-d025-advance",
      "checkpoint_variant": "v03-mlp-h8-w64-d025",
      "checkpoint": "/HELIOS/Robotics/UnitreeRobotic/checkpoints/robocerebra/GR00T-RC-CTR-search/R0-residual-v9-override-weight/w010/v03-mlp-h8-w64-d025",
      "weights_sha256": "7df3cdf1e9c4ed86d054420f72f0ade7c394661a608c10e8366cb3b7a2ced358",
      "override_weight_id": "w010",
      "option_override_weight": 0.1,
      "option_mask_id": "advance",
      "allowed_override_options": [
        "ADVANCE"
      ],
      "option_validation": {
        "labeled_states": 29,
        "strict_states": 28,
        "baseline_option": "RETRY_CURRENT",
        "override_options": [
          "ADVANCE"
        ],
        "target_retry_states": 29,
        "target_tie_states": 1,
        "target_override_states": 0,
        "raw_false_recovery_rate": 0.0,
        "raw_recovery_rate": 0.0,
        "selective_recovery": {
          "max_false_recovery_rate": 0.05,
          "option_value_margin": 0.0,
          "false_recovery_rate": 0.0,
          "false_recovery_states": 0,
          "true_recovery_rate": 0.0,
          "beneficial_recovery_rate": 0.0,
          "beneficial_recovery_states": 0,
          "beneficial_recovery_rate_all_states": 0.0,
          "accuracy": 1.0,
          "mean_decision_regret": 0.4137931168079376
        }
      },
      "offline_option_rank": 155
    },
    {
      "variant_id": "w010-v03-mlp-h8-w64-d025-advance+consensus",
      "checkpoint_variant": "v03-mlp-h8-w64-d025",
      "checkpoint": "/HELIOS/Robotics/UnitreeRobotic/checkpoints/robocerebra/GR00T-RC-CTR-search/R0-residual-v9-override-weight/w010/v03-mlp-h8-w64-d025",
      "weights_sha256": "7df3cdf1e9c4ed86d054420f72f0ade7c394661a608c10e8366cb3b7a2ced358",
      "override_weight_id": "w010",
      "option_override_weight": 0.1,
      "option_mask_id": "advance+consensus",
      "allowed_override_options": [
        "ADVANCE",
        "CONSENSUS_PREFIX"
      ],
      "option_validation": {
        "labeled_states": 29,
        "strict_states": 3,
        "baseline_option": "RETRY_CURRENT",
        "override_options": [
          "ADVANCE",
          "CONSENSUS_PREFIX"
        ],
        "target_retry_states": 27,
        "target_tie_states": 26,
        "target_override_states": 2,
        "raw_false_recovery_rate": 0.0,
        "raw_recovery_rate": 0.0,
        "selective_recovery": {
          "max_false_recovery_rate": 0.05,
          "option_value_margin": 0.0,
          "false_recovery_rate": 0.0,
          "false_recovery_states": 0,
          "true_recovery_rate": 0.0,
          "beneficial_recovery_rate": 0.0,
          "beneficial_recovery_states": 0,
          "beneficial_recovery_rate_all_states": 0.0,
          "accuracy": 0.9310344827586207,
          "mean_decision_regret": 0.4137931168079376
        }
      },
      "offline_option_rank": 156
    },
    {
      "variant_id": "w010-v03-mlp-h8-w64-d025-backtrack+advance",
      "checkpoint_variant": "v03-mlp-h8-w64-d025",
      "checkpoint": "/HELIOS/Robotics/UnitreeRobotic/checkpoints/robocerebra/GR00T-RC-CTR-search/R0-residual-v9-override-weight/w010/v03-mlp-h8-w64-d025",
      "weights_sha256": "7df3cdf1e9c4ed86d054420f72f0ade7c394661a608c10e8366cb3b7a2ced358",
      "override_weight_id": "w010",
      "option_override_weight": 0.1,
      "option_mask_id": "backtrack+advance",
      "allowed_override_options": [
        "BACKTRACK_ONE",
        "ADVANCE"
      ],
      "option_validation": {
        "labeled_states": 29,
        "strict_states": 3,
        "baseline_option": "RETRY_CURRENT",
        "override_options": [
          "BACKTRACK_ONE",
          "ADVANCE"
        ],
        "target_retry_states": 28,
        "target_tie_states": 26,
        "target_override_states": 1,
        "raw_false_recovery_rate": 0.0,
        "raw_recovery_rate": 0.0,
        "selective_recovery": {
          "max_false_recovery_rate": 0.05,
          "option_value_margin": 0.0,
          "false_recovery_rate": 0.0,
          "false_recovery_states": 0,
          "true_recovery_rate": 0.0,
          "beneficial_recovery_rate": 0.0,
          "beneficial_recovery_states": 0,
          "beneficial_recovery_rate_all_states": 0.0,
          "accuracy": 0.9655172413793104,
          "mean_decision_regret": 0.4137931168079376
        }
      },
      "offline_option_rank": 157
    },
    {
      "variant_id": "w010-v03-mlp-h8-w64-d025-backtrack+advance+consensus",
      "checkpoint_variant": "v03-mlp-h8-w64-d025",
      "checkpoint": "/HELIOS/Robotics/UnitreeRobotic/checkpoints/robocerebra/GR00T-RC-CTR-search/R0-residual-v9-override-weight/w010/v03-mlp-h8-w64-d025",
      "weights_sha256": "7df3cdf1e9c4ed86d054420f72f0ade7c394661a608c10e8366cb3b7a2ced358",
      "override_weight_id": "w010",
      "option_override_weight": 0.1,
      "option_mask_id": "backtrack+advance+consensus",
      "allowed_override_options": [
        "BACKTRACK_ONE",
        "ADVANCE",
        "CONSENSUS_PREFIX"
      ],
      "option_validation": {
        "labeled_states": 29,
        "strict_states": 3,
        "baseline_option": "RETRY_CURRENT",
        "override_options": [
          "BACKTRACK_ONE",
          "ADVANCE",
          "CONSENSUS_PREFIX"
        ],
        "target_retry_states": 26,
        "target_tie_states": 26,
        "target_override_states": 3,
        "raw_false_recovery_rate": 0.0,
        "raw_recovery_rate": 0.0,
        "selective_recovery": {
          "max_false_recovery_rate": 0.05,
          "option_value_margin": 0.0,
          "false_recovery_rate": 0.0,
          "false_recovery_states": 0,
          "true_recovery_rate": 0.0,
          "beneficial_recovery_rate": 0.0,
          "beneficial_recovery_states": 0,
          "beneficial_recovery_rate_all_states": 0.0,
          "accuracy": 0.896551724137931,
          "mean_decision_regret": 0.4137931168079376
        }
      },
      "offline_option_rank": 158
    },
    {
      "variant_id": "w010-v03-mlp-h8-w64-d025-backtrack+consensus",
      "checkpoint_variant": "v03-mlp-h8-w64-d025",
      "checkpoint": "/HELIOS/Robotics/UnitreeRobotic/checkpoints/robocerebra/GR00T-RC-CTR-search/R0-residual-v9-override-weight/w010/v03-mlp-h8-w64-d025",
      "weights_sha256": "7df3cdf1e9c4ed86d054420f72f0ade7c394661a608c10e8366cb3b7a2ced358",
      "override_weight_id": "w010",
      "option_override_weight": 0.1,
      "option_mask_id": "backtrack+consensus",
      "allowed_override_options": [
        "BACKTRACK_ONE",
        "CONSENSUS_PREFIX"
      ],
      "option_validation": {
        "labeled_states": 29,
        "strict_states": 3,
        "baseline_option": "RETRY_CURRENT",
        "override_options": [
          "BACKTRACK_ONE",
          "CONSENSUS_PREFIX"
        ],
        "target_retry_states": 26,
        "target_tie_states": 26,
        "target_override_states": 3,
        "raw_false_recovery_rate": 0.0,
        "raw_recovery_rate": 0.0,
        "selective_recovery": {
          "max_false_recovery_rate": 0.05,
          "option_value_margin": 0.0,
          "false_recovery_rate": 0.0,
          "false_recovery_states": 0,
          "true_recovery_rate": 0.0,
          "beneficial_recovery_rate": 0.0,
          "beneficial_recovery_states": 0,
          "beneficial_recovery_rate_all_states": 0.0,
          "accuracy": 0.896551724137931,
          "mean_decision_regret": 0.4137931168079376
        }
      },
      "offline_option_rank": 159
    },
    {
      "variant_id": "w010-v03-mlp-h8-w64-d025-consensus",
      "checkpoint_variant": "v03-mlp-h8-w64-d025",
      "checkpoint": "/HELIOS/Robotics/UnitreeRobotic/checkpoints/robocerebra/GR00T-RC-CTR-search/R0-residual-v9-override-weight/w010/v03-mlp-h8-w64-d025",
      "weights_sha256": "7df3cdf1e9c4ed86d054420f72f0ade7c394661a608c10e8366cb3b7a2ced358",
      "override_weight_id": "w010",
      "option_override_weight": 0.1,
      "option_mask_id": "consensus",
      "allowed_override_options": [
        "CONSENSUS_PREFIX"
      ],
      "option_validation": {
        "labeled_states": 29,
        "strict_states": 3,
        "baseline_option": "RETRY_CURRENT",
        "override_options": [
          "CONSENSUS_PREFIX"
        ],
        "target_retry_states": 27,
        "target_tie_states": 26,
        "target_override_states": 2,
        "raw_false_recovery_rate": 0.0,
        "raw_recovery_rate": 0.0,
        "selective_recovery": {
          "max_false_recovery_rate": 0.05,
          "option_value_margin": 0.0,
          "false_recovery_rate": 0.0,
          "false_recovery_states": 0,
          "true_recovery_rate": 0.0,
          "beneficial_recovery_rate": 0.0,
          "beneficial_recovery_states": 0,
          "beneficial_recovery_rate_all_states": 0.0,
          "accuracy": 0.9310344827586207,
          "mean_decision_regret": 0.4137931168079376
        }
      },
      "offline_option_rank": 160
    },
    {
      "variant_id": "w010-v03-mlp-h8-w64-d025-reobserve",
      "checkpoint_variant": "v03-mlp-h8-w64-d025",
      "checkpoint": "/HELIOS/Robotics/UnitreeRobotic/checkpoints/robocerebra/GR00T-RC-CTR-search/R0-residual-v9-override-weight/w010/v03-mlp-h8-w64-d025",
      "weights_sha256": "7df3cdf1e9c4ed86d054420f72f0ade7c394661a608c10e8366cb3b7a2ced358",
      "override_weight_id": "w010",
      "option_override_weight": 0.1,
      "option_mask_id": "reobserve",
      "allowed_override_options": [
        "REOBSERVE"
      ],
      "option_validation": {
        "labeled_states": 29,
        "strict_states": 1,
        "baseline_option": "RETRY_CURRENT",
        "override_options": [
          "REOBSERVE"
        ],
        "target_retry_states": 28,
        "target_tie_states": 28,
        "target_override_states": 1,
        "raw_false_recovery_rate": 0.03571428571428571,
        "raw_recovery_rate": 0.0,
        "selective_recovery": {
          "max_false_recovery_rate": 0.05,
          "option_value_margin": 0.9765625596046448,
          "false_recovery_rate": 0.0,
          "false_recovery_states": 0,
          "true_recovery_rate": 0.0,
          "beneficial_recovery_rate": 0.0,
          "beneficial_recovery_states": 0,
          "beneficial_recovery_rate_all_states": 0.0,
          "accuracy": 0.9655172413793104,
          "mean_decision_regret": 0.4137931168079376
        }
      },
      "offline_option_rank": 161
    },
    {
      "variant_id": "w010-v03-mlp-h8-w64-d025-reobserve+advance",
      "checkpoint_variant": "v03-mlp-h8-w64-d025",
      "checkpoint": "/HELIOS/Robotics/UnitreeRobotic/checkpoints/robocerebra/GR00T-RC-CTR-search/R0-residual-v9-override-weight/w010/v03-mlp-h8-w64-d025",
      "weights_sha256": "7df3cdf1e9c4ed86d054420f72f0ade7c394661a608c10e8366cb3b7a2ced358",
      "override_weight_id": "w010",
      "option_override_weight": 0.1,
      "option_mask_id": "reobserve+advance",
      "allowed_override_options": [
        "REOBSERVE",
        "ADVANCE"
      ],
      "option_validation": {
        "labeled_states": 29,
        "strict_states": 1,
        "baseline_option": "RETRY_CURRENT",
        "override_options": [
          "REOBSERVE",
          "ADVANCE"
        ],
        "target_retry_states": 28,
        "target_tie_states": 28,
        "target_override_states": 1,
        "raw_false_recovery_rate": 0.03571428571428571,
        "raw_recovery_rate": 0.0,
        "selective_recovery": {
          "max_false_recovery_rate": 0.05,
          "option_value_margin": 0.9765625596046448,
          "false_recovery_rate": 0.0,
          "false_recovery_states": 0,
          "true_recovery_rate": 0.0,
          "beneficial_recovery_rate": 0.0,
          "beneficial_recovery_states": 0,
          "beneficial_recovery_rate_all_states": 0.0,
          "accuracy": 0.9655172413793104,
          "mean_decision_regret": 0.4137931168079376
        }
      },
      "offline_option_rank": 162
    },
    {
      "variant_id": "w010-v03-mlp-h8-w64-d025-reobserve+advance+consensus",
      "checkpoint_variant": "v03-mlp-h8-w64-d025",
      "checkpoint": "/HELIOS/Robotics/UnitreeRobotic/checkpoints/robocerebra/GR00T-RC-CTR-search/R0-residual-v9-override-weight/w010/v03-mlp-h8-w64-d025",
      "weights_sha256": "7df3cdf1e9c4ed86d054420f72f0ade7c394661a608c10e8366cb3b7a2ced358",
      "override_weight_id": "w010",
      "option_override_weight": 0.1,
      "option_mask_id": "reobserve+advance+consensus",
      "allowed_override_options": [
        "REOBSERVE",
        "ADVANCE",
        "CONSENSUS_PREFIX"
      ],
      "option_validation": {
        "labeled_states": 29,
        "strict_states": 3,
        "baseline_option": "RETRY_CURRENT",
        "override_options": [
          "REOBSERVE",
          "ADVANCE",
          "CONSENSUS_PREFIX"
        ],
        "target_retry_states": 26,
        "target_tie_states": 26,
        "target_override_states": 3,
        "raw_false_recovery_rate": 0.038461538461538464,
        "raw_recovery_rate": 0.0,
        "selective_recovery": {
          "max_false_recovery_rate": 0.05,
          "option_value_margin": 0.9765625596046448,
          "false_recovery_rate": 0.0,
          "false_recovery_states": 0,
          "true_recovery_rate": 0.0,
          "beneficial_recovery_rate": 0.0,
          "beneficial_recovery_states": 0,
          "beneficial_recovery_rate_all_states": 0.0,
          "accuracy": 0.896551724137931,
          "mean_decision_regret": 0.4137931168079376
        }
      },
      "offline_option_rank": 163
    },
    {
      "variant_id": "w010-v03-mlp-h8-w64-d025-reobserve+backtrack",
      "checkpoint_variant": "v03-mlp-h8-w64-d025",
      "checkpoint": "/HELIOS/Robotics/UnitreeRobotic/checkpoints/robocerebra/GR00T-RC-CTR-search/R0-residual-v9-override-weight/w010/v03-mlp-h8-w64-d025",
      "weights_sha256": "7df3cdf1e9c4ed86d054420f72f0ade7c394661a608c10e8366cb3b7a2ced358",
      "override_weight_id": "w010",
      "option_override_weight": 0.1,
      "option_mask_id": "reobserve+backtrack",
      "allowed_override_options": [
        "REOBSERVE",
        "BACKTRACK_ONE"
      ],
      "option_validation": {
        "labeled_states": 29,
        "strict_states": 2,
        "baseline_option": "RETRY_CURRENT",
        "override_options": [
          "REOBSERVE",
          "BACKTRACK_ONE"
        ],
        "target_retry_states": 27,
        "target_tie_states": 27,
        "target_override_states": 2,
        "raw_false_recovery_rate": 0.037037037037037035,
        "raw_recovery_rate": 0.0,
        "selective_recovery": {
          "max_false_recovery_rate": 0.05,
          "option_value_margin": 0.9765625596046448,
          "false_recovery_rate": 0.0,
          "false_recovery_states": 0,
          "true_recovery_rate": 0.0,
          "beneficial_recovery_rate": 0.0,
          "beneficial_recovery_states": 0,
          "beneficial_recovery_rate_all_states": 0.0,
          "accuracy": 0.9310344827586207,
          "mean_decision_regret": 0.4137931168079376
        }
      },
      "offline_option_rank": 164
    },
    {
      "variant_id": "w010-v03-mlp-h8-w64-d025-reobserve+backtrack+advance",
      "checkpoint_variant": "v03-mlp-h8-w64-d025",
      "checkpoint": "/HELIOS/Robotics/UnitreeRobotic/checkpoints/robocerebra/GR00T-RC-CTR-search/R0-residual-v9-override-weight/w010/v03-mlp-h8-w64-d025",
      "weights_sha256": "7df3cdf1e9c4ed86d054420f72f0ade7c394661a608c10e8366cb3b7a2ced358",
      "override_weight_id": "w010",
      "option_override_weight": 0.1,
      "option_mask_id": "reobserve+backtrack+advance",
      "allowed_override_options": [
        "REOBSERVE",
        "BACKTRACK_ONE",
        "ADVANCE"
      ],
      "option_validation": {
        "labeled_states": 29,
        "strict_states": 2,
        "baseline_option": "RETRY_CURRENT",
        "override_options": [
          "REOBSERVE",
          "BACKTRACK_ONE",
          "ADVANCE"
        ],
        "target_retry_states": 27,
        "target_tie_states": 27,
        "target_override_states": 2,
        "raw_false_recovery_rate": 0.037037037037037035,
        "raw_recovery_rate": 0.0,
        "selective_recovery": {
          "max_false_recovery_rate": 0.05,
          "option_value_margin": 0.9765625596046448,
          "false_recovery_rate": 0.0,
          "false_recovery_states": 0,
          "true_recovery_rate": 0.0,
          "beneficial_recovery_rate": 0.0,
          "beneficial_recovery_states": 0,
          "beneficial_recovery_rate_all_states": 0.0,
          "accuracy": 0.9310344827586207,
          "mean_decision_regret": 0.4137931168079376
        }
      },
      "offline_option_rank": 165
    },
    {
      "variant_id": "w010-v03-mlp-h8-w64-d025-reobserve+backtrack+advance+consensus",
      "checkpoint_variant": "v03-mlp-h8-w64-d025",
      "checkpoint": "/HELIOS/Robotics/UnitreeRobotic/checkpoints/robocerebra/GR00T-RC-CTR-search/R0-residual-v9-override-weight/w010/v03-mlp-h8-w64-d025",
      "weights_sha256": "7df3cdf1e9c4ed86d054420f72f0ade7c394661a608c10e8366cb3b7a2ced358",
      "override_weight_id": "w010",
      "option_override_weight": 0.1,
      "option_mask_id": "reobserve+backtrack+advance+consensus",
      "allowed_override_options": [
        "REOBSERVE",
        "BACKTRACK_ONE",
        "ADVANCE",
        "CONSENSUS_PREFIX"
      ],
      "option_validation": {
        "labeled_states": 29,
        "strict_states": 4,
        "baseline_option": "RETRY_CURRENT",
        "override_options": [
          "REOBSERVE",
          "BACKTRACK_ONE",
          "ADVANCE",
          "CONSENSUS_PREFIX"
        ],
        "target_retry_states": 25,
        "target_tie_states": 25,
        "target_override_states": 4,
        "raw_false_recovery_rate": 0.04,
        "raw_recovery_rate": 0.0,
        "selective_recovery": {
          "max_false_recovery_rate": 0.05,
          "option_value_margin": 0.9765625596046448,
          "false_recovery_rate": 0.0,
          "false_recovery_states": 0,
          "true_recovery_rate": 0.0,
          "beneficial_recovery_rate": 0.0,
          "beneficial_recovery_states": 0,
          "beneficial_recovery_rate_all_states": 0.0,
          "accuracy": 0.8620689655172413,
          "mean_decision_regret": 0.4137931168079376
        }
      },
      "offline_option_rank": 166
    },
    {
      "variant_id": "w010-v03-mlp-h8-w64-d025-reobserve+backtrack+consensus",
      "checkpoint_variant": "v03-mlp-h8-w64-d025",
      "checkpoint": "/HELIOS/Robotics/UnitreeRobotic/checkpoints/robocerebra/GR00T-RC-CTR-search/R0-residual-v9-override-weight/w010/v03-mlp-h8-w64-d025",
      "weights_sha256": "7df3cdf1e9c4ed86d054420f72f0ade7c394661a608c10e8366cb3b7a2ced358",
      "override_weight_id": "w010",
      "option_override_weight": 0.1,
      "option_mask_id": "reobserve+backtrack+consensus",
      "allowed_override_options": [
        "REOBSERVE",
        "BACKTRACK_ONE",
        "CONSENSUS_PREFIX"
      ],
      "option_validation": {
        "labeled_states": 29,
        "strict_states": 4,
        "baseline_option": "RETRY_CURRENT",
        "override_options": [
          "REOBSERVE",
          "BACKTRACK_ONE",
          "CONSENSUS_PREFIX"
        ],
        "target_retry_states": 25,
        "target_tie_states": 25,
        "target_override_states": 4,
        "raw_false_recovery_rate": 0.04,
        "raw_recovery_rate": 0.0,
        "selective_recovery": {
          "max_false_recovery_rate": 0.05,
          "option_value_margin": 0.9765625596046448,
          "false_recovery_rate": 0.0,
          "false_recovery_states": 0,
          "true_recovery_rate": 0.0,
          "beneficial_recovery_rate": 0.0,
          "beneficial_recovery_states": 0,
          "beneficial_recovery_rate_all_states": 0.0,
          "accuracy": 0.8620689655172413,
          "mean_decision_regret": 0.4137931168079376
        }
      },
      "offline_option_rank": 167
    },
    {
      "variant_id": "w010-v03-mlp-h8-w64-d025-reobserve+consensus",
      "checkpoint_variant": "v03-mlp-h8-w64-d025",
      "checkpoint": "/HELIOS/Robotics/UnitreeRobotic/checkpoints/robocerebra/GR00T-RC-CTR-search/R0-residual-v9-override-weight/w010/v03-mlp-h8-w64-d025",
      "weights_sha256": "7df3cdf1e9c4ed86d054420f72f0ade7c394661a608c10e8366cb3b7a2ced358",
      "override_weight_id": "w010",
      "option_override_weight": 0.1,
      "option_mask_id": "reobserve+consensus",
      "allowed_override_options": [
        "REOBSERVE",
        "CONSENSUS_PREFIX"
      ],
      "option_validation": {
        "labeled_states": 29,
        "strict_states": 3,
        "baseline_option": "RETRY_CURRENT",
        "override_options": [
          "REOBSERVE",
          "CONSENSUS_PREFIX"
        ],
        "target_retry_states": 26,
        "target_tie_states": 26,
        "target_override_states": 3,
        "raw_false_recovery_rate": 0.038461538461538464,
        "raw_recovery_rate": 0.0,
        "selective_recovery": {
          "max_false_recovery_rate": 0.05,
          "option_value_margin": 0.9765625596046448,
          "false_recovery_rate": 0.0,
          "false_recovery_states": 0,
          "true_recovery_rate": 0.0,
          "beneficial_recovery_rate": 0.0,
          "beneficial_recovery_states": 0,
          "beneficial_recovery_rate_all_states": 0.0,
          "accuracy": 0.896551724137931,
          "mean_decision_regret": 0.4137931168079376
        }
      },
      "offline_option_rank": 168
    },
    {
      "variant_id": "w010-v04-gru-h8-w64-d025-advance",
      "checkpoint_variant": "v04-gru-h8-w64-d025",
      "checkpoint": "/HELIOS/Robotics/UnitreeRobotic/checkpoints/robocerebra/GR00T-RC-CTR-search/R0-residual-v9-override-weight/w010/v04-gru-h8-w64-d025",
      "weights_sha256": "228d08d3ec3acbf7ff0f1d8c022e13d18a11f2bae2bbd586e37eb021e8450e4f",
      "override_weight_id": "w010",
      "option_override_weight": 0.1,
      "option_mask_id": "advance",
      "allowed_override_options": [
        "ADVANCE"
      ],
      "option_validation": {
        "labeled_states": 29,
        "strict_states": 28,
        "baseline_option": "RETRY_CURRENT",
        "override_options": [
          "ADVANCE"
        ],
        "target_retry_states": 29,
        "target_tie_states": 1,
        "target_override_states": 0,
        "raw_false_recovery_rate": 0.0,
        "raw_recovery_rate": 0.0,
        "selective_recovery": {
          "max_false_recovery_rate": 0.05,
          "option_value_margin": 0.0,
          "false_recovery_rate": 0.0,
          "false_recovery_states": 0,
          "true_recovery_rate": 0.0,
          "beneficial_recovery_rate": 0.0,
          "beneficial_recovery_states": 0,
          "beneficial_recovery_rate_all_states": 0.0,
          "accuracy": 1.0,
          "mean_decision_regret": 0.4137931168079376
        }
      },
      "offline_option_rank": 169
    },
    {
      "variant_id": "w010-v04-gru-h8-w64-d025-advance+consensus",
      "checkpoint_variant": "v04-gru-h8-w64-d025",
      "checkpoint": "/HELIOS/Robotics/UnitreeRobotic/checkpoints/robocerebra/GR00T-RC-CTR-search/R0-residual-v9-override-weight/w010/v04-gru-h8-w64-d025",
      "weights_sha256": "228d08d3ec3acbf7ff0f1d8c022e13d18a11f2bae2bbd586e37eb021e8450e4f",
      "override_weight_id": "w010",
      "option_override_weight": 0.1,
      "option_mask_id": "advance+consensus",
      "allowed_override_options": [
        "ADVANCE",
        "CONSENSUS_PREFIX"
      ],
      "option_validation": {
        "labeled_states": 29,
        "strict_states": 3,
        "baseline_option": "RETRY_CURRENT",
        "override_options": [
          "ADVANCE",
          "CONSENSUS_PREFIX"
        ],
        "target_retry_states": 27,
        "target_tie_states": 26,
        "target_override_states": 2,
        "raw_false_recovery_rate": 0.1111111111111111,
        "raw_recovery_rate": 0.0,
        "selective_recovery": {
          "max_false_recovery_rate": 0.05,
          "option_value_margin": 0.8632813096046448,
          "false_recovery_rate": 0.0,
          "false_recovery_states": 0,
          "true_recovery_rate": 0.0,
          "beneficial_recovery_rate": 0.0,
          "beneficial_recovery_states": 0,
          "beneficial_recovery_rate_all_states": 0.0,
          "accuracy": 0.9310344827586207,
          "mean_decision_regret": 0.4137931168079376
        }
      },
      "offline_option_rank": 170
    },
    {
      "variant_id": "w010-v04-gru-h8-w64-d025-backtrack+advance",
      "checkpoint_variant": "v04-gru-h8-w64-d025",
      "checkpoint": "/HELIOS/Robotics/UnitreeRobotic/checkpoints/robocerebra/GR00T-RC-CTR-search/R0-residual-v9-override-weight/w010/v04-gru-h8-w64-d025",
      "weights_sha256": "228d08d3ec3acbf7ff0f1d8c022e13d18a11f2bae2bbd586e37eb021e8450e4f",
      "override_weight_id": "w010",
      "option_override_weight": 0.1,
      "option_mask_id": "backtrack+advance",
      "allowed_override_options": [
        "BACKTRACK_ONE",
        "ADVANCE"
      ],
      "option_validation": {
        "labeled_states": 29,
        "strict_states": 3,
        "baseline_option": "RETRY_CURRENT",
        "override_options": [
          "BACKTRACK_ONE",
          "ADVANCE"
        ],
        "target_retry_states": 28,
        "target_tie_states": 26,
        "target_override_states": 1,
        "raw_false_recovery_rate": 0.03571428571428571,
        "raw_recovery_rate": 0.0,
        "selective_recovery": {
          "max_false_recovery_rate": 0.05,
          "option_value_margin": 0.1484375149011612,
          "false_recovery_rate": 0.0,
          "false_recovery_states": 0,
          "true_recovery_rate": 0.0,
          "beneficial_recovery_rate": 0.0,
          "beneficial_recovery_states": 0,
          "beneficial_recovery_rate_all_states": 0.0,
          "accuracy": 0.9655172413793104,
          "mean_decision_regret": 0.4137931168079376
        }
      },
      "offline_option_rank": 171
    },
    {
      "variant_id": "w010-v04-gru-h8-w64-d025-backtrack+advance+consensus",
      "checkpoint_variant": "v04-gru-h8-w64-d025",
      "checkpoint": "/HELIOS/Robotics/UnitreeRobotic/checkpoints/robocerebra/GR00T-RC-CTR-search/R0-residual-v9-override-weight/w010/v04-gru-h8-w64-d025",
      "weights_sha256": "228d08d3ec3acbf7ff0f1d8c022e13d18a11f2bae2bbd586e37eb021e8450e4f",
      "override_weight_id": "w010",
      "option_override_weight": 0.1,
      "option_mask_id": "backtrack+advance+consensus",
      "allowed_override_options": [
        "BACKTRACK_ONE",
        "ADVANCE",
        "CONSENSUS_PREFIX"
      ],
      "option_validation": {
        "labeled_states": 29,
        "strict_states": 3,
        "baseline_option": "RETRY_CURRENT",
        "override_options": [
          "BACKTRACK_ONE",
          "ADVANCE",
          "CONSENSUS_PREFIX"
        ],
        "target_retry_states": 26,
        "target_tie_states": 26,
        "target_override_states": 3,
        "raw_false_recovery_rate": 0.11538461538461539,
        "raw_recovery_rate": 0.0,
        "selective_recovery": {
          "max_false_recovery_rate": 0.05,
          "option_value_margin": 0.8632813096046448,
          "false_recovery_rate": 0.0,
          "false_recovery_states": 0,
          "true_recovery_rate": 0.0,
          "beneficial_recovery_rate": 0.0,
          "beneficial_recovery_states": 0,
          "beneficial_recovery_rate_all_states": 0.0,
          "accuracy": 0.896551724137931,
          "mean_decision_regret": 0.4137931168079376
        }
      },
      "offline_option_rank": 172
    },
    {
      "variant_id": "w010-v04-gru-h8-w64-d025-backtrack+consensus",
      "checkpoint_variant": "v04-gru-h8-w64-d025",
      "checkpoint": "/HELIOS/Robotics/UnitreeRobotic/checkpoints/robocerebra/GR00T-RC-CTR-search/R0-residual-v9-override-weight/w010/v04-gru-h8-w64-d025",
      "weights_sha256": "228d08d3ec3acbf7ff0f1d8c022e13d18a11f2bae2bbd586e37eb021e8450e4f",
      "override_weight_id": "w010",
      "option_override_weight": 0.1,
      "option_mask_id": "backtrack+consensus",
      "allowed_override_options": [
        "BACKTRACK_ONE",
        "CONSENSUS_PREFIX"
      ],
      "option_validation": {
        "labeled_states": 29,
        "strict_states": 3,
        "baseline_option": "RETRY_CURRENT",
        "override_options": [
          "BACKTRACK_ONE",
          "CONSENSUS_PREFIX"
        ],
        "target_retry_states": 26,
        "target_tie_states": 26,
        "target_override_states": 3,
        "raw_false_recovery_rate": 0.11538461538461539,
        "raw_recovery_rate": 0.0,
        "selective_recovery": {
          "max_false_recovery_rate": 0.05,
          "option_value_margin": 0.8632813096046448,
          "false_recovery_rate": 0.0,
          "false_recovery_states": 0,
          "true_recovery_rate": 0.0,
          "beneficial_recovery_rate": 0.0,
          "beneficial_recovery_states": 0,
          "beneficial_recovery_rate_all_states": 0.0,
          "accuracy": 0.896551724137931,
          "mean_decision_regret": 0.4137931168079376
        }
      },
      "offline_option_rank": 173
    },
    {
      "variant_id": "w010-v04-gru-h8-w64-d025-consensus",
      "checkpoint_variant": "v04-gru-h8-w64-d025",
      "checkpoint": "/HELIOS/Robotics/UnitreeRobotic/checkpoints/robocerebra/GR00T-RC-CTR-search/R0-residual-v9-override-weight/w010/v04-gru-h8-w64-d025",
      "weights_sha256": "228d08d3ec3acbf7ff0f1d8c022e13d18a11f2bae2bbd586e37eb021e8450e4f",
      "override_weight_id": "w010",
      "option_override_weight": 0.1,
      "option_mask_id": "consensus",
      "allowed_override_options": [
        "CONSENSUS_PREFIX"
      ],
      "option_validation": {
        "labeled_states": 29,
        "strict_states": 3,
        "baseline_option": "RETRY_CURRENT",
        "override_options": [
          "CONSENSUS_PREFIX"
        ],
        "target_retry_states": 27,
        "target_tie_states": 26,
        "target_override_states": 2,
        "raw_false_recovery_rate": 0.1111111111111111,
        "raw_recovery_rate": 0.0,
        "selective_recovery": {
          "max_false_recovery_rate": 0.05,
          "option_value_margin": 0.8632813096046448,
          "false_recovery_rate": 0.0,
          "false_recovery_states": 0,
          "true_recovery_rate": 0.0,
          "beneficial_recovery_rate": 0.0,
          "beneficial_recovery_states": 0,
          "beneficial_recovery_rate_all_states": 0.0,
          "accuracy": 0.9310344827586207,
          "mean_decision_regret": 0.4137931168079376
        }
      },
      "offline_option_rank": 174
    },
    {
      "variant_id": "w010-v04-gru-h8-w64-d025-reobserve",
      "checkpoint_variant": "v04-gru-h8-w64-d025",
      "checkpoint": "/HELIOS/Robotics/UnitreeRobotic/checkpoints/robocerebra/GR00T-RC-CTR-search/R0-residual-v9-override-weight/w010/v04-gru-h8-w64-d025",
      "weights_sha256": "228d08d3ec3acbf7ff0f1d8c022e13d18a11f2bae2bbd586e37eb021e8450e4f",
      "override_weight_id": "w010",
      "option_override_weight": 0.1,
      "option_mask_id": "reobserve",
      "allowed_override_options": [
        "REOBSERVE"
      ],
      "option_validation": {
        "labeled_states": 29,
        "strict_states": 1,
        "baseline_option": "RETRY_CURRENT",
        "override_options": [
          "REOBSERVE"
        ],
        "target_retry_states": 28,
        "target_tie_states": 28,
        "target_override_states": 1,
        "raw_false_recovery_rate": 0.0,
        "raw_recovery_rate": 0.0,
        "selective_recovery": {
          "max_false_recovery_rate": 0.05,
          "option_value_margin": 0.0,
          "false_recovery_rate": 0.0,
          "false_recovery_states": 0,
          "true_recovery_rate": 0.0,
          "beneficial_recovery_rate": 0.0,
          "beneficial_recovery_states": 0,
          "beneficial_recovery_rate_all_states": 0.0,
          "accuracy": 0.9655172413793104,
          "mean_decision_regret": 0.4137931168079376
        }
      },
      "offline_option_rank": 175
    },
    {
      "variant_id": "w010-v04-gru-h8-w64-d025-reobserve+advance",
      "checkpoint_variant": "v04-gru-h8-w64-d025",
      "checkpoint": "/HELIOS/Robotics/UnitreeRobotic/checkpoints/robocerebra/GR00T-RC-CTR-search/R0-residual-v9-override-weight/w010/v04-gru-h8-w64-d025",
      "weights_sha256": "228d08d3ec3acbf7ff0f1d8c022e13d18a11f2bae2bbd586e37eb021e8450e4f",
      "override_weight_id": "w010",
      "option_override_weight": 0.1,
      "option_mask_id": "reobserve+advance",
      "allowed_override_options": [
        "REOBSERVE",
        "ADVANCE"
      ],
      "option_validation": {
        "labeled_states": 29,
        "strict_states": 1,
        "baseline_option": "RETRY_CURRENT",
        "override_options": [
          "REOBSERVE",
          "ADVANCE"
        ],
        "target_retry_states": 28,
        "target_tie_states": 28,
        "target_override_states": 1,
        "raw_false_recovery_rate": 0.0,
        "raw_recovery_rate": 0.0,
        "selective_recovery": {
          "max_false_recovery_rate": 0.05,
          "option_value_margin": 0.0,
          "false_recovery_rate": 0.0,
          "false_recovery_states": 0,
          "true_recovery_rate": 0.0,
          "beneficial_recovery_rate": 0.0,
          "beneficial_recovery_states": 0,
          "beneficial_recovery_rate_all_states": 0.0,
          "accuracy": 0.9655172413793104,
          "mean_decision_regret": 0.4137931168079376
        }
      },
      "offline_option_rank": 176
    },
    {
      "variant_id": "w010-v04-gru-h8-w64-d025-reobserve+advance+consensus",
      "checkpoint_variant": "v04-gru-h8-w64-d025",
      "checkpoint": "/HELIOS/Robotics/UnitreeRobotic/checkpoints/robocerebra/GR00T-RC-CTR-search/R0-residual-v9-override-weight/w010/v04-gru-h8-w64-d025",
      "weights_sha256": "228d08d3ec3acbf7ff0f1d8c022e13d18a11f2bae2bbd586e37eb021e8450e4f",
      "override_weight_id": "w010",
      "option_override_weight": 0.1,
      "option_mask_id": "reobserve+advance+consensus",
      "allowed_override_options": [
        "REOBSERVE",
        "ADVANCE",
        "CONSENSUS_PREFIX"
      ],
      "option_validation": {
        "labeled_states": 29,
        "strict_states": 3,
        "baseline_option": "RETRY_CURRENT",
        "override_options": [
          "REOBSERVE",
          "ADVANCE",
          "CONSENSUS_PREFIX"
        ],
        "target_retry_states": 26,
        "target_tie_states": 26,
        "target_override_states": 3,
        "raw_false_recovery_rate": 0.11538461538461539,
        "raw_recovery_rate": 0.0,
        "selective_recovery": {
          "max_false_recovery_rate": 0.05,
          "option_value_margin": 0.8632813096046448,
          "false_recovery_rate": 0.0,
          "false_recovery_states": 0,
          "true_recovery_rate": 0.0,
          "beneficial_recovery_rate": 0.0,
          "beneficial_recovery_states": 0,
          "beneficial_recovery_rate_all_states": 0.0,
          "accuracy": 0.896551724137931,
          "mean_decision_regret": 0.4137931168079376
        }
      },
      "offline_option_rank": 177
    },
    {
      "variant_id": "w010-v04-gru-h8-w64-d025-reobserve+backtrack",
      "checkpoint_variant": "v04-gru-h8-w64-d025",
      "checkpoint": "/HELIOS/Robotics/UnitreeRobotic/checkpoints/robocerebra/GR00T-RC-CTR-search/R0-residual-v9-override-weight/w010/v04-gru-h8-w64-d025",
      "weights_sha256": "228d08d3ec3acbf7ff0f1d8c022e13d18a11f2bae2bbd586e37eb021e8450e4f",
      "override_weight_id": "w010",
      "option_override_weight": 0.1,
      "option_mask_id": "reobserve+backtrack",
      "allowed_override_options": [
        "REOBSERVE",
        "BACKTRACK_ONE"
      ],
      "option_validation": {
        "labeled_states": 29,
        "strict_states": 2,
        "baseline_option": "RETRY_CURRENT",
        "override_options": [
          "REOBSERVE",
          "BACKTRACK_ONE"
        ],
        "target_retry_states": 27,
        "target_tie_states": 27,
        "target_override_states": 2,
        "raw_false_recovery_rate": 0.037037037037037035,
        "raw_recovery_rate": 0.0,
        "selective_recovery": {
          "max_false_recovery_rate": 0.05,
          "option_value_margin": 0.1484375149011612,
          "false_recovery_rate": 0.0,
          "false_recovery_states": 0,
          "true_recovery_rate": 0.0,
          "beneficial_recovery_rate": 0.0,
          "beneficial_recovery_states": 0,
          "beneficial_recovery_rate_all_states": 0.0,
          "accuracy": 0.9310344827586207,
          "mean_decision_regret": 0.4137931168079376
        }
      },
      "offline_option_rank": 178
    },
    {
      "variant_id": "w010-v04-gru-h8-w64-d025-reobserve+backtrack+advance",
      "checkpoint_variant": "v04-gru-h8-w64-d025",
      "checkpoint": "/HELIOS/Robotics/UnitreeRobotic/checkpoints/robocerebra/GR00T-RC-CTR-search/R0-residual-v9-override-weight/w010/v04-gru-h8-w64-d025",
      "weights_sha256": "228d08d3ec3acbf7ff0f1d8c022e13d18a11f2bae2bbd586e37eb021e8450e4f",
      "override_weight_id": "w010",
      "option_override_weight": 0.1,
      "option_mask_id": "reobserve+backtrack+advance",
      "allowed_override_options": [
        "REOBSERVE",
        "BACKTRACK_ONE",
        "ADVANCE"
      ],
      "option_validation": {
        "labeled_states": 29,
        "strict_states": 2,
        "baseline_option": "RETRY_CURRENT",
        "override_options": [
          "REOBSERVE",
          "BACKTRACK_ONE",
          "ADVANCE"
        ],
        "target_retry_states": 27,
        "target_tie_states": 27,
        "target_override_states": 2,
        "raw_false_recovery_rate": 0.037037037037037035,
        "raw_recovery_rate": 0.0,
        "selective_recovery": {
          "max_false_recovery_rate": 0.05,
          "option_value_margin": 0.1484375149011612,
          "false_recovery_rate": 0.0,
          "false_recovery_states": 0,
          "true_recovery_rate": 0.0,
          "beneficial_recovery_rate": 0.0,
          "beneficial_recovery_states": 0,
          "beneficial_recovery_rate_all_states": 0.0,
          "accuracy": 0.9310344827586207,
          "mean_decision_regret": 0.4137931168079376
        }
      },
      "offline_option_rank": 179
    },
    {
      "variant_id": "w010-v04-gru-h8-w64-d025-reobserve+backtrack+advance+consensus",
      "checkpoint_variant": "v04-gru-h8-w64-d025",
      "checkpoint": "/HELIOS/Robotics/UnitreeRobotic/checkpoints/robocerebra/GR00T-RC-CTR-search/R0-residual-v9-override-weight/w010/v04-gru-h8-w64-d025",
      "weights_sha256": "228d08d3ec3acbf7ff0f1d8c022e13d18a11f2bae2bbd586e37eb021e8450e4f",
      "override_weight_id": "w010",
      "option_override_weight": 0.1,
      "option_mask_id": "reobserve+backtrack+advance+consensus",
      "allowed_override_options": [
        "REOBSERVE",
        "BACKTRACK_ONE",
        "ADVANCE",
        "CONSENSUS_PREFIX"
      ],
      "option_validation": {
        "labeled_states": 29,
        "strict_states": 4,
        "baseline_option": "RETRY_CURRENT",
        "override_options": [
          "REOBSERVE",
          "BACKTRACK_ONE",
          "ADVANCE",
          "CONSENSUS_PREFIX"
        ],
        "target_retry_states": 25,
        "target_tie_states": 25,
        "target_override_states": 4,
        "raw_false_recovery_rate": 0.12,
        "raw_recovery_rate": 0.0,
        "selective_recovery": {
          "max_false_recovery_rate": 0.05,
          "option_value_margin": 0.8632813096046448,
          "false_recovery_rate": 0.0,
          "false_recovery_states": 0,
          "true_recovery_rate": 0.0,
          "beneficial_recovery_rate": 0.0,
          "beneficial_recovery_states": 0,
          "beneficial_recovery_rate_all_states": 0.0,
          "accuracy": 0.8620689655172413,
          "mean_decision_regret": 0.4137931168079376
        }
      },
      "offline_option_rank": 180
    },
    {
      "variant_id": "w010-v04-gru-h8-w64-d025-reobserve+backtrack+consensus",
      "checkpoint_variant": "v04-gru-h8-w64-d025",
      "checkpoint": "/HELIOS/Robotics/UnitreeRobotic/checkpoints/robocerebra/GR00T-RC-CTR-search/R0-residual-v9-override-weight/w010/v04-gru-h8-w64-d025",
      "weights_sha256": "228d08d3ec3acbf7ff0f1d8c022e13d18a11f2bae2bbd586e37eb021e8450e4f",
      "override_weight_id": "w010",
      "option_override_weight": 0.1,
      "option_mask_id": "reobserve+backtrack+consensus",
      "allowed_override_options": [
        "REOBSERVE",
        "BACKTRACK_ONE",
        "CONSENSUS_PREFIX"
      ],
      "option_validation": {
        "labeled_states": 29,
        "strict_states": 4,
        "baseline_option": "RETRY_CURRENT",
        "override_options": [
          "REOBSERVE",
          "BACKTRACK_ONE",
          "CONSENSUS_PREFIX"
        ],
        "target_retry_states": 25,
        "target_tie_states": 25,
        "target_override_states": 4,
        "raw_false_recovery_rate": 0.12,
        "raw_recovery_rate": 0.0,
        "selective_recovery": {
          "max_false_recovery_rate": 0.05,
          "option_value_margin": 0.8632813096046448,
          "false_recovery_rate": 0.0,
          "false_recovery_states": 0,
          "true_recovery_rate": 0.0,
          "beneficial_recovery_rate": 0.0,
          "beneficial_recovery_states": 0,
          "beneficial_recovery_rate_all_states": 0.0,
          "accuracy": 0.8620689655172413,
          "mean_decision_regret": 0.4137931168079376
        }
      },
      "offline_option_rank": 181
    },
    {
      "variant_id": "w010-v04-gru-h8-w64-d025-reobserve+consensus",
      "checkpoint_variant": "v04-gru-h8-w64-d025",
      "checkpoint": "/HELIOS/Robotics/UnitreeRobotic/checkpoints/robocerebra/GR00T-RC-CTR-search/R0-residual-v9-override-weight/w010/v04-gru-h8-w64-d025",
      "weights_sha256": "228d08d3ec3acbf7ff0f1d8c022e13d18a11f2bae2bbd586e37eb021e8450e4f",
      "override_weight_id": "w010",
      "option_override_weight": 0.1,
      "option_mask_id": "reobserve+consensus",
      "allowed_override_options": [
        "REOBSERVE",
        "CONSENSUS_PREFIX"
      ],
      "option_validation": {
        "labeled_states": 29,
        "strict_states": 3,
        "baseline_option": "RETRY_CURRENT",
        "override_options": [
          "REOBSERVE",
          "CONSENSUS_PREFIX"
        ],
        "target_retry_states": 26,
        "target_tie_states": 26,
        "target_override_states": 3,
        "raw_false_recovery_rate": 0.11538461538461539,
        "raw_recovery_rate": 0.0,
        "selective_recovery": {
          "max_false_recovery_rate": 0.05,
          "option_value_margin": 0.8632813096046448,
          "false_recovery_rate": 0.0,
          "false_recovery_states": 0,
          "true_recovery_rate": 0.0,
          "beneficial_recovery_rate": 0.0,
          "beneficial_recovery_states": 0,
          "beneficial_recovery_rate_all_states": 0.0,
          "accuracy": 0.896551724137931,
          "mean_decision_regret": 0.4137931168079376
        }
      },
      "offline_option_rank": 182
    },
    {
      "variant_id": "w010-v05-transformer-h8-w64-d025-advance",
      "checkpoint_variant": "v05-transformer-h8-w64-d025",
      "checkpoint": "/HELIOS/Robotics/UnitreeRobotic/checkpoints/robocerebra/GR00T-RC-CTR-search/R0-residual-v9-override-weight/w010/v05-transformer-h8-w64-d025",
      "weights_sha256": "bcf12a3acdf866064d3eaaa962b742e56aa8d636878c4926873e65aee5f75c57",
      "override_weight_id": "w010",
      "option_override_weight": 0.1,
      "option_mask_id": "advance",
      "allowed_override_options": [
        "ADVANCE"
      ],
      "option_validation": {
        "labeled_states": 29,
        "strict_states": 28,
        "baseline_option": "RETRY_CURRENT",
        "override_options": [
          "ADVANCE"
        ],
        "target_retry_states": 29,
        "target_tie_states": 1,
        "target_override_states": 0,
        "raw_false_recovery_rate": 0.034482758620689655,
        "raw_recovery_rate": 0.0,
        "selective_recovery": {
          "max_false_recovery_rate": 0.05,
          "option_value_margin": 0.0888671949505806,
          "false_recovery_rate": 0.0,
          "false_recovery_states": 0,
          "true_recovery_rate": 0.0,
          "beneficial_recovery_rate": 0.0,
          "beneficial_recovery_states": 0,
          "beneficial_recovery_rate_all_states": 0.0,
          "accuracy": 1.0,
          "mean_decision_regret": 0.4137931168079376
        }
      },
      "offline_option_rank": 183
    },
    {
      "variant_id": "w010-v05-transformer-h8-w64-d025-advance+consensus",
      "checkpoint_variant": "v05-transformer-h8-w64-d025",
      "checkpoint": "/HELIOS/Robotics/UnitreeRobotic/checkpoints/robocerebra/GR00T-RC-CTR-search/R0-residual-v9-override-weight/w010/v05-transformer-h8-w64-d025",
      "weights_sha256": "bcf12a3acdf866064d3eaaa962b742e56aa8d636878c4926873e65aee5f75c57",
      "override_weight_id": "w010",
      "option_override_weight": 0.1,
      "option_mask_id": "advance+consensus",
      "allowed_override_options": [
        "ADVANCE",
        "CONSENSUS_PREFIX"
      ],
      "option_validation": {
        "labeled_states": 29,
        "strict_states": 3,
        "baseline_option": "RETRY_CURRENT",
        "override_options": [
          "ADVANCE",
          "CONSENSUS_PREFIX"
        ],
        "target_retry_states": 27,
        "target_tie_states": 26,
        "target_override_states": 2,
        "raw_false_recovery_rate": 0.1111111111111111,
        "raw_recovery_rate": 0.5,
        "selective_recovery": {
          "max_false_recovery_rate": 0.05,
          "option_value_margin": 0.8837891221046448,
          "false_recovery_rate": 0.0,
          "false_recovery_states": 0,
          "true_recovery_rate": 0.0,
          "beneficial_recovery_rate": 0.0,
          "beneficial_recovery_states": 0,
          "beneficial_recovery_rate_all_states": 0.0,
          "accuracy": 0.9310344827586207,
          "mean_decision_regret": 0.4137931168079376
        }
      },
      "offline_option_rank": 184
    },
    {
      "variant_id": "w010-v05-transformer-h8-w64-d025-backtrack+advance",
      "checkpoint_variant": "v05-transformer-h8-w64-d025",
      "checkpoint": "/HELIOS/Robotics/UnitreeRobotic/checkpoints/robocerebra/GR00T-RC-CTR-search/R0-residual-v9-override-weight/w010/v05-transformer-h8-w64-d025",
      "weights_sha256": "bcf12a3acdf866064d3eaaa962b742e56aa8d636878c4926873e65aee5f75c57",
      "override_weight_id": "w010",
      "option_override_weight": 0.1,
      "option_mask_id": "backtrack+advance",
      "allowed_override_options": [
        "BACKTRACK_ONE",
        "ADVANCE"
      ],
      "option_validation": {
        "labeled_states": 29,
        "strict_states": 3,
        "baseline_option": "RETRY_CURRENT",
        "override_options": [
          "BACKTRACK_ONE",
          "ADVANCE"
        ],
        "target_retry_states": 28,
        "target_tie_states": 26,
        "target_override_states": 1,
        "raw_false_recovery_rate": 0.03571428571428571,
        "raw_recovery_rate": 0.0,
        "selective_recovery": {
          "max_false_recovery_rate": 0.05,
          "option_value_margin": 0.0888671949505806,
          "false_recovery_rate": 0.0,
          "false_recovery_states": 0,
          "true_recovery_rate": 0.0,
          "beneficial_recovery_rate": 0.0,
          "beneficial_recovery_states": 0,
          "beneficial_recovery_rate_all_states": 0.0,
          "accuracy": 0.9655172413793104,
          "mean_decision_regret": 0.4137931168079376
        }
      },
      "offline_option_rank": 185
    },
    {
      "variant_id": "w010-v05-transformer-h8-w64-d025-backtrack+advance+consensus",
      "checkpoint_variant": "v05-transformer-h8-w64-d025",
      "checkpoint": "/HELIOS/Robotics/UnitreeRobotic/checkpoints/robocerebra/GR00T-RC-CTR-search/R0-residual-v9-override-weight/w010/v05-transformer-h8-w64-d025",
      "weights_sha256": "bcf12a3acdf866064d3eaaa962b742e56aa8d636878c4926873e65aee5f75c57",
      "override_weight_id": "w010",
      "option_override_weight": 0.1,
      "option_mask_id": "backtrack+advance+consensus",
      "allowed_override_options": [
        "BACKTRACK_ONE",
        "ADVANCE",
        "CONSENSUS_PREFIX"
      ],
      "option_validation": {
        "labeled_states": 29,
        "strict_states": 3,
        "baseline_option": "RETRY_CURRENT",
        "override_options": [
          "BACKTRACK_ONE",
          "ADVANCE",
          "CONSENSUS_PREFIX"
        ],
        "target_retry_states": 26,
        "target_tie_states": 26,
        "target_override_states": 3,
        "raw_false_recovery_rate": 0.11538461538461539,
        "raw_recovery_rate": 0.3333333333333333,
        "selective_recovery": {
          "max_false_recovery_rate": 0.05,
          "option_value_margin": 0.8837891221046448,
          "false_recovery_rate": 0.0,
          "false_recovery_states": 0,
          "true_recovery_rate": 0.0,
          "beneficial_recovery_rate": 0.0,
          "beneficial_recovery_states": 0,
          "beneficial_recovery_rate_all_states": 0.0,
          "accuracy": 0.896551724137931,
          "mean_decision_regret": 0.4137931168079376
        }
      },
      "offline_option_rank": 186
    },
    {
      "variant_id": "w010-v05-transformer-h8-w64-d025-backtrack+consensus",
      "checkpoint_variant": "v05-transformer-h8-w64-d025",
      "checkpoint": "/HELIOS/Robotics/UnitreeRobotic/checkpoints/robocerebra/GR00T-RC-CTR-search/R0-residual-v9-override-weight/w010/v05-transformer-h8-w64-d025",
      "weights_sha256": "bcf12a3acdf866064d3eaaa962b742e56aa8d636878c4926873e65aee5f75c57",
      "override_weight_id": "w010",
      "option_override_weight": 0.1,
      "option_mask_id": "backtrack+consensus",
      "allowed_override_options": [
        "BACKTRACK_ONE",
        "CONSENSUS_PREFIX"
      ],
      "option_validation": {
        "labeled_states": 29,
        "strict_states": 3,
        "baseline_option": "RETRY_CURRENT",
        "override_options": [
          "BACKTRACK_ONE",
          "CONSENSUS_PREFIX"
        ],
        "target_retry_states": 26,
        "target_tie_states": 26,
        "target_override_states": 3,
        "raw_false_recovery_rate": 0.07692307692307693,
        "raw_recovery_rate": 0.3333333333333333,
        "selective_recovery": {
          "max_false_recovery_rate": 0.05,
          "option_value_margin": 0.8837891221046448,
          "false_recovery_rate": 0.0,
          "false_recovery_states": 0,
          "true_recovery_rate": 0.0,
          "beneficial_recovery_rate": 0.0,
          "beneficial_recovery_states": 0,
          "beneficial_recovery_rate_all_states": 0.0,
          "accuracy": 0.896551724137931,
          "mean_decision_regret": 0.4137931168079376
        }
      },
      "offline_option_rank": 187
    },
    {
      "variant_id": "w010-v05-transformer-h8-w64-d025-consensus",
      "checkpoint_variant": "v05-transformer-h8-w64-d025",
      "checkpoint": "/HELIOS/Robotics/UnitreeRobotic/checkpoints/robocerebra/GR00T-RC-CTR-search/R0-residual-v9-override-weight/w010/v05-transformer-h8-w64-d025",
      "weights_sha256": "bcf12a3acdf866064d3eaaa962b742e56aa8d636878c4926873e65aee5f75c57",
      "override_weight_id": "w010",
      "option_override_weight": 0.1,
      "option_mask_id": "consensus",
      "allowed_override_options": [
        "CONSENSUS_PREFIX"
      ],
      "option_validation": {
        "labeled_states": 29,
        "strict_states": 3,
        "baseline_option": "RETRY_CURRENT",
        "override_options": [
          "CONSENSUS_PREFIX"
        ],
        "target_retry_states": 27,
        "target_tie_states": 26,
        "target_override_states": 2,
        "raw_false_recovery_rate": 0.07407407407407407,
        "raw_recovery_rate": 0.5,
        "selective_recovery": {
          "max_false_recovery_rate": 0.05,
          "option_value_margin": 0.8837891221046448,
          "false_recovery_rate": 0.0,
          "false_recovery_states": 0,
          "true_recovery_rate": 0.0,
          "beneficial_recovery_rate": 0.0,
          "beneficial_recovery_states": 0,
          "beneficial_recovery_rate_all_states": 0.0,
          "accuracy": 0.9310344827586207,
          "mean_decision_regret": 0.4137931168079376
        }
      },
      "offline_option_rank": 188
    },
    {
      "variant_id": "w010-v05-transformer-h8-w64-d025-reobserve",
      "checkpoint_variant": "v05-transformer-h8-w64-d025",
      "checkpoint": "/HELIOS/Robotics/UnitreeRobotic/checkpoints/robocerebra/GR00T-RC-CTR-search/R0-residual-v9-override-weight/w010/v05-transformer-h8-w64-d025",
      "weights_sha256": "bcf12a3acdf866064d3eaaa962b742e56aa8d636878c4926873e65aee5f75c57",
      "override_weight_id": "w010",
      "option_override_weight": 0.1,
      "option_mask_id": "reobserve",
      "allowed_override_options": [
        "REOBSERVE"
      ],
      "option_validation": {
        "labeled_states": 29,
        "strict_states": 1,
        "baseline_option": "RETRY_CURRENT",
        "override_options": [
          "REOBSERVE"
        ],
        "target_retry_states": 28,
        "target_tie_states": 28,
        "target_override_states": 1,
        "raw_false_recovery_rate": 0.03571428571428571,
        "raw_recovery_rate": 0.0,
        "selective_recovery": {
          "max_false_recovery_rate": 0.05,
          "option_value_margin": 0.5664063096046448,
          "false_recovery_rate": 0.0,
          "false_recovery_states": 0,
          "true_recovery_rate": 0.0,
          "beneficial_recovery_rate": 0.0,
          "beneficial_recovery_states": 0,
          "beneficial_recovery_rate_all_states": 0.0,
          "accuracy": 0.9655172413793104,
          "mean_decision_regret": 0.4137931168079376
        }
      },
      "offline_option_rank": 189
    },
    {
      "variant_id": "w010-v05-transformer-h8-w64-d025-reobserve+advance",
      "checkpoint_variant": "v05-transformer-h8-w64-d025",
      "checkpoint": "/HELIOS/Robotics/UnitreeRobotic/checkpoints/robocerebra/GR00T-RC-CTR-search/R0-residual-v9-override-weight/w010/v05-transformer-h8-w64-d025",
      "weights_sha256": "bcf12a3acdf866064d3eaaa962b742e56aa8d636878c4926873e65aee5f75c57",
      "override_weight_id": "w010",
      "option_override_weight": 0.1,
      "option_mask_id": "reobserve+advance",
      "allowed_override_options": [
        "REOBSERVE",
        "ADVANCE"
      ],
      "option_validation": {
        "labeled_states": 29,
        "strict_states": 1,
        "baseline_option": "RETRY_CURRENT",
        "override_options": [
          "REOBSERVE",
          "ADVANCE"
        ],
        "target_retry_states": 28,
        "target_tie_states": 28,
        "target_override_states": 1,
        "raw_false_recovery_rate": 0.03571428571428571,
        "raw_recovery_rate": 0.0,
        "selective_recovery": {
          "max_false_recovery_rate": 0.05,
          "option_value_margin": 0.5664063096046448,
          "false_recovery_rate": 0.0,
          "false_recovery_states": 0,
          "true_recovery_rate": 0.0,
          "beneficial_recovery_rate": 0.0,
          "beneficial_recovery_states": 0,
          "beneficial_recovery_rate_all_states": 0.0,
          "accuracy": 0.9655172413793104,
          "mean_decision_regret": 0.4137931168079376
        }
      },
      "offline_option_rank": 190
    },
    {
      "variant_id": "w010-v05-transformer-h8-w64-d025-reobserve+advance+consensus",
      "checkpoint_variant": "v05-transformer-h8-w64-d025",
      "checkpoint": "/HELIOS/Robotics/UnitreeRobotic/checkpoints/robocerebra/GR00T-RC-CTR-search/R0-residual-v9-override-weight/w010/v05-transformer-h8-w64-d025",
      "weights_sha256": "bcf12a3acdf866064d3eaaa962b742e56aa8d636878c4926873e65aee5f75c57",
      "override_weight_id": "w010",
      "option_override_weight": 0.1,
      "option_mask_id": "reobserve+advance+consensus",
      "allowed_override_options": [
        "REOBSERVE",
        "ADVANCE",
        "CONSENSUS_PREFIX"
      ],
      "option_validation": {
        "labeled_states": 29,
        "strict_states": 3,
        "baseline_option": "RETRY_CURRENT",
        "override_options": [
          "REOBSERVE",
          "ADVANCE",
          "CONSENSUS_PREFIX"
        ],
        "target_retry_states": 26,
        "target_tie_states": 26,
        "target_override_states": 3,
        "raw_false_recovery_rate": 0.11538461538461539,
        "raw_recovery_rate": 0.3333333333333333,
        "selective_recovery": {
          "max_false_recovery_rate": 0.05,
          "option_value_margin": 0.8837891221046448,
          "false_recovery_rate": 0.0,
          "false_recovery_states": 0,
          "true_recovery_rate": 0.0,
          "beneficial_recovery_rate": 0.0,
          "beneficial_recovery_states": 0,
          "beneficial_recovery_rate_all_states": 0.0,
          "accuracy": 0.896551724137931,
          "mean_decision_regret": 0.4137931168079376
        }
      },
      "offline_option_rank": 191
    },
    {
      "variant_id": "w010-v05-transformer-h8-w64-d025-reobserve+backtrack",
      "checkpoint_variant": "v05-transformer-h8-w64-d025",
      "checkpoint": "/HELIOS/Robotics/UnitreeRobotic/checkpoints/robocerebra/GR00T-RC-CTR-search/R0-residual-v9-override-weight/w010/v05-transformer-h8-w64-d025",
      "weights_sha256": "bcf12a3acdf866064d3eaaa962b742e56aa8d636878c4926873e65aee5f75c57",
      "override_weight_id": "w010",
      "option_override_weight": 0.1,
      "option_mask_id": "reobserve+backtrack",
      "allowed_override_options": [
        "REOBSERVE",
        "BACKTRACK_ONE"
      ],
      "option_validation": {
        "labeled_states": 29,
        "strict_states": 2,
        "baseline_option": "RETRY_CURRENT",
        "override_options": [
          "REOBSERVE",
          "BACKTRACK_ONE"
        ],
        "target_retry_states": 27,
        "target_tie_states": 27,
        "target_override_states": 2,
        "raw_false_recovery_rate": 0.037037037037037035,
        "raw_recovery_rate": 0.0,
        "selective_recovery": {
          "max_false_recovery_rate": 0.05,
          "option_value_margin": 0.5664063096046448,
          "false_recovery_rate": 0.0,
          "false_recovery_states": 0,
          "true_recovery_rate": 0.0,
          "beneficial_recovery_rate": 0.0,
          "beneficial_recovery_states": 0,
          "beneficial_recovery_rate_all_states": 0.0,
          "accuracy": 0.9310344827586207,
          "mean_decision_regret": 0.4137931168079376
        }
      },
      "offline_option_rank": 192
    },
    {
      "variant_id": "w010-v05-transformer-h8-w64-d025-reobserve+backtrack+advance",
      "checkpoint_variant": "v05-transformer-h8-w64-d025",
      "checkpoint": "/HELIOS/Robotics/UnitreeRobotic/checkpoints/robocerebra/GR00T-RC-CTR-search/R0-residual-v9-override-weight/w010/v05-transformer-h8-w64-d025",
      "weights_sha256": "bcf12a3acdf866064d3eaaa962b742e56aa8d636878c4926873e65aee5f75c57",
      "override_weight_id": "w010",
      "option_override_weight": 0.1,
      "option_mask_id": "reobserve+backtrack+advance",
      "allowed_override_options": [
        "REOBSERVE",
        "BACKTRACK_ONE",
        "ADVANCE"
      ],
      "option_validation": {
        "labeled_states": 29,
        "strict_states": 2,
        "baseline_option": "RETRY_CURRENT",
        "override_options": [
          "REOBSERVE",
          "BACKTRACK_ONE",
          "ADVANCE"
        ],
        "target_retry_states": 27,
        "target_tie_states": 27,
        "target_override_states": 2,
        "raw_false_recovery_rate": 0.037037037037037035,
        "raw_recovery_rate": 0.0,
        "selective_recovery": {
          "max_false_recovery_rate": 0.05,
          "option_value_margin": 0.5664063096046448,
          "false_recovery_rate": 0.0,
          "false_recovery_states": 0,
          "true_recovery_rate": 0.0,
          "beneficial_recovery_rate": 0.0,
          "beneficial_recovery_states": 0,
          "beneficial_recovery_rate_all_states": 0.0,
          "accuracy": 0.9310344827586207,
          "mean_decision_regret": 0.4137931168079376
        }
      },
      "offline_option_rank": 193
    },
    {
      "variant_id": "w010-v05-transformer-h8-w64-d025-reobserve+backtrack+advance+consensus",
      "checkpoint_variant": "v05-transformer-h8-w64-d025",
      "checkpoint": "/HELIOS/Robotics/UnitreeRobotic/checkpoints/robocerebra/GR00T-RC-CTR-search/R0-residual-v9-override-weight/w010/v05-transformer-h8-w64-d025",
      "weights_sha256": "bcf12a3acdf866064d3eaaa962b742e56aa8d636878c4926873e65aee5f75c57",
      "override_weight_id": "w010",
      "option_override_weight": 0.1,
      "option_mask_id": "reobserve+backtrack+advance+consensus",
      "allowed_override_options": [
        "REOBSERVE",
        "BACKTRACK_ONE",
        "ADVANCE",
        "CONSENSUS_PREFIX"
      ],
      "option_validation": {
        "labeled_states": 29,
        "strict_states": 4,
        "baseline_option": "RETRY_CURRENT",
        "override_options": [
          "REOBSERVE",
          "BACKTRACK_ONE",
          "ADVANCE",
          "CONSENSUS_PREFIX"
        ],
        "target_retry_states": 25,
        "target_tie_states": 25,
        "target_override_states": 4,
        "raw_false_recovery_rate": 0.12,
        "raw_recovery_rate": 0.25,
        "selective_recovery": {
          "max_false_recovery_rate": 0.05,
          "option_value_margin": 0.8837891221046448,
          "false_recovery_rate": 0.0,
          "false_recovery_states": 0,
          "true_recovery_rate": 0.0,
          "beneficial_recovery_rate": 0.0,
          "beneficial_recovery_states": 0,
          "beneficial_recovery_rate_all_states": 0.0,
          "accuracy": 0.8620689655172413,
          "mean_decision_regret": 0.4137931168079376
        }
      },
      "offline_option_rank": 194
    },
    {
      "variant_id": "w010-v05-transformer-h8-w64-d025-reobserve+backtrack+consensus",
      "checkpoint_variant": "v05-transformer-h8-w64-d025",
      "checkpoint": "/HELIOS/Robotics/UnitreeRobotic/checkpoints/robocerebra/GR00T-RC-CTR-search/R0-residual-v9-override-weight/w010/v05-transformer-h8-w64-d025",
      "weights_sha256": "bcf12a3acdf866064d3eaaa962b742e56aa8d636878c4926873e65aee5f75c57",
      "override_weight_id": "w010",
      "option_override_weight": 0.1,
      "option_mask_id": "reobserve+backtrack+consensus",
      "allowed_override_options": [
        "REOBSERVE",
        "BACKTRACK_ONE",
        "CONSENSUS_PREFIX"
      ],
      "option_validation": {
        "labeled_states": 29,
        "strict_states": 4,
        "baseline_option": "RETRY_CURRENT",
        "override_options": [
          "REOBSERVE",
          "BACKTRACK_ONE",
          "CONSENSUS_PREFIX"
        ],
        "target_retry_states": 25,
        "target_tie_states": 25,
        "target_override_states": 4,
        "raw_false_recovery_rate": 0.12,
        "raw_recovery_rate": 0.25,
        "selective_recovery": {
          "max_false_recovery_rate": 0.05,
          "option_value_margin": 0.8837891221046448,
          "false_recovery_rate": 0.0,
          "false_recovery_states": 0,
          "true_recovery_rate": 0.0,
          "beneficial_recovery_rate": 0.0,
          "beneficial_recovery_states": 0,
          "beneficial_recovery_rate_all_states": 0.0,
          "accuracy": 0.8620689655172413,
          "mean_decision_regret": 0.4137931168079376
        }
      },
      "offline_option_rank": 195
    },
    {
      "variant_id": "w010-v05-transformer-h8-w64-d025-reobserve+consensus",
      "checkpoint_variant": "v05-transformer-h8-w64-d025",
      "checkpoint": "/HELIOS/Robotics/UnitreeRobotic/checkpoints/robocerebra/GR00T-RC-CTR-search/R0-residual-v9-override-weight/w010/v05-transformer-h8-w64-d025",
      "weights_sha256": "bcf12a3acdf866064d3eaaa962b742e56aa8d636878c4926873e65aee5f75c57",
      "override_weight_id": "w010",
      "option_override_weight": 0.1,
      "option_mask_id": "reobserve+consensus",
      "allowed_override_options": [
        "REOBSERVE",
        "CONSENSUS_PREFIX"
      ],
      "option_validation": {
        "labeled_states": 29,
        "strict_states": 3,
        "baseline_option": "RETRY_CURRENT",
        "override_options": [
          "REOBSERVE",
          "CONSENSUS_PREFIX"
        ],
        "target_retry_states": 26,
        "target_tie_states": 26,
        "target_override_states": 3,
        "raw_false_recovery_rate": 0.11538461538461539,
        "raw_recovery_rate": 0.3333333333333333,
        "selective_recovery": {
          "max_false_recovery_rate": 0.05,
          "option_value_margin": 0.8837891221046448,
          "false_recovery_rate": 0.0,
          "false_recovery_states": 0,
          "true_recovery_rate": 0.0,
          "beneficial_recovery_rate": 0.0,
          "beneficial_recovery_states": 0,
          "beneficial_recovery_rate_all_states": 0.0,
          "accuracy": 0.896551724137931,
          "mean_decision_regret": 0.4137931168079376
        }
      },
      "offline_option_rank": 196
    },
    {
      "variant_id": "w025-v00-linear-h4-w32-d025-advance",
      "checkpoint_variant": "v00-linear-h4-w32-d025",
      "checkpoint": "/HELIOS/Robotics/UnitreeRobotic/checkpoints/robocerebra/GR00T-RC-CTR-search/R0-residual-v9-override-weight/w025/v00-linear-h4-w32-d025",
      "weights_sha256": "f2cf9f1aa27b2305ceff1feb65ac8c2afd337dfd975a97a4504e817ac5cf10ad",
      "override_weight_id": "w025",
      "option_override_weight": 0.25,
      "option_mask_id": "advance",
      "allowed_override_options": [
        "ADVANCE"
      ],
      "option_validation": {
        "labeled_states": 29,
        "strict_states": 28,
        "baseline_option": "RETRY_CURRENT",
        "override_options": [
          "ADVANCE"
        ],
        "target_retry_states": 29,
        "target_tie_states": 1,
        "target_override_states": 0,
        "raw_false_recovery_rate": 0.0,
        "raw_recovery_rate": 0.0,
        "selective_recovery": {
          "max_false_recovery_rate": 0.05,
          "option_value_margin": 0.0,
          "false_recovery_rate": 0.0,
          "false_recovery_states": 0,
          "true_recovery_rate": 0.0,
          "beneficial_recovery_rate": 0.0,
          "beneficial_recovery_states": 0,
          "beneficial_recovery_rate_all_states": 0.0,
          "accuracy": 1.0,
          "mean_decision_regret": 0.4137931168079376
        }
      },
      "offline_option_rank": 197
    },
    {
      "variant_id": "w025-v00-linear-h4-w32-d025-advance+consensus",
      "checkpoint_variant": "v00-linear-h4-w32-d025",
      "checkpoint": "/HELIOS/Robotics/UnitreeRobotic/checkpoints/robocerebra/GR00T-RC-CTR-search/R0-residual-v9-override-weight/w025/v00-linear-h4-w32-d025",
      "weights_sha256": "f2cf9f1aa27b2305ceff1feb65ac8c2afd337dfd975a97a4504e817ac5cf10ad",
      "override_weight_id": "w025",
      "option_override_weight": 0.25,
      "option_mask_id": "advance+consensus",
      "allowed_override_options": [
        "ADVANCE",
        "CONSENSUS_PREFIX"
      ],
      "option_validation": {
        "labeled_states": 29,
        "strict_states": 3,
        "baseline_option": "RETRY_CURRENT",
        "override_options": [
          "ADVANCE",
          "CONSENSUS_PREFIX"
        ],
        "target_retry_states": 27,
        "target_tie_states": 26,
        "target_override_states": 2,
        "raw_false_recovery_rate": 0.037037037037037035,
        "raw_recovery_rate": 0.0,
        "selective_recovery": {
          "max_false_recovery_rate": 0.05,
          "option_value_margin": 1.0966798067092896,
          "false_recovery_rate": 0.0,
          "false_recovery_states": 0,
          "true_recovery_rate": 0.0,
          "beneficial_recovery_rate": 0.0,
          "beneficial_recovery_states": 0,
          "beneficial_recovery_rate_all_states": 0.0,
          "accuracy": 0.9310344827586207,
          "mean_decision_regret": 0.4137931168079376
        }
      },
      "offline_option_rank": 198
    },
    {
      "variant_id": "w025-v00-linear-h4-w32-d025-backtrack+advance",
      "checkpoint_variant": "v00-linear-h4-w32-d025",
      "checkpoint": "/HELIOS/Robotics/UnitreeRobotic/checkpoints/robocerebra/GR00T-RC-CTR-search/R0-residual-v9-override-weight/w025/v00-linear-h4-w32-d025",
      "weights_sha256": "f2cf9f1aa27b2305ceff1feb65ac8c2afd337dfd975a97a4504e817ac5cf10ad",
      "override_weight_id": "w025",
      "option_override_weight": 0.25,
      "option_mask_id": "backtrack+advance",
      "allowed_override_options": [
        "BACKTRACK_ONE",
        "ADVANCE"
      ],
      "option_validation": {
        "labeled_states": 29,
        "strict_states": 3,
        "baseline_option": "RETRY_CURRENT",
        "override_options": [
          "BACKTRACK_ONE",
          "ADVANCE"
        ],
        "target_retry_states": 28,
        "target_tie_states": 26,
        "target_override_states": 1,
        "raw_false_recovery_rate": 0.03571428571428571,
        "raw_recovery_rate": 0.0,
        "selective_recovery": {
          "max_false_recovery_rate": 0.05,
          "option_value_margin": 0.1562500149011612,
          "false_recovery_rate": 0.0,
          "false_recovery_states": 0,
          "true_recovery_rate": 0.0,
          "beneficial_recovery_rate": 0.0,
          "beneficial_recovery_states": 0,
          "beneficial_recovery_rate_all_states": 0.0,
          "accuracy": 0.9655172413793104,
          "mean_decision_regret": 0.4137931168079376
        }
      },
      "offline_option_rank": 199
    },
    {
      "variant_id": "w025-v00-linear-h4-w32-d025-backtrack+advance+consensus",
      "checkpoint_variant": "v00-linear-h4-w32-d025",
      "checkpoint": "/HELIOS/Robotics/UnitreeRobotic/checkpoints/robocerebra/GR00T-RC-CTR-search/R0-residual-v9-override-weight/w025/v00-linear-h4-w32-d025",
      "weights_sha256": "f2cf9f1aa27b2305ceff1feb65ac8c2afd337dfd975a97a4504e817ac5cf10ad",
      "override_weight_id": "w025",
      "option_override_weight": 0.25,
      "option_mask_id": "backtrack+advance+consensus",
      "allowed_override_options": [
        "BACKTRACK_ONE",
        "ADVANCE",
        "CONSENSUS_PREFIX"
      ],
      "option_validation": {
        "labeled_states": 29,
        "strict_states": 3,
        "baseline_option": "RETRY_CURRENT",
        "override_options": [
          "BACKTRACK_ONE",
          "ADVANCE",
          "CONSENSUS_PREFIX"
        ],
        "target_retry_states": 26,
        "target_tie_states": 26,
        "target_override_states": 3,
        "raw_false_recovery_rate": 0.07692307692307693,
        "raw_recovery_rate": 0.0,
        "selective_recovery": {
          "max_false_recovery_rate": 0.05,
          "option_value_margin": 1.0966798067092896,
          "false_recovery_rate": 0.0,
          "false_recovery_states": 0,
          "true_recovery_rate": 0.0,
          "beneficial_recovery_rate": 0.0,
          "beneficial_recovery_states": 0,
          "beneficial_recovery_rate_all_states": 0.0,
          "accuracy": 0.896551724137931,
          "mean_decision_regret": 0.4137931168079376
        }
      },
      "offline_option_rank": 200
    },
    {
      "variant_id": "w025-v00-linear-h4-w32-d025-backtrack+consensus",
      "checkpoint_variant": "v00-linear-h4-w32-d025",
      "checkpoint": "/HELIOS/Robotics/UnitreeRobotic/checkpoints/robocerebra/GR00T-RC-CTR-search/R0-residual-v9-override-weight/w025/v00-linear-h4-w32-d025",
      "weights_sha256": "f2cf9f1aa27b2305ceff1feb65ac8c2afd337dfd975a97a4504e817ac5cf10ad",
      "override_weight_id": "w025",
      "option_override_weight": 0.25,
      "option_mask_id": "backtrack+consensus",
      "allowed_override_options": [
        "BACKTRACK_ONE",
        "CONSENSUS_PREFIX"
      ],
      "option_validation": {
        "labeled_states": 29,
        "strict_states": 3,
        "baseline_option": "RETRY_CURRENT",
        "override_options": [
          "BACKTRACK_ONE",
          "CONSENSUS_PREFIX"
        ],
        "target_retry_states": 26,
        "target_tie_states": 26,
        "target_override_states": 3,
        "raw_false_recovery_rate": 0.07692307692307693,
        "raw_recovery_rate": 0.0,
        "selective_recovery": {
          "max_false_recovery_rate": 0.05,
          "option_value_margin": 1.0966798067092896,
          "false_recovery_rate": 0.0,
          "false_recovery_states": 0,
          "true_recovery_rate": 0.0,
          "beneficial_recovery_rate": 0.0,
          "beneficial_recovery_states": 0,
          "beneficial_recovery_rate_all_states": 0.0,
          "accuracy": 0.896551724137931,
          "mean_decision_regret": 0.4137931168079376
        }
      },
      "offline_option_rank": 201
    },
    {
      "variant_id": "w025-v00-linear-h4-w32-d025-consensus",
      "checkpoint_variant": "v00-linear-h4-w32-d025",
      "checkpoint": "/HELIOS/Robotics/UnitreeRobotic/checkpoints/robocerebra/GR00T-RC-CTR-search/R0-residual-v9-override-weight/w025/v00-linear-h4-w32-d025",
      "weights_sha256": "f2cf9f1aa27b2305ceff1feb65ac8c2afd337dfd975a97a4504e817ac5cf10ad",
      "override_weight_id": "w025",
      "option_override_weight": 0.25,
      "option_mask_id": "consensus",
      "allowed_override_options": [
        "CONSENSUS_PREFIX"
      ],
      "option_validation": {
        "labeled_states": 29,
        "strict_states": 3,
        "baseline_option": "RETRY_CURRENT",
        "override_options": [
          "CONSENSUS_PREFIX"
        ],
        "target_retry_states": 27,
        "target_tie_states": 26,
        "target_override_states": 2,
        "raw_false_recovery_rate": 0.037037037037037035,
        "raw_recovery_rate": 0.0,
        "selective_recovery": {
          "max_false_recovery_rate": 0.05,
          "option_value_margin": 1.0966798067092896,
          "false_recovery_rate": 0.0,
          "false_recovery_states": 0,
          "true_recovery_rate": 0.0,
          "beneficial_recovery_rate": 0.0,
          "beneficial_recovery_states": 0,
          "beneficial_recovery_rate_all_states": 0.0,
          "accuracy": 0.9310344827586207,
          "mean_decision_regret": 0.4137931168079376
        }
      },
      "offline_option_rank": 202
    },
    {
      "variant_id": "w025-v00-linear-h4-w32-d025-reobserve",
      "checkpoint_variant": "v00-linear-h4-w32-d025",
      "checkpoint": "/HELIOS/Robotics/UnitreeRobotic/checkpoints/robocerebra/GR00T-RC-CTR-search/R0-residual-v9-override-weight/w025/v00-linear-h4-w32-d025",
      "weights_sha256": "f2cf9f1aa27b2305ceff1feb65ac8c2afd337dfd975a97a4504e817ac5cf10ad",
      "override_weight_id": "w025",
      "option_override_weight": 0.25,
      "option_mask_id": "reobserve",
      "allowed_override_options": [
        "REOBSERVE"
      ],
      "option_validation": {
        "labeled_states": 29,
        "strict_states": 1,
        "baseline_option": "RETRY_CURRENT",
        "override_options": [
          "REOBSERVE"
        ],
        "target_retry_states": 28,
        "target_tie_states": 28,
        "target_override_states": 1,
        "raw_false_recovery_rate": 0.0,
        "raw_recovery_rate": 0.0,
        "selective_recovery": {
          "max_false_recovery_rate": 0.05,
          "option_value_margin": 0.0,
          "false_recovery_rate": 0.0,
          "false_recovery_states": 0,
          "true_recovery_rate": 0.0,
          "beneficial_recovery_rate": 0.0,
          "beneficial_recovery_states": 0,
          "beneficial_recovery_rate_all_states": 0.0,
          "accuracy": 0.9655172413793104,
          "mean_decision_regret": 0.4137931168079376
        }
      },
      "offline_option_rank": 203
    },
    {
      "variant_id": "w025-v00-linear-h4-w32-d025-reobserve+advance",
      "checkpoint_variant": "v00-linear-h4-w32-d025",
      "checkpoint": "/HELIOS/Robotics/UnitreeRobotic/checkpoints/robocerebra/GR00T-RC-CTR-search/R0-residual-v9-override-weight/w025/v00-linear-h4-w32-d025",
      "weights_sha256": "f2cf9f1aa27b2305ceff1feb65ac8c2afd337dfd975a97a4504e817ac5cf10ad",
      "override_weight_id": "w025",
      "option_override_weight": 0.25,
      "option_mask_id": "reobserve+advance",
      "allowed_override_options": [
        "REOBSERVE",
        "ADVANCE"
      ],
      "option_validation": {
        "labeled_states": 29,
        "strict_states": 1,
        "baseline_option": "RETRY_CURRENT",
        "override_options": [
          "REOBSERVE",
          "ADVANCE"
        ],
        "target_retry_states": 28,
        "target_tie_states": 28,
        "target_override_states": 1,
        "raw_false_recovery_rate": 0.0,
        "raw_recovery_rate": 0.0,
        "selective_recovery": {
          "max_false_recovery_rate": 0.05,
          "option_value_margin": 0.0,
          "false_recovery_rate": 0.0,
          "false_recovery_states": 0,
          "true_recovery_rate": 0.0,
          "beneficial_recovery_rate": 0.0,
          "beneficial_recovery_states": 0,
          "beneficial_recovery_rate_all_states": 0.0,
          "accuracy": 0.9655172413793104,
          "mean_decision_regret": 0.4137931168079376
        }
      },
      "offline_option_rank": 204
    },
    {
      "variant_id": "w025-v00-linear-h4-w32-d025-reobserve+advance+consensus",
      "checkpoint_variant": "v00-linear-h4-w32-d025",
      "checkpoint": "/HELIOS/Robotics/UnitreeRobotic/checkpoints/robocerebra/GR00T-RC-CTR-search/R0-residual-v9-override-weight/w025/v00-linear-h4-w32-d025",
      "weights_sha256": "f2cf9f1aa27b2305ceff1feb65ac8c2afd337dfd975a97a4504e817ac5cf10ad",
      "override_weight_id": "w025",
      "option_override_weight": 0.25,
      "option_mask_id": "reobserve+advance+consensus",
      "allowed_override_options": [
        "REOBSERVE",
        "ADVANCE",
        "CONSENSUS_PREFIX"
      ],
      "option_validation": {
        "labeled_states": 29,
        "strict_states": 3,
        "baseline_option": "RETRY_CURRENT",
        "override_options": [
          "REOBSERVE",
          "ADVANCE",
          "CONSENSUS_PREFIX"
        ],
        "target_retry_states": 26,
        "target_tie_states": 26,
        "target_override_states": 3,
        "raw_false_recovery_rate": 0.038461538461538464,
        "raw_recovery_rate": 0.0,
        "selective_recovery": {
          "max_false_recovery_rate": 0.05,
          "option_value_margin": 1.0966798067092896,
          "false_recovery_rate": 0.0,
          "false_recovery_states": 0,
          "true_recovery_rate": 0.0,
          "beneficial_recovery_rate": 0.0,
          "beneficial_recovery_states": 0,
          "beneficial_recovery_rate_all_states": 0.0,
          "accuracy": 0.896551724137931,
          "mean_decision_regret": 0.4137931168079376
        }
      },
      "offline_option_rank": 205
    },
    {
      "variant_id": "w025-v00-linear-h4-w32-d025-reobserve+backtrack",
      "checkpoint_variant": "v00-linear-h4-w32-d025",
      "checkpoint": "/HELIOS/Robotics/UnitreeRobotic/checkpoints/robocerebra/GR00T-RC-CTR-search/R0-residual-v9-override-weight/w025/v00-linear-h4-w32-d025",
      "weights_sha256": "f2cf9f1aa27b2305ceff1feb65ac8c2afd337dfd975a97a4504e817ac5cf10ad",
      "override_weight_id": "w025",
      "option_override_weight": 0.25,
      "option_mask_id": "reobserve+backtrack",
      "allowed_override_options": [
        "REOBSERVE",
        "BACKTRACK_ONE"
      ],
      "option_validation": {
        "labeled_states": 29,
        "strict_states": 2,
        "baseline_option": "RETRY_CURRENT",
        "override_options": [
          "REOBSERVE",
          "BACKTRACK_ONE"
        ],
        "target_retry_states": 27,
        "target_tie_states": 27,
        "target_override_states": 2,
        "raw_false_recovery_rate": 0.037037037037037035,
        "raw_recovery_rate": 0.0,
        "selective_recovery": {
          "max_false_recovery_rate": 0.05,
          "option_value_margin": 0.1562500149011612,
          "false_recovery_rate": 0.0,
          "false_recovery_states": 0,
          "true_recovery_rate": 0.0,
          "beneficial_recovery_rate": 0.0,
          "beneficial_recovery_states": 0,
          "beneficial_recovery_rate_all_states": 0.0,
          "accuracy": 0.9310344827586207,
          "mean_decision_regret": 0.4137931168079376
        }
      },
      "offline_option_rank": 206
    },
    {
      "variant_id": "w025-v00-linear-h4-w32-d025-reobserve+backtrack+advance",
      "checkpoint_variant": "v00-linear-h4-w32-d025",
      "checkpoint": "/HELIOS/Robotics/UnitreeRobotic/checkpoints/robocerebra/GR00T-RC-CTR-search/R0-residual-v9-override-weight/w025/v00-linear-h4-w32-d025",
      "weights_sha256": "f2cf9f1aa27b2305ceff1feb65ac8c2afd337dfd975a97a4504e817ac5cf10ad",
      "override_weight_id": "w025",
      "option_override_weight": 0.25,
      "option_mask_id": "reobserve+backtrack+advance",
      "allowed_override_options": [
        "REOBSERVE",
        "BACKTRACK_ONE",
        "ADVANCE"
      ],
      "option_validation": {
        "labeled_states": 29,
        "strict_states": 2,
        "baseline_option": "RETRY_CURRENT",
        "override_options": [
          "REOBSERVE",
          "BACKTRACK_ONE",
          "ADVANCE"
        ],
        "target_retry_states": 27,
        "target_tie_states": 27,
        "target_override_states": 2,
        "raw_false_recovery_rate": 0.037037037037037035,
        "raw_recovery_rate": 0.0,
        "selective_recovery": {
          "max_false_recovery_rate": 0.05,
          "option_value_margin": 0.1562500149011612,
          "false_recovery_rate": 0.0,
          "false_recovery_states": 0,
          "true_recovery_rate": 0.0,
          "beneficial_recovery_rate": 0.0,
          "beneficial_recovery_states": 0,
          "beneficial_recovery_rate_all_states": 0.0,
          "accuracy": 0.9310344827586207,
          "mean_decision_regret": 0.4137931168079376
        }
      },
      "offline_option_rank": 207
    },
    {
      "variant_id": "w025-v00-linear-h4-w32-d025-reobserve+backtrack+advance+consensus",
      "checkpoint_variant": "v00-linear-h4-w32-d025",
      "checkpoint": "/HELIOS/Robotics/UnitreeRobotic/checkpoints/robocerebra/GR00T-RC-CTR-search/R0-residual-v9-override-weight/w025/v00-linear-h4-w32-d025",
      "weights_sha256": "f2cf9f1aa27b2305ceff1feb65ac8c2afd337dfd975a97a4504e817ac5cf10ad",
      "override_weight_id": "w025",
      "option_override_weight": 0.25,
      "option_mask_id": "reobserve+backtrack+advance+consensus",
      "allowed_override_options": [
        "REOBSERVE",
        "BACKTRACK_ONE",
        "ADVANCE",
        "CONSENSUS_PREFIX"
      ],
      "option_validation": {
        "labeled_states": 29,
        "strict_states": 4,
        "baseline_option": "RETRY_CURRENT",
        "override_options": [
          "REOBSERVE",
          "BACKTRACK_ONE",
          "ADVANCE",
          "CONSENSUS_PREFIX"
        ],
        "target_retry_states": 25,
        "target_tie_states": 25,
        "target_override_states": 4,
        "raw_false_recovery_rate": 0.08,
        "raw_recovery_rate": 0.0,
        "selective_recovery": {
          "max_false_recovery_rate": 0.05,
          "option_value_margin": 1.0966798067092896,
          "false_recovery_rate": 0.0,
          "false_recovery_states": 0,
          "true_recovery_rate": 0.0,
          "beneficial_recovery_rate": 0.0,
          "beneficial_recovery_states": 0,
          "beneficial_recovery_rate_all_states": 0.0,
          "accuracy": 0.8620689655172413,
          "mean_decision_regret": 0.4137931168079376
        }
      },
      "offline_option_rank": 208
    },
    {
      "variant_id": "w025-v00-linear-h4-w32-d025-reobserve+backtrack+consensus",
      "checkpoint_variant": "v00-linear-h4-w32-d025",
      "checkpoint": "/HELIOS/Robotics/UnitreeRobotic/checkpoints/robocerebra/GR00T-RC-CTR-search/R0-residual-v9-override-weight/w025/v00-linear-h4-w32-d025",
      "weights_sha256": "f2cf9f1aa27b2305ceff1feb65ac8c2afd337dfd975a97a4504e817ac5cf10ad",
      "override_weight_id": "w025",
      "option_override_weight": 0.25,
      "option_mask_id": "reobserve+backtrack+consensus",
      "allowed_override_options": [
        "REOBSERVE",
        "BACKTRACK_ONE",
        "CONSENSUS_PREFIX"
      ],
      "option_validation": {
        "labeled_states": 29,
        "strict_states": 4,
        "baseline_option": "RETRY_CURRENT",
        "override_options": [
          "REOBSERVE",
          "BACKTRACK_ONE",
          "CONSENSUS_PREFIX"
        ],
        "target_retry_states": 25,
        "target_tie_states": 25,
        "target_override_states": 4,
        "raw_false_recovery_rate": 0.08,
        "raw_recovery_rate": 0.0,
        "selective_recovery": {
          "max_false_recovery_rate": 0.05,
          "option_value_margin": 1.0966798067092896,
          "false_recovery_rate": 0.0,
          "false_recovery_states": 0,
          "true_recovery_rate": 0.0,
          "beneficial_recovery_rate": 0.0,
          "beneficial_recovery_states": 0,
          "beneficial_recovery_rate_all_states": 0.0,
          "accuracy": 0.8620689655172413,
          "mean_decision_regret": 0.4137931168079376
        }
      },
      "offline_option_rank": 209
    },
    {
      "variant_id": "w025-v00-linear-h4-w32-d025-reobserve+consensus",
      "checkpoint_variant": "v00-linear-h4-w32-d025",
      "checkpoint": "/HELIOS/Robotics/UnitreeRobotic/checkpoints/robocerebra/GR00T-RC-CTR-search/R0-residual-v9-override-weight/w025/v00-linear-h4-w32-d025",
      "weights_sha256": "f2cf9f1aa27b2305ceff1feb65ac8c2afd337dfd975a97a4504e817ac5cf10ad",
      "override_weight_id": "w025",
      "option_override_weight": 0.25,
      "option_mask_id": "reobserve+consensus",
      "allowed_override_options": [
        "REOBSERVE",
        "CONSENSUS_PREFIX"
      ],
      "option_validation": {
        "labeled_states": 29,
        "strict_states": 3,
        "baseline_option": "RETRY_CURRENT",
        "override_options": [
          "REOBSERVE",
          "CONSENSUS_PREFIX"
        ],
        "target_retry_states": 26,
        "target_tie_states": 26,
        "target_override_states": 3,
        "raw_false_recovery_rate": 0.038461538461538464,
        "raw_recovery_rate": 0.0,
        "selective_recovery": {
          "max_false_recovery_rate": 0.05,
          "option_value_margin": 1.0966798067092896,
          "false_recovery_rate": 0.0,
          "false_recovery_states": 0,
          "true_recovery_rate": 0.0,
          "beneficial_recovery_rate": 0.0,
          "beneficial_recovery_states": 0,
          "beneficial_recovery_rate_all_states": 0.0,
          "accuracy": 0.896551724137931,
          "mean_decision_regret": 0.4137931168079376
        }
      },
      "offline_option_rank": 210
    },
    {
      "variant_id": "w025-v01-linear-h8-w64-d025-advance",
      "checkpoint_variant": "v01-linear-h8-w64-d025",
      "checkpoint": "/HELIOS/Robotics/UnitreeRobotic/checkpoints/robocerebra/GR00T-RC-CTR-search/R0-residual-v9-override-weight/w025/v01-linear-h8-w64-d025",
      "weights_sha256": "777ebc74ba108414f11da8cc98bac4b9073b2b2e1fbc785b3cab7aa0568365ca",
      "override_weight_id": "w025",
      "option_override_weight": 0.25,
      "option_mask_id": "advance",
      "allowed_override_options": [
        "ADVANCE"
      ],
      "option_validation": {
        "labeled_states": 29,
        "strict_states": 28,
        "baseline_option": "RETRY_CURRENT",
        "override_options": [
          "ADVANCE"
        ],
        "target_retry_states": 29,
        "target_tie_states": 1,
        "target_override_states": 0,
        "raw_false_recovery_rate": 0.0,
        "raw_recovery_rate": 0.0,
        "selective_recovery": {
          "max_false_recovery_rate": 0.05,
          "option_value_margin": 0.0,
          "false_recovery_rate": 0.0,
          "false_recovery_states": 0,
          "true_recovery_rate": 0.0,
          "beneficial_recovery_rate": 0.0,
          "beneficial_recovery_states": 0,
          "beneficial_recovery_rate_all_states": 0.0,
          "accuracy": 1.0,
          "mean_decision_regret": 0.4137931168079376
        }
      },
      "offline_option_rank": 211
    },
    {
      "variant_id": "w025-v01-linear-h8-w64-d025-advance+consensus",
      "checkpoint_variant": "v01-linear-h8-w64-d025",
      "checkpoint": "/HELIOS/Robotics/UnitreeRobotic/checkpoints/robocerebra/GR00T-RC-CTR-search/R0-residual-v9-override-weight/w025/v01-linear-h8-w64-d025",
      "weights_sha256": "777ebc74ba108414f11da8cc98bac4b9073b2b2e1fbc785b3cab7aa0568365ca",
      "override_weight_id": "w025",
      "option_override_weight": 0.25,
      "option_mask_id": "advance+consensus",
      "allowed_override_options": [
        "ADVANCE",
        "CONSENSUS_PREFIX"
      ],
      "option_validation": {
        "labeled_states": 29,
        "strict_states": 3,
        "baseline_option": "RETRY_CURRENT",
        "override_options": [
          "ADVANCE",
          "CONSENSUS_PREFIX"
        ],
        "target_retry_states": 27,
        "target_tie_states": 26,
        "target_override_states": 2,
        "raw_false_recovery_rate": 0.0,
        "raw_recovery_rate": 0.0,
        "selective_recovery": {
          "max_false_recovery_rate": 0.05,
          "option_value_margin": 0.0,
          "false_recovery_rate": 0.0,
          "false_recovery_states": 0,
          "true_recovery_rate": 0.0,
          "beneficial_recovery_rate": 0.0,
          "beneficial_recovery_states": 0,
          "beneficial_recovery_rate_all_states": 0.0,
          "accuracy": 0.9310344827586207,
          "mean_decision_regret": 0.4137931168079376
        }
      },
      "offline_option_rank": 212
    },
    {
      "variant_id": "w025-v01-linear-h8-w64-d025-backtrack+advance",
      "checkpoint_variant": "v01-linear-h8-w64-d025",
      "checkpoint": "/HELIOS/Robotics/UnitreeRobotic/checkpoints/robocerebra/GR00T-RC-CTR-search/R0-residual-v9-override-weight/w025/v01-linear-h8-w64-d025",
      "weights_sha256": "777ebc74ba108414f11da8cc98bac4b9073b2b2e1fbc785b3cab7aa0568365ca",
      "override_weight_id": "w025",
      "option_override_weight": 0.25,
      "option_mask_id": "backtrack+advance",
      "allowed_override_options": [
        "BACKTRACK_ONE",
        "ADVANCE"
      ],
      "option_validation": {
        "labeled_states": 29,
        "strict_states": 3,
        "baseline_option": "RETRY_CURRENT",
        "override_options": [
          "BACKTRACK_ONE",
          "ADVANCE"
        ],
        "target_retry_states": 28,
        "target_tie_states": 26,
        "target_override_states": 1,
        "raw_false_recovery_rate": 0.03571428571428571,
        "raw_recovery_rate": 0.0,
        "selective_recovery": {
          "max_false_recovery_rate": 0.05,
          "option_value_margin": 1.3515626192092896,
          "false_recovery_rate": 0.0,
          "false_recovery_states": 0,
          "true_recovery_rate": 0.0,
          "beneficial_recovery_rate": 0.0,
          "beneficial_recovery_states": 0,
          "beneficial_recovery_rate_all_states": 0.0,
          "accuracy": 0.9655172413793104,
          "mean_decision_regret": 0.4137931168079376
        }
      },
      "offline_option_rank": 213
    },
    {
      "variant_id": "w025-v01-linear-h8-w64-d025-backtrack+advance+consensus",
      "checkpoint_variant": "v01-linear-h8-w64-d025",
      "checkpoint": "/HELIOS/Robotics/UnitreeRobotic/checkpoints/robocerebra/GR00T-RC-CTR-search/R0-residual-v9-override-weight/w025/v01-linear-h8-w64-d025",
      "weights_sha256": "777ebc74ba108414f11da8cc98bac4b9073b2b2e1fbc785b3cab7aa0568365ca",
      "override_weight_id": "w025",
      "option_override_weight": 0.25,
      "option_mask_id": "backtrack+advance+consensus",
      "allowed_override_options": [
        "BACKTRACK_ONE",
        "ADVANCE",
        "CONSENSUS_PREFIX"
      ],
      "option_validation": {
        "labeled_states": 29,
        "strict_states": 3,
        "baseline_option": "RETRY_CURRENT",
        "override_options": [
          "BACKTRACK_ONE",
          "ADVANCE",
          "CONSENSUS_PREFIX"
        ],
        "target_retry_states": 26,
        "target_tie_states": 26,
        "target_override_states": 3,
        "raw_false_recovery_rate": 0.038461538461538464,
        "raw_recovery_rate": 0.0,
        "selective_recovery": {
          "max_false_recovery_rate": 0.05,
          "option_value_margin": 1.3515626192092896,
          "false_recovery_rate": 0.0,
          "false_recovery_states": 0,
          "true_recovery_rate": 0.0,
          "beneficial_recovery_rate": 0.0,
          "beneficial_recovery_states": 0,
          "beneficial_recovery_rate_all_states": 0.0,
          "accuracy": 0.896551724137931,
          "mean_decision_regret": 0.4137931168079376
        }
      },
      "offline_option_rank": 214
    },
    {
      "variant_id": "w025-v01-linear-h8-w64-d025-backtrack+consensus",
      "checkpoint_variant": "v01-linear-h8-w64-d025",
      "checkpoint": "/HELIOS/Robotics/UnitreeRobotic/checkpoints/robocerebra/GR00T-RC-CTR-search/R0-residual-v9-override-weight/w025/v01-linear-h8-w64-d025",
      "weights_sha256": "777ebc74ba108414f11da8cc98bac4b9073b2b2e1fbc785b3cab7aa0568365ca",
      "override_weight_id": "w025",
      "option_override_weight": 0.25,
      "option_mask_id": "backtrack+consensus",
      "allowed_override_options": [
        "BACKTRACK_ONE",
        "CONSENSUS_PREFIX"
      ],
      "option_validation": {
        "labeled_states": 29,
        "strict_states": 3,
        "baseline_option": "RETRY_CURRENT",
        "override_options": [
          "BACKTRACK_ONE",
          "CONSENSUS_PREFIX"
        ],
        "target_retry_states": 26,
        "target_tie_states": 26,
        "target_override_states": 3,
        "raw_false_recovery_rate": 0.038461538461538464,
        "raw_recovery_rate": 0.0,
        "selective_recovery": {
          "max_false_recovery_rate": 0.05,
          "option_value_margin": 1.3515626192092896,
          "false_recovery_rate": 0.0,
          "false_recovery_states": 0,
          "true_recovery_rate": 0.0,
          "beneficial_recovery_rate": 0.0,
          "beneficial_recovery_states": 0,
          "beneficial_recovery_rate_all_states": 0.0,
          "accuracy": 0.896551724137931,
          "mean_decision_regret": 0.4137931168079376
        }
      },
      "offline_option_rank": 215
    },
    {
      "variant_id": "w025-v01-linear-h8-w64-d025-consensus",
      "checkpoint_variant": "v01-linear-h8-w64-d025",
      "checkpoint": "/HELIOS/Robotics/UnitreeRobotic/checkpoints/robocerebra/GR00T-RC-CTR-search/R0-residual-v9-override-weight/w025/v01-linear-h8-w64-d025",
      "weights_sha256": "777ebc74ba108414f11da8cc98bac4b9073b2b2e1fbc785b3cab7aa0568365ca",
      "override_weight_id": "w025",
      "option_override_weight": 0.25,
      "option_mask_id": "consensus",
      "allowed_override_options": [
        "CONSENSUS_PREFIX"
      ],
      "option_validation": {
        "labeled_states": 29,
        "strict_states": 3,
        "baseline_option": "RETRY_CURRENT",
        "override_options": [
          "CONSENSUS_PREFIX"
        ],
        "target_retry_states": 27,
        "target_tie_states": 26,
        "target_override_states": 2,
        "raw_false_recovery_rate": 0.0,
        "raw_recovery_rate": 0.0,
        "selective_recovery": {
          "max_false_recovery_rate": 0.05,
          "option_value_margin": 0.0,
          "false_recovery_rate": 0.0,
          "false_recovery_states": 0,
          "true_recovery_rate": 0.0,
          "beneficial_recovery_rate": 0.0,
          "beneficial_recovery_states": 0,
          "beneficial_recovery_rate_all_states": 0.0,
          "accuracy": 0.9310344827586207,
          "mean_decision_regret": 0.4137931168079376
        }
      },
      "offline_option_rank": 216
    },
    {
      "variant_id": "w025-v01-linear-h8-w64-d025-reobserve",
      "checkpoint_variant": "v01-linear-h8-w64-d025",
      "checkpoint": "/HELIOS/Robotics/UnitreeRobotic/checkpoints/robocerebra/GR00T-RC-CTR-search/R0-residual-v9-override-weight/w025/v01-linear-h8-w64-d025",
      "weights_sha256": "777ebc74ba108414f11da8cc98bac4b9073b2b2e1fbc785b3cab7aa0568365ca",
      "override_weight_id": "w025",
      "option_override_weight": 0.25,
      "option_mask_id": "reobserve",
      "allowed_override_options": [
        "REOBSERVE"
      ],
      "option_validation": {
        "labeled_states": 29,
        "strict_states": 1,
        "baseline_option": "RETRY_CURRENT",
        "override_options": [
          "REOBSERVE"
        ],
        "target_retry_states": 28,
        "target_tie_states": 28,
        "target_override_states": 1,
        "raw_false_recovery_rate": 0.03571428571428571,
        "raw_recovery_rate": 0.0,
        "selective_recovery": {
          "max_false_recovery_rate": 0.05,
          "option_value_margin": 1.7265626192092896,
          "false_recovery_rate": 0.0,
          "false_recovery_states": 0,
          "true_recovery_rate": 0.0,
          "beneficial_recovery_rate": 0.0,
          "beneficial_recovery_states": 0,
          "beneficial_recovery_rate_all_states": 0.0,
          "accuracy": 0.9655172413793104,
          "mean_decision_regret": 0.4137931168079376
        }
      },
      "offline_option_rank": 217
    },
    {
      "variant_id": "w025-v01-linear-h8-w64-d025-reobserve+advance",
      "checkpoint_variant": "v01-linear-h8-w64-d025",
      "checkpoint": "/HELIOS/Robotics/UnitreeRobotic/checkpoints/robocerebra/GR00T-RC-CTR-search/R0-residual-v9-override-weight/w025/v01-linear-h8-w64-d025",
      "weights_sha256": "777ebc74ba108414f11da8cc98bac4b9073b2b2e1fbc785b3cab7aa0568365ca",
      "override_weight_id": "w025",
      "option_override_weight": 0.25,
      "option_mask_id": "reobserve+advance",
      "allowed_override_options": [
        "REOBSERVE",
        "ADVANCE"
      ],
      "option_validation": {
        "labeled_states": 29,
        "strict_states": 1,
        "baseline_option": "RETRY_CURRENT",
        "override_options": [
          "REOBSERVE",
          "ADVANCE"
        ],
        "target_retry_states": 28,
        "target_tie_states": 28,
        "target_override_states": 1,
        "raw_false_recovery_rate": 0.03571428571428571,
        "raw_recovery_rate": 0.0,
        "selective_recovery": {
          "max_false_recovery_rate": 0.05,
          "option_value_margin": 1.7265626192092896,
          "false_recovery_rate": 0.0,
          "false_recovery_states": 0,
          "true_recovery_rate": 0.0,
          "beneficial_recovery_rate": 0.0,
          "beneficial_recovery_states": 0,
          "beneficial_recovery_rate_all_states": 0.0,
          "accuracy": 0.9655172413793104,
          "mean_decision_regret": 0.4137931168079376
        }
      },
      "offline_option_rank": 218
    },
    {
      "variant_id": "w025-v01-linear-h8-w64-d025-reobserve+advance+consensus",
      "checkpoint_variant": "v01-linear-h8-w64-d025",
      "checkpoint": "/HELIOS/Robotics/UnitreeRobotic/checkpoints/robocerebra/GR00T-RC-CTR-search/R0-residual-v9-override-weight/w025/v01-linear-h8-w64-d025",
      "weights_sha256": "777ebc74ba108414f11da8cc98bac4b9073b2b2e1fbc785b3cab7aa0568365ca",
      "override_weight_id": "w025",
      "option_override_weight": 0.25,
      "option_mask_id": "reobserve+advance+consensus",
      "allowed_override_options": [
        "REOBSERVE",
        "ADVANCE",
        "CONSENSUS_PREFIX"
      ],
      "option_validation": {
        "labeled_states": 29,
        "strict_states": 3,
        "baseline_option": "RETRY_CURRENT",
        "override_options": [
          "REOBSERVE",
          "ADVANCE",
          "CONSENSUS_PREFIX"
        ],
        "target_retry_states": 26,
        "target_tie_states": 26,
        "target_override_states": 3,
        "raw_false_recovery_rate": 0.038461538461538464,
        "raw_recovery_rate": 0.0,
        "selective_recovery": {
          "max_false_recovery_rate": 0.05,
          "option_value_margin": 1.7265626192092896,
          "false_recovery_rate": 0.0,
          "false_recovery_states": 0,
          "true_recovery_rate": 0.0,
          "beneficial_recovery_rate": 0.0,
          "beneficial_recovery_states": 0,
          "beneficial_recovery_rate_all_states": 0.0,
          "accuracy": 0.896551724137931,
          "mean_decision_regret": 0.4137931168079376
        }
      },
      "offline_option_rank": 219
    },
    {
      "variant_id": "w025-v01-linear-h8-w64-d025-reobserve+backtrack",
      "checkpoint_variant": "v01-linear-h8-w64-d025",
      "checkpoint": "/HELIOS/Robotics/UnitreeRobotic/checkpoints/robocerebra/GR00T-RC-CTR-search/R0-residual-v9-override-weight/w025/v01-linear-h8-w64-d025",
      "weights_sha256": "777ebc74ba108414f11da8cc98bac4b9073b2b2e1fbc785b3cab7aa0568365ca",
      "override_weight_id": "w025",
      "option_override_weight": 0.25,
      "option_mask_id": "reobserve+backtrack",
      "allowed_override_options": [
        "REOBSERVE",
        "BACKTRACK_ONE"
      ],
      "option_validation": {
        "labeled_states": 29,
        "strict_states": 2,
        "baseline_option": "RETRY_CURRENT",
        "override_options": [
          "REOBSERVE",
          "BACKTRACK_ONE"
        ],
        "target_retry_states": 27,
        "target_tie_states": 27,
        "target_override_states": 2,
        "raw_false_recovery_rate": 0.037037037037037035,
        "raw_recovery_rate": 0.0,
        "selective_recovery": {
          "max_false_recovery_rate": 0.05,
          "option_value_margin": 1.7265626192092896,
          "false_recovery_rate": 0.0,
          "false_recovery_states": 0,
          "true_recovery_rate": 0.0,
          "beneficial_recovery_rate": 0.0,
          "beneficial_recovery_states": 0,
          "beneficial_recovery_rate_all_states": 0.0,
          "accuracy": 0.9310344827586207,
          "mean_decision_regret": 0.4137931168079376
        }
      },
      "offline_option_rank": 220
    },
    {
      "variant_id": "w025-v01-linear-h8-w64-d025-reobserve+backtrack+advance",
      "checkpoint_variant": "v01-linear-h8-w64-d025",
      "checkpoint": "/HELIOS/Robotics/UnitreeRobotic/checkpoints/robocerebra/GR00T-RC-CTR-search/R0-residual-v9-override-weight/w025/v01-linear-h8-w64-d025",
      "weights_sha256": "777ebc74ba108414f11da8cc98bac4b9073b2b2e1fbc785b3cab7aa0568365ca",
      "override_weight_id": "w025",
      "option_override_weight": 0.25,
      "option_mask_id": "reobserve+backtrack+advance",
      "allowed_override_options": [
        "REOBSERVE",
        "BACKTRACK_ONE",
        "ADVANCE"
      ],
      "option_validation": {
        "labeled_states": 29,
        "strict_states": 2,
        "baseline_option": "RETRY_CURRENT",
        "override_options": [
          "REOBSERVE",
          "BACKTRACK_ONE",
          "ADVANCE"
        ],
        "target_retry_states": 27,
        "target_tie_states": 27,
        "target_override_states": 2,
        "raw_false_recovery_rate": 0.037037037037037035,
        "raw_recovery_rate": 0.0,
        "selective_recovery": {
          "max_false_recovery_rate": 0.05,
          "option_value_margin": 1.7265626192092896,
          "false_recovery_rate": 0.0,
          "false_recovery_states": 0,
          "true_recovery_rate": 0.0,
          "beneficial_recovery_rate": 0.0,
          "beneficial_recovery_states": 0,
          "beneficial_recovery_rate_all_states": 0.0,
          "accuracy": 0.9310344827586207,
          "mean_decision_regret": 0.4137931168079376
        }
      },
      "offline_option_rank": 221
    },
    {
      "variant_id": "w025-v01-linear-h8-w64-d025-reobserve+backtrack+advance+consensus",
      "checkpoint_variant": "v01-linear-h8-w64-d025",
      "checkpoint": "/HELIOS/Robotics/UnitreeRobotic/checkpoints/robocerebra/GR00T-RC-CTR-search/R0-residual-v9-override-weight/w025/v01-linear-h8-w64-d025",
      "weights_sha256": "777ebc74ba108414f11da8cc98bac4b9073b2b2e1fbc785b3cab7aa0568365ca",
      "override_weight_id": "w025",
      "option_override_weight": 0.25,
      "option_mask_id": "reobserve+backtrack+advance+consensus",
      "allowed_override_options": [
        "REOBSERVE",
        "BACKTRACK_ONE",
        "ADVANCE",
        "CONSENSUS_PREFIX"
      ],
      "option_validation": {
        "labeled_states": 29,
        "strict_states": 4,
        "baseline_option": "RETRY_CURRENT",
        "override_options": [
          "REOBSERVE",
          "BACKTRACK_ONE",
          "ADVANCE",
          "CONSENSUS_PREFIX"
        ],
        "target_retry_states": 25,
        "target_tie_states": 25,
        "target_override_states": 4,
        "raw_false_recovery_rate": 0.04,
        "raw_recovery_rate": 0.0,
        "selective_recovery": {
          "max_false_recovery_rate": 0.05,
          "option_value_margin": 1.7265626192092896,
          "false_recovery_rate": 0.0,
          "false_recovery_states": 0,
          "true_recovery_rate": 0.0,
          "beneficial_recovery_rate": 0.0,
          "beneficial_recovery_states": 0,
          "beneficial_recovery_rate_all_states": 0.0,
          "accuracy": 0.8620689655172413,
          "mean_decision_regret": 0.4137931168079376
        }
      },
      "offline_option_rank": 222
    },
    {
      "variant_id": "w025-v01-linear-h8-w64-d025-reobserve+backtrack+consensus",
      "checkpoint_variant": "v01-linear-h8-w64-d025",
      "checkpoint": "/HELIOS/Robotics/UnitreeRobotic/checkpoints/robocerebra/GR00T-RC-CTR-search/R0-residual-v9-override-weight/w025/v01-linear-h8-w64-d025",
      "weights_sha256": "777ebc74ba108414f11da8cc98bac4b9073b2b2e1fbc785b3cab7aa0568365ca",
      "override_weight_id": "w025",
      "option_override_weight": 0.25,
      "option_mask_id": "reobserve+backtrack+consensus",
      "allowed_override_options": [
        "REOBSERVE",
        "BACKTRACK_ONE",
        "CONSENSUS_PREFIX"
      ],
      "option_validation": {
        "labeled_states": 29,
        "strict_states": 4,
        "baseline_option": "RETRY_CURRENT",
        "override_options": [
          "REOBSERVE",
          "BACKTRACK_ONE",
          "CONSENSUS_PREFIX"
        ],
        "target_retry_states": 25,
        "target_tie_states": 25,
        "target_override_states": 4,
        "raw_false_recovery_rate": 0.04,
        "raw_recovery_rate": 0.0,
        "selective_recovery": {
          "max_false_recovery_rate": 0.05,
          "option_value_margin": 1.7265626192092896,
          "false_recovery_rate": 0.0,
          "false_recovery_states": 0,
          "true_recovery_rate": 0.0,
          "beneficial_recovery_rate": 0.0,
          "beneficial_recovery_states": 0,
          "beneficial_recovery_rate_all_states": 0.0,
          "accuracy": 0.8620689655172413,
          "mean_decision_regret": 0.4137931168079376
        }
      },
      "offline_option_rank": 223
    },
    {
      "variant_id": "w025-v01-linear-h8-w64-d025-reobserve+consensus",
      "checkpoint_variant": "v01-linear-h8-w64-d025",
      "checkpoint": "/HELIOS/Robotics/UnitreeRobotic/checkpoints/robocerebra/GR00T-RC-CTR-search/R0-residual-v9-override-weight/w025/v01-linear-h8-w64-d025",
      "weights_sha256": "777ebc74ba108414f11da8cc98bac4b9073b2b2e1fbc785b3cab7aa0568365ca",
      "override_weight_id": "w025",
      "option_override_weight": 0.25,
      "option_mask_id": "reobserve+consensus",
      "allowed_override_options": [
        "REOBSERVE",
        "CONSENSUS_PREFIX"
      ],
      "option_validation": {
        "labeled_states": 29,
        "strict_states": 3,
        "baseline_option": "RETRY_CURRENT",
        "override_options": [
          "REOBSERVE",
          "CONSENSUS_PREFIX"
        ],
        "target_retry_states": 26,
        "target_tie_states": 26,
        "target_override_states": 3,
        "raw_false_recovery_rate": 0.038461538461538464,
        "raw_recovery_rate": 0.0,
        "selective_recovery": {
          "max_false_recovery_rate": 0.05,
          "option_value_margin": 1.7265626192092896,
          "false_recovery_rate": 0.0,
          "false_recovery_states": 0,
          "true_recovery_rate": 0.0,
          "beneficial_recovery_rate": 0.0,
          "beneficial_recovery_states": 0,
          "beneficial_recovery_rate_all_states": 0.0,
          "accuracy": 0.896551724137931,
          "mean_decision_regret": 0.4137931168079376
        }
      },
      "offline_option_rank": 224
    },
    {
      "variant_id": "w025-v02-mlp-h4-w32-d050-advance",
      "checkpoint_variant": "v02-mlp-h4-w32-d050",
      "checkpoint": "/HELIOS/Robotics/UnitreeRobotic/checkpoints/robocerebra/GR00T-RC-CTR-search/R0-residual-v9-override-weight/w025/v02-mlp-h4-w32-d050",
      "weights_sha256": "edf7d38e9333077db95cbc69d8b2b8c5c8e3d9ba88f2d82985b33d97267b3dc9",
      "override_weight_id": "w025",
      "option_override_weight": 0.25,
      "option_mask_id": "advance",
      "allowed_override_options": [
        "ADVANCE"
      ],
      "option_validation": {
        "labeled_states": 29,
        "strict_states": 28,
        "baseline_option": "RETRY_CURRENT",
        "override_options": [
          "ADVANCE"
        ],
        "target_retry_states": 29,
        "target_tie_states": 1,
        "target_override_states": 0,
        "raw_false_recovery_rate": 0.0,
        "raw_recovery_rate": 0.0,
        "selective_recovery": {
          "max_false_recovery_rate": 0.05,
          "option_value_margin": 0.0,
          "false_recovery_rate": 0.0,
          "false_recovery_states": 0,
          "true_recovery_rate": 0.0,
          "beneficial_recovery_rate": 0.0,
          "beneficial_recovery_states": 0,
          "beneficial_recovery_rate_all_states": 0.0,
          "accuracy": 1.0,
          "mean_decision_regret": 0.4137931168079376
        }
      },
      "offline_option_rank": 225
    },
    {
      "variant_id": "w025-v02-mlp-h4-w32-d050-advance+consensus",
      "checkpoint_variant": "v02-mlp-h4-w32-d050",
      "checkpoint": "/HELIOS/Robotics/UnitreeRobotic/checkpoints/robocerebra/GR00T-RC-CTR-search/R0-residual-v9-override-weight/w025/v02-mlp-h4-w32-d050",
      "weights_sha256": "edf7d38e9333077db95cbc69d8b2b8c5c8e3d9ba88f2d82985b33d97267b3dc9",
      "override_weight_id": "w025",
      "option_override_weight": 0.25,
      "option_mask_id": "advance+consensus",
      "allowed_override_options": [
        "ADVANCE",
        "CONSENSUS_PREFIX"
      ],
      "option_validation": {
        "labeled_states": 29,
        "strict_states": 3,
        "baseline_option": "RETRY_CURRENT",
        "override_options": [
          "ADVANCE",
          "CONSENSUS_PREFIX"
        ],
        "target_retry_states": 27,
        "target_tie_states": 26,
        "target_override_states": 2,
        "raw_false_recovery_rate": 0.1111111111111111,
        "raw_recovery_rate": 0.0,
        "selective_recovery": {
          "max_false_recovery_rate": 0.05,
          "option_value_margin": 1.0449219942092896,
          "false_recovery_rate": 0.0,
          "false_recovery_states": 0,
          "true_recovery_rate": 0.0,
          "beneficial_recovery_rate": 0.0,
          "beneficial_recovery_states": 0,
          "beneficial_recovery_rate_all_states": 0.0,
          "accuracy": 0.9310344827586207,
          "mean_decision_regret": 0.4137931168079376
        }
      },
      "offline_option_rank": 226
    },
    {
      "variant_id": "w025-v02-mlp-h4-w32-d050-backtrack+advance",
      "checkpoint_variant": "v02-mlp-h4-w32-d050",
      "checkpoint": "/HELIOS/Robotics/UnitreeRobotic/checkpoints/robocerebra/GR00T-RC-CTR-search/R0-residual-v9-override-weight/w025/v02-mlp-h4-w32-d050",
      "weights_sha256": "edf7d38e9333077db95cbc69d8b2b8c5c8e3d9ba88f2d82985b33d97267b3dc9",
      "override_weight_id": "w025",
      "option_override_weight": 0.25,
      "option_mask_id": "backtrack+advance",
      "allowed_override_options": [
        "BACKTRACK_ONE",
        "ADVANCE"
      ],
      "option_validation": {
        "labeled_states": 29,
        "strict_states": 3,
        "baseline_option": "RETRY_CURRENT",
        "override_options": [
          "BACKTRACK_ONE",
          "ADVANCE"
        ],
        "target_retry_states": 28,
        "target_tie_states": 26,
        "target_override_states": 1,
        "raw_false_recovery_rate": 0.03571428571428571,
        "raw_recovery_rate": 0.0,
        "selective_recovery": {
          "max_false_recovery_rate": 0.05,
          "option_value_margin": 0.1328125149011612,
          "false_recovery_rate": 0.0,
          "false_recovery_states": 0,
          "true_recovery_rate": 0.0,
          "beneficial_recovery_rate": 0.0,
          "beneficial_recovery_states": 0,
          "beneficial_recovery_rate_all_states": 0.0,
          "accuracy": 0.9655172413793104,
          "mean_decision_regret": 0.4137931168079376
        }
      },
      "offline_option_rank": 227
    },
    {
      "variant_id": "w025-v02-mlp-h4-w32-d050-backtrack+advance+consensus",
      "checkpoint_variant": "v02-mlp-h4-w32-d050",
      "checkpoint": "/HELIOS/Robotics/UnitreeRobotic/checkpoints/robocerebra/GR00T-RC-CTR-search/R0-residual-v9-override-weight/w025/v02-mlp-h4-w32-d050",
      "weights_sha256": "edf7d38e9333077db95cbc69d8b2b8c5c8e3d9ba88f2d82985b33d97267b3dc9",
      "override_weight_id": "w025",
      "option_override_weight": 0.25,
      "option_mask_id": "backtrack+advance+consensus",
      "allowed_override_options": [
        "BACKTRACK_ONE",
        "ADVANCE",
        "CONSENSUS_PREFIX"
      ],
      "option_validation": {
        "labeled_states": 29,
        "strict_states": 3,
        "baseline_option": "RETRY_CURRENT",
        "override_options": [
          "BACKTRACK_ONE",
          "ADVANCE",
          "CONSENSUS_PREFIX"
        ],
        "target_retry_states": 26,
        "target_tie_states": 26,
        "target_override_states": 3,
        "raw_false_recovery_rate": 0.15384615384615385,
        "raw_recovery_rate": 0.0,
        "selective_recovery": {
          "max_false_recovery_rate": 0.05,
          "option_value_margin": 1.0449219942092896,
          "false_recovery_rate": 0.0,
          "false_recovery_states": 0,
          "true_recovery_rate": 0.0,
          "beneficial_recovery_rate": 0.0,
          "beneficial_recovery_states": 0,
          "beneficial_recovery_rate_all_states": 0.0,
          "accuracy": 0.896551724137931,
          "mean_decision_regret": 0.4137931168079376
        }
      },
      "offline_option_rank": 228
    },
    {
      "variant_id": "w025-v02-mlp-h4-w32-d050-backtrack+consensus",
      "checkpoint_variant": "v02-mlp-h4-w32-d050",
      "checkpoint": "/HELIOS/Robotics/UnitreeRobotic/checkpoints/robocerebra/GR00T-RC-CTR-search/R0-residual-v9-override-weight/w025/v02-mlp-h4-w32-d050",
      "weights_sha256": "edf7d38e9333077db95cbc69d8b2b8c5c8e3d9ba88f2d82985b33d97267b3dc9",
      "override_weight_id": "w025",
      "option_override_weight": 0.25,
      "option_mask_id": "backtrack+consensus",
      "allowed_override_options": [
        "BACKTRACK_ONE",
        "CONSENSUS_PREFIX"
      ],
      "option_validation": {
        "labeled_states": 29,
        "strict_states": 3,
        "baseline_option": "RETRY_CURRENT",
        "override_options": [
          "BACKTRACK_ONE",
          "CONSENSUS_PREFIX"
        ],
        "target_retry_states": 26,
        "target_tie_states": 26,
        "target_override_states": 3,
        "raw_false_recovery_rate": 0.15384615384615385,
        "raw_recovery_rate": 0.0,
        "selective_recovery": {
          "max_false_recovery_rate": 0.05,
          "option_value_margin": 1.0449219942092896,
          "false_recovery_rate": 0.0,
          "false_recovery_states": 0,
          "true_recovery_rate": 0.0,
          "beneficial_recovery_rate": 0.0,
          "beneficial_recovery_states": 0,
          "beneficial_recovery_rate_all_states": 0.0,
          "accuracy": 0.896551724137931,
          "mean_decision_regret": 0.4137931168079376
        }
      },
      "offline_option_rank": 229
    },
    {
      "variant_id": "w025-v02-mlp-h4-w32-d050-consensus",
      "checkpoint_variant": "v02-mlp-h4-w32-d050",
      "checkpoint": "/HELIOS/Robotics/UnitreeRobotic/checkpoints/robocerebra/GR00T-RC-CTR-search/R0-residual-v9-override-weight/w025/v02-mlp-h4-w32-d050",
      "weights_sha256": "edf7d38e9333077db95cbc69d8b2b8c5c8e3d9ba88f2d82985b33d97267b3dc9",
      "override_weight_id": "w025",
      "option_override_weight": 0.25,
      "option_mask_id": "consensus",
      "allowed_override_options": [
        "CONSENSUS_PREFIX"
      ],
      "option_validation": {
        "labeled_states": 29,
        "strict_states": 3,
        "baseline_option": "RETRY_CURRENT",
        "override_options": [
          "CONSENSUS_PREFIX"
        ],
        "target_retry_states": 27,
        "target_tie_states": 26,
        "target_override_states": 2,
        "raw_false_recovery_rate": 0.1111111111111111,
        "raw_recovery_rate": 0.0,
        "selective_recovery": {
          "max_false_recovery_rate": 0.05,
          "option_value_margin": 1.0449219942092896,
          "false_recovery_rate": 0.0,
          "false_recovery_states": 0,
          "true_recovery_rate": 0.0,
          "beneficial_recovery_rate": 0.0,
          "beneficial_recovery_states": 0,
          "beneficial_recovery_rate_all_states": 0.0,
          "accuracy": 0.9310344827586207,
          "mean_decision_regret": 0.4137931168079376
        }
      },
      "offline_option_rank": 230
    },
    {
      "variant_id": "w025-v02-mlp-h4-w32-d050-reobserve",
      "checkpoint_variant": "v02-mlp-h4-w32-d050",
      "checkpoint": "/HELIOS/Robotics/UnitreeRobotic/checkpoints/robocerebra/GR00T-RC-CTR-search/R0-residual-v9-override-weight/w025/v02-mlp-h4-w32-d050",
      "weights_sha256": "edf7d38e9333077db95cbc69d8b2b8c5c8e3d9ba88f2d82985b33d97267b3dc9",
      "override_weight_id": "w025",
      "option_override_weight": 0.25,
      "option_mask_id": "reobserve",
      "allowed_override_options": [
        "REOBSERVE"
      ],
      "option_validation": {
        "labeled_states": 29,
        "strict_states": 1,
        "baseline_option": "RETRY_CURRENT",
        "override_options": [
          "REOBSERVE"
        ],
        "target_retry_states": 28,
        "target_tie_states": 28,
        "target_override_states": 1,
        "raw_false_recovery_rate": 0.0,
        "raw_recovery_rate": 0.0,
        "selective_recovery": {
          "max_false_recovery_rate": 0.05,
          "option_value_margin": 0.0,
          "false_recovery_rate": 0.0,
          "false_recovery_states": 0,
          "true_recovery_rate": 0.0,
          "beneficial_recovery_rate": 0.0,
          "beneficial_recovery_states": 0,
          "beneficial_recovery_rate_all_states": 0.0,
          "accuracy": 0.9655172413793104,
          "mean_decision_regret": 0.4137931168079376
        }
      },
      "offline_option_rank": 231
    },
    {
      "variant_id": "w025-v02-mlp-h4-w32-d050-reobserve+advance",
      "checkpoint_variant": "v02-mlp-h4-w32-d050",
      "checkpoint": "/HELIOS/Robotics/UnitreeRobotic/checkpoints/robocerebra/GR00T-RC-CTR-search/R0-residual-v9-override-weight/w025/v02-mlp-h4-w32-d050",
      "weights_sha256": "edf7d38e9333077db95cbc69d8b2b8c5c8e3d9ba88f2d82985b33d97267b3dc9",
      "override_weight_id": "w025",
      "option_override_weight": 0.25,
      "option_mask_id": "reobserve+advance",
      "allowed_override_options": [
        "REOBSERVE",
        "ADVANCE"
      ],
      "option_validation": {
        "labeled_states": 29,
        "strict_states": 1,
        "baseline_option": "RETRY_CURRENT",
        "override_options": [
          "REOBSERVE",
          "ADVANCE"
        ],
        "target_retry_states": 28,
        "target_tie_states": 28,
        "target_override_states": 1,
        "raw_false_recovery_rate": 0.0,
        "raw_recovery_rate": 0.0,
        "selective_recovery": {
          "max_false_recovery_rate": 0.05,
          "option_value_margin": 0.0,
          "false_recovery_rate": 0.0,
          "false_recovery_states": 0,
          "true_recovery_rate": 0.0,
          "beneficial_recovery_rate": 0.0,
          "beneficial_recovery_states": 0,
          "beneficial_recovery_rate_all_states": 0.0,
          "accuracy": 0.9655172413793104,
          "mean_decision_regret": 0.4137931168079376
        }
      },
      "offline_option_rank": 232
    },
    {
      "variant_id": "w025-v02-mlp-h4-w32-d050-reobserve+backtrack",
      "checkpoint_variant": "v02-mlp-h4-w32-d050",
      "checkpoint": "/HELIOS/Robotics/UnitreeRobotic/checkpoints/robocerebra/GR00T-RC-CTR-search/R0-residual-v9-override-weight/w025/v02-mlp-h4-w32-d050",
      "weights_sha256": "edf7d38e9333077db95cbc69d8b2b8c5c8e3d9ba88f2d82985b33d97267b3dc9",
      "override_weight_id": "w025",
      "option_override_weight": 0.25,
      "option_mask_id": "reobserve+backtrack",
      "allowed_override_options": [
        "REOBSERVE",
        "BACKTRACK_ONE"
      ],
      "option_validation": {
        "labeled_states": 29,
        "strict_states": 2,
        "baseline_option": "RETRY_CURRENT",
        "override_options": [
          "REOBSERVE",
          "BACKTRACK_ONE"
        ],
        "target_retry_states": 27,
        "target_tie_states": 27,
        "target_override_states": 2,
        "raw_false_recovery_rate": 0.037037037037037035,
        "raw_recovery_rate": 0.0,
        "selective_recovery": {
          "max_false_recovery_rate": 0.05,
          "option_value_margin": 0.1328125149011612,
          "false_recovery_rate": 0.0,
          "false_recovery_states": 0,
          "true_recovery_rate": 0.0,
          "beneficial_recovery_rate": 0.0,
          "beneficial_recovery_states": 0,
          "beneficial_recovery_rate_all_states": 0.0,
          "accuracy": 0.9310344827586207,
          "mean_decision_regret": 0.4137931168079376
        }
      },
      "offline_option_rank": 233
    },
    {
      "variant_id": "w025-v02-mlp-h4-w32-d050-reobserve+backtrack+advance",
      "checkpoint_variant": "v02-mlp-h4-w32-d050",
      "checkpoint": "/HELIOS/Robotics/UnitreeRobotic/checkpoints/robocerebra/GR00T-RC-CTR-search/R0-residual-v9-override-weight/w025/v02-mlp-h4-w32-d050",
      "weights_sha256": "edf7d38e9333077db95cbc69d8b2b8c5c8e3d9ba88f2d82985b33d97267b3dc9",
      "override_weight_id": "w025",
      "option_override_weight": 0.25,
      "option_mask_id": "reobserve+backtrack+advance",
      "allowed_override_options": [
        "REOBSERVE",
        "BACKTRACK_ONE",
        "ADVANCE"
      ],
      "option_validation": {
        "labeled_states": 29,
        "strict_states": 2,
        "baseline_option": "RETRY_CURRENT",
        "override_options": [
          "REOBSERVE",
          "BACKTRACK_ONE",
          "ADVANCE"
        ],
        "target_retry_states": 27,
        "target_tie_states": 27,
        "target_override_states": 2,
        "raw_false_recovery_rate": 0.037037037037037035,
        "raw_recovery_rate": 0.0,
        "selective_recovery": {
          "max_false_recovery_rate": 0.05,
          "option_value_margin": 0.1328125149011612,
          "false_recovery_rate": 0.0,
          "false_recovery_states": 0,
          "true_recovery_rate": 0.0,
          "beneficial_recovery_rate": 0.0,
          "beneficial_recovery_states": 0,
          "beneficial_recovery_rate_all_states": 0.0,
          "accuracy": 0.9310344827586207,
          "mean_decision_regret": 0.4137931168079376
        }
      },
      "offline_option_rank": 234
    },
    {
      "variant_id": "w025-v03-mlp-h8-w64-d025-advance",
      "checkpoint_variant": "v03-mlp-h8-w64-d025",
      "checkpoint": "/HELIOS/Robotics/UnitreeRobotic/checkpoints/robocerebra/GR00T-RC-CTR-search/R0-residual-v9-override-weight/w025/v03-mlp-h8-w64-d025",
      "weights_sha256": "ee433d151c580efdf96dae1d9b46419485f9a6152f47d574110a61ec7a81111b",
      "override_weight_id": "w025",
      "option_override_weight": 0.25,
      "option_mask_id": "advance",
      "allowed_override_options": [
        "ADVANCE"
      ],
      "option_validation": {
        "labeled_states": 29,
        "strict_states": 28,
        "baseline_option": "RETRY_CURRENT",
        "override_options": [
          "ADVANCE"
        ],
        "target_retry_states": 29,
        "target_tie_states": 1,
        "target_override_states": 0,
        "raw_false_recovery_rate": 0.0,
        "raw_recovery_rate": 0.0,
        "selective_recovery": {
          "max_false_recovery_rate": 0.05,
          "option_value_margin": 0.0,
          "false_recovery_rate": 0.0,
          "false_recovery_states": 0,
          "true_recovery_rate": 0.0,
          "beneficial_recovery_rate": 0.0,
          "beneficial_recovery_states": 0,
          "beneficial_recovery_rate_all_states": 0.0,
          "accuracy": 1.0,
          "mean_decision_regret": 0.4137931168079376
        }
      },
      "offline_option_rank": 235
    },
    {
      "variant_id": "w025-v03-mlp-h8-w64-d025-advance+consensus",
      "checkpoint_variant": "v03-mlp-h8-w64-d025",
      "checkpoint": "/HELIOS/Robotics/UnitreeRobotic/checkpoints/robocerebra/GR00T-RC-CTR-search/R0-residual-v9-override-weight/w025/v03-mlp-h8-w64-d025",
      "weights_sha256": "ee433d151c580efdf96dae1d9b46419485f9a6152f47d574110a61ec7a81111b",
      "override_weight_id": "w025",
      "option_override_weight": 0.25,
      "option_mask_id": "advance+consensus",
      "allowed_override_options": [
        "ADVANCE",
        "CONSENSUS_PREFIX"
      ],
      "option_validation": {
        "labeled_states": 29,
        "strict_states": 3,
        "baseline_option": "RETRY_CURRENT",
        "override_options": [
          "ADVANCE",
          "CONSENSUS_PREFIX"
        ],
        "target_retry_states": 27,
        "target_tie_states": 26,
        "target_override_states": 2,
        "raw_false_recovery_rate": 0.0,
        "raw_recovery_rate": 0.0,
        "selective_recovery": {
          "max_false_recovery_rate": 0.05,
          "option_value_margin": 0.0,
          "false_recovery_rate": 0.0,
          "false_recovery_states": 0,
          "true_recovery_rate": 0.0,
          "beneficial_recovery_rate": 0.0,
          "beneficial_recovery_states": 0,
          "beneficial_recovery_rate_all_states": 0.0,
          "accuracy": 0.9310344827586207,
          "mean_decision_regret": 0.4137931168079376
        }
      },
      "offline_option_rank": 236
    },
    {
      "variant_id": "w025-v03-mlp-h8-w64-d025-backtrack+advance",
      "checkpoint_variant": "v03-mlp-h8-w64-d025",
      "checkpoint": "/HELIOS/Robotics/UnitreeRobotic/checkpoints/robocerebra/GR00T-RC-CTR-search/R0-residual-v9-override-weight/w025/v03-mlp-h8-w64-d025",
      "weights_sha256": "ee433d151c580efdf96dae1d9b46419485f9a6152f47d574110a61ec7a81111b",
      "override_weight_id": "w025",
      "option_override_weight": 0.25,
      "option_mask_id": "backtrack+advance",
      "allowed_override_options": [
        "BACKTRACK_ONE",
        "ADVANCE"
      ],
      "option_validation": {
        "labeled_states": 29,
        "strict_states": 3,
        "baseline_option": "RETRY_CURRENT",
        "override_options": [
          "BACKTRACK_ONE",
          "ADVANCE"
        ],
        "target_retry_states": 28,
        "target_tie_states": 26,
        "target_override_states": 1,
        "raw_false_recovery_rate": 0.0,
        "raw_recovery_rate": 0.0,
        "selective_recovery": {
          "max_false_recovery_rate": 0.05,
          "option_value_margin": 0.0,
          "false_recovery_rate": 0.0,
          "false_recovery_states": 0,
          "true_recovery_rate": 0.0,
          "beneficial_recovery_rate": 0.0,
          "beneficial_recovery_states": 0,
          "beneficial_recovery_rate_all_states": 0.0,
          "accuracy": 0.9655172413793104,
          "mean_decision_regret": 0.4137931168079376
        }
      },
      "offline_option_rank": 237
    },
    {
      "variant_id": "w025-v03-mlp-h8-w64-d025-backtrack+advance+consensus",
      "checkpoint_variant": "v03-mlp-h8-w64-d025",
      "checkpoint": "/HELIOS/Robotics/UnitreeRobotic/checkpoints/robocerebra/GR00T-RC-CTR-search/R0-residual-v9-override-weight/w025/v03-mlp-h8-w64-d025",
      "weights_sha256": "ee433d151c580efdf96dae1d9b46419485f9a6152f47d574110a61ec7a81111b",
      "override_weight_id": "w025",
      "option_override_weight": 0.25,
      "option_mask_id": "backtrack+advance+consensus",
      "allowed_override_options": [
        "BACKTRACK_ONE",
        "ADVANCE",
        "CONSENSUS_PREFIX"
      ],
      "option_validation": {
        "labeled_states": 29,
        "strict_states": 3,
        "baseline_option": "RETRY_CURRENT",
        "override_options": [
          "BACKTRACK_ONE",
          "ADVANCE",
          "CONSENSUS_PREFIX"
        ],
        "target_retry_states": 26,
        "target_tie_states": 26,
        "target_override_states": 3,
        "raw_false_recovery_rate": 0.0,
        "raw_recovery_rate": 0.0,
        "selective_recovery": {
          "max_false_recovery_rate": 0.05,
          "option_value_margin": 0.0,
          "false_recovery_rate": 0.0,
          "false_recovery_states": 0,
          "true_recovery_rate": 0.0,
          "beneficial_recovery_rate": 0.0,
          "beneficial_recovery_states": 0,
          "beneficial_recovery_rate_all_states": 0.0,
          "accuracy": 0.896551724137931,
          "mean_decision_regret": 0.4137931168079376
        }
      },
      "offline_option_rank": 238
    },
    {
      "variant_id": "w025-v03-mlp-h8-w64-d025-backtrack+consensus",
      "checkpoint_variant": "v03-mlp-h8-w64-d025",
      "checkpoint": "/HELIOS/Robotics/UnitreeRobotic/checkpoints/robocerebra/GR00T-RC-CTR-search/R0-residual-v9-override-weight/w025/v03-mlp-h8-w64-d025",
      "weights_sha256": "ee433d151c580efdf96dae1d9b46419485f9a6152f47d574110a61ec7a81111b",
      "override_weight_id": "w025",
      "option_override_weight": 0.25,
      "option_mask_id": "backtrack+consensus",
      "allowed_override_options": [
        "BACKTRACK_ONE",
        "CONSENSUS_PREFIX"
      ],
      "option_validation": {
        "labeled_states": 29,
        "strict_states": 3,
        "baseline_option": "RETRY_CURRENT",
        "override_options": [
          "BACKTRACK_ONE",
          "CONSENSUS_PREFIX"
        ],
        "target_retry_states": 26,
        "target_tie_states": 26,
        "target_override_states": 3,
        "raw_false_recovery_rate": 0.0,
        "raw_recovery_rate": 0.0,
        "selective_recovery": {
          "max_false_recovery_rate": 0.05,
          "option_value_margin": 0.0,
          "false_recovery_rate": 0.0,
          "false_recovery_states": 0,
          "true_recovery_rate": 0.0,
          "beneficial_recovery_rate": 0.0,
          "beneficial_recovery_states": 0,
          "beneficial_recovery_rate_all_states": 0.0,
          "accuracy": 0.896551724137931,
          "mean_decision_regret": 0.4137931168079376
        }
      },
      "offline_option_rank": 239
    },
    {
      "variant_id": "w025-v03-mlp-h8-w64-d025-consensus",
      "checkpoint_variant": "v03-mlp-h8-w64-d025",
      "checkpoint": "/HELIOS/Robotics/UnitreeRobotic/checkpoints/robocerebra/GR00T-RC-CTR-search/R0-residual-v9-override-weight/w025/v03-mlp-h8-w64-d025",
      "weights_sha256": "ee433d151c580efdf96dae1d9b46419485f9a6152f47d574110a61ec7a81111b",
      "override_weight_id": "w025",
      "option_override_weight": 0.25,
      "option_mask_id": "consensus",
      "allowed_override_options": [
        "CONSENSUS_PREFIX"
      ],
      "option_validation": {
        "labeled_states": 29,
        "strict_states": 3,
        "baseline_option": "RETRY_CURRENT",
        "override_options": [
          "CONSENSUS_PREFIX"
        ],
        "target_retry_states": 27,
        "target_tie_states": 26,
        "target_override_states": 2,
        "raw_false_recovery_rate": 0.0,
        "raw_recovery_rate": 0.0,
        "selective_recovery": {
          "max_false_recovery_rate": 0.05,
          "option_value_margin": 0.0,
          "false_recovery_rate": 0.0,
          "false_recovery_states": 0,
          "true_recovery_rate": 0.0,
          "beneficial_recovery_rate": 0.0,
          "beneficial_recovery_states": 0,
          "beneficial_recovery_rate_all_states": 0.0,
          "accuracy": 0.9310344827586207,
          "mean_decision_regret": 0.4137931168079376
        }
      },
      "offline_option_rank": 240
    },
    {
      "variant_id": "w025-v03-mlp-h8-w64-d025-reobserve",
      "checkpoint_variant": "v03-mlp-h8-w64-d025",
      "checkpoint": "/HELIOS/Robotics/UnitreeRobotic/checkpoints/robocerebra/GR00T-RC-CTR-search/R0-residual-v9-override-weight/w025/v03-mlp-h8-w64-d025",
      "weights_sha256": "ee433d151c580efdf96dae1d9b46419485f9a6152f47d574110a61ec7a81111b",
      "override_weight_id": "w025",
      "option_override_weight": 0.25,
      "option_mask_id": "reobserve",
      "allowed_override_options": [
        "REOBSERVE"
      ],
      "option_validation": {
        "labeled_states": 29,
        "strict_states": 1,
        "baseline_option": "RETRY_CURRENT",
        "override_options": [
          "REOBSERVE"
        ],
        "target_retry_states": 28,
        "target_tie_states": 28,
        "target_override_states": 1,
        "raw_false_recovery_rate": 0.03571428571428571,
        "raw_recovery_rate": 0.0,
        "selective_recovery": {
          "max_false_recovery_rate": 0.05,
          "option_value_margin": 0.7773438096046448,
          "false_recovery_rate": 0.0,
          "false_recovery_states": 0,
          "true_recovery_rate": 0.0,
          "beneficial_recovery_rate": 0.0,
          "beneficial_recovery_states": 0,
          "beneficial_recovery_rate_all_states": 0.0,
          "accuracy": 0.9655172413793104,
          "mean_decision_regret": 0.4137931168079376
        }
      },
      "offline_option_rank": 241
    },
    {
      "variant_id": "w025-v03-mlp-h8-w64-d025-reobserve+advance",
      "checkpoint_variant": "v03-mlp-h8-w64-d025",
      "checkpoint": "/HELIOS/Robotics/UnitreeRobotic/checkpoints/robocerebra/GR00T-RC-CTR-search/R0-residual-v9-override-weight/w025/v03-mlp-h8-w64-d025",
      "weights_sha256": "ee433d151c580efdf96dae1d9b46419485f9a6152f47d574110a61ec7a81111b",
      "override_weight_id": "w025",
      "option_override_weight": 0.25,
      "option_mask_id": "reobserve+advance",
      "allowed_override_options": [
        "REOBSERVE",
        "ADVANCE"
      ],
      "option_validation": {
        "labeled_states": 29,
        "strict_states": 1,
        "baseline_option": "RETRY_CURRENT",
        "override_options": [
          "REOBSERVE",
          "ADVANCE"
        ],
        "target_retry_states": 28,
        "target_tie_states": 28,
        "target_override_states": 1,
        "raw_false_recovery_rate": 0.03571428571428571,
        "raw_recovery_rate": 0.0,
        "selective_recovery": {
          "max_false_recovery_rate": 0.05,
          "option_value_margin": 0.7773438096046448,
          "false_recovery_rate": 0.0,
          "false_recovery_states": 0,
          "true_recovery_rate": 0.0,
          "beneficial_recovery_rate": 0.0,
          "beneficial_recovery_states": 0,
          "beneficial_recovery_rate_all_states": 0.0,
          "accuracy": 0.9655172413793104,
          "mean_decision_regret": 0.4137931168079376
        }
      },
      "offline_option_rank": 242
    },
    {
      "variant_id": "w025-v03-mlp-h8-w64-d025-reobserve+advance+consensus",
      "checkpoint_variant": "v03-mlp-h8-w64-d025",
      "checkpoint": "/HELIOS/Robotics/UnitreeRobotic/checkpoints/robocerebra/GR00T-RC-CTR-search/R0-residual-v9-override-weight/w025/v03-mlp-h8-w64-d025",
      "weights_sha256": "ee433d151c580efdf96dae1d9b46419485f9a6152f47d574110a61ec7a81111b",
      "override_weight_id": "w025",
      "option_override_weight": 0.25,
      "option_mask_id": "reobserve+advance+consensus",
      "allowed_override_options": [
        "REOBSERVE",
        "ADVANCE",
        "CONSENSUS_PREFIX"
      ],
      "option_validation": {
        "labeled_states": 29,
        "strict_states": 3,
        "baseline_option": "RETRY_CURRENT",
        "override_options": [
          "REOBSERVE",
          "ADVANCE",
          "CONSENSUS_PREFIX"
        ],
        "target_retry_states": 26,
        "target_tie_states": 26,
        "target_override_states": 3,
        "raw_false_recovery_rate": 0.038461538461538464,
        "raw_recovery_rate": 0.0,
        "selective_recovery": {
          "max_false_recovery_rate": 0.05,
          "option_value_margin": 0.7773438096046448,
          "false_recovery_rate": 0.0,
          "false_recovery_states": 0,
          "true_recovery_rate": 0.0,
          "beneficial_recovery_rate": 0.0,
          "beneficial_recovery_states": 0,
          "beneficial_recovery_rate_all_states": 0.0,
          "accuracy": 0.896551724137931,
          "mean_decision_regret": 0.4137931168079376
        }
      },
      "offline_option_rank": 243
    },
    {
      "variant_id": "w025-v03-mlp-h8-w64-d025-reobserve+backtrack",
      "checkpoint_variant": "v03-mlp-h8-w64-d025",
      "checkpoint": "/HELIOS/Robotics/UnitreeRobotic/checkpoints/robocerebra/GR00T-RC-CTR-search/R0-residual-v9-override-weight/w025/v03-mlp-h8-w64-d025",
      "weights_sha256": "ee433d151c580efdf96dae1d9b46419485f9a6152f47d574110a61ec7a81111b",
      "override_weight_id": "w025",
      "option_override_weight": 0.25,
      "option_mask_id": "reobserve+backtrack",
      "allowed_override_options": [
        "REOBSERVE",
        "BACKTRACK_ONE"
      ],
      "option_validation": {
        "labeled_states": 29,
        "strict_states": 2,
        "baseline_option": "RETRY_CURRENT",
        "override_options": [
          "REOBSERVE",
          "BACKTRACK_ONE"
        ],
        "target_retry_states": 27,
        "target_tie_states": 27,
        "target_override_states": 2,
        "raw_false_recovery_rate": 0.037037037037037035,
        "raw_recovery_rate": 0.0,
        "selective_recovery": {
          "max_false_recovery_rate": 0.05,
          "option_value_margin": 0.7773438096046448,
          "false_recovery_rate": 0.0,
          "false_recovery_states": 0,
          "true_recovery_rate": 0.0,
          "beneficial_recovery_rate": 0.0,
          "beneficial_recovery_states": 0,
          "beneficial_recovery_rate_all_states": 0.0,
          "accuracy": 0.9310344827586207,
          "mean_decision_regret": 0.4137931168079376
        }
      },
      "offline_option_rank": 244
    },
    {
      "variant_id": "w025-v03-mlp-h8-w64-d025-reobserve+backtrack+advance",
      "checkpoint_variant": "v03-mlp-h8-w64-d025",
      "checkpoint": "/HELIOS/Robotics/UnitreeRobotic/checkpoints/robocerebra/GR00T-RC-CTR-search/R0-residual-v9-override-weight/w025/v03-mlp-h8-w64-d025",
      "weights_sha256": "ee433d151c580efdf96dae1d9b46419485f9a6152f47d574110a61ec7a81111b",
      "override_weight_id": "w025",
      "option_override_weight": 0.25,
      "option_mask_id": "reobserve+backtrack+advance",
      "allowed_override_options": [
        "REOBSERVE",
        "BACKTRACK_ONE",
        "ADVANCE"
      ],
      "option_validation": {
        "labeled_states": 29,
        "strict_states": 2,
        "baseline_option": "RETRY_CURRENT",
        "override_options": [
          "REOBSERVE",
          "BACKTRACK_ONE",
          "ADVANCE"
        ],
        "target_retry_states": 27,
        "target_tie_states": 27,
        "target_override_states": 2,
        "raw_false_recovery_rate": 0.037037037037037035,
        "raw_recovery_rate": 0.0,
        "selective_recovery": {
          "max_false_recovery_rate": 0.05,
          "option_value_margin": 0.7773438096046448,
          "false_recovery_rate": 0.0,
          "false_recovery_states": 0,
          "true_recovery_rate": 0.0,
          "beneficial_recovery_rate": 0.0,
          "beneficial_recovery_states": 0,
          "beneficial_recovery_rate_all_states": 0.0,
          "accuracy": 0.9310344827586207,
          "mean_decision_regret": 0.4137931168079376
        }
      },
      "offline_option_rank": 245
    },
    {
      "variant_id": "w025-v03-mlp-h8-w64-d025-reobserve+backtrack+advance+consensus",
      "checkpoint_variant": "v03-mlp-h8-w64-d025",
      "checkpoint": "/HELIOS/Robotics/UnitreeRobotic/checkpoints/robocerebra/GR00T-RC-CTR-search/R0-residual-v9-override-weight/w025/v03-mlp-h8-w64-d025",
      "weights_sha256": "ee433d151c580efdf96dae1d9b46419485f9a6152f47d574110a61ec7a81111b",
      "override_weight_id": "w025",
      "option_override_weight": 0.25,
      "option_mask_id": "reobserve+backtrack+advance+consensus",
      "allowed_override_options": [
        "REOBSERVE",
        "BACKTRACK_ONE",
        "ADVANCE",
        "CONSENSUS_PREFIX"
      ],
      "option_validation": {
        "labeled_states": 29,
        "strict_states": 4,
        "baseline_option": "RETRY_CURRENT",
        "override_options": [
          "REOBSERVE",
          "BACKTRACK_ONE",
          "ADVANCE",
          "CONSENSUS_PREFIX"
        ],
        "target_retry_states": 25,
        "target_tie_states": 25,
        "target_override_states": 4,
        "raw_false_recovery_rate": 0.04,
        "raw_recovery_rate": 0.0,
        "selective_recovery": {
          "max_false_recovery_rate": 0.05,
          "option_value_margin": 0.7773438096046448,
          "false_recovery_rate": 0.0,
          "false_recovery_states": 0,
          "true_recovery_rate": 0.0,
          "beneficial_recovery_rate": 0.0,
          "beneficial_recovery_states": 0,
          "beneficial_recovery_rate_all_states": 0.0,
          "accuracy": 0.8620689655172413,
          "mean_decision_regret": 0.4137931168079376
        }
      },
      "offline_option_rank": 246
    },
    {
      "variant_id": "w025-v03-mlp-h8-w64-d025-reobserve+backtrack+consensus",
      "checkpoint_variant": "v03-mlp-h8-w64-d025",
      "checkpoint": "/HELIOS/Robotics/UnitreeRobotic/checkpoints/robocerebra/GR00T-RC-CTR-search/R0-residual-v9-override-weight/w025/v03-mlp-h8-w64-d025",
      "weights_sha256": "ee433d151c580efdf96dae1d9b46419485f9a6152f47d574110a61ec7a81111b",
      "override_weight_id": "w025",
      "option_override_weight": 0.25,
      "option_mask_id": "reobserve+backtrack+consensus",
      "allowed_override_options": [
        "REOBSERVE",
        "BACKTRACK_ONE",
        "CONSENSUS_PREFIX"
      ],
      "option_validation": {
        "labeled_states": 29,
        "strict_states": 4,
        "baseline_option": "RETRY_CURRENT",
        "override_options": [
          "REOBSERVE",
          "BACKTRACK_ONE",
          "CONSENSUS_PREFIX"
        ],
        "target_retry_states": 25,
        "target_tie_states": 25,
        "target_override_states": 4,
        "raw_false_recovery_rate": 0.04,
        "raw_recovery_rate": 0.0,
        "selective_recovery": {
          "max_false_recovery_rate": 0.05,
          "option_value_margin": 0.7773438096046448,
          "false_recovery_rate": 0.0,
          "false_recovery_states": 0,
          "true_recovery_rate": 0.0,
          "beneficial_recovery_rate": 0.0,
          "beneficial_recovery_states": 0,
          "beneficial_recovery_rate_all_states": 0.0,
          "accuracy": 0.8620689655172413,
          "mean_decision_regret": 0.4137931168079376
        }
      },
      "offline_option_rank": 247
    },
    {
      "variant_id": "w025-v03-mlp-h8-w64-d025-reobserve+consensus",
      "checkpoint_variant": "v03-mlp-h8-w64-d025",
      "checkpoint": "/HELIOS/Robotics/UnitreeRobotic/checkpoints/robocerebra/GR00T-RC-CTR-search/R0-residual-v9-override-weight/w025/v03-mlp-h8-w64-d025",
      "weights_sha256": "ee433d151c580efdf96dae1d9b46419485f9a6152f47d574110a61ec7a81111b",
      "override_weight_id": "w025",
      "option_override_weight": 0.25,
      "option_mask_id": "reobserve+consensus",
      "allowed_override_options": [
        "REOBSERVE",
        "CONSENSUS_PREFIX"
      ],
      "option_validation": {
        "labeled_states": 29,
        "strict_states": 3,
        "baseline_option": "RETRY_CURRENT",
        "override_options": [
          "REOBSERVE",
          "CONSENSUS_PREFIX"
        ],
        "target_retry_states": 26,
        "target_tie_states": 26,
        "target_override_states": 3,
        "raw_false_recovery_rate": 0.038461538461538464,
        "raw_recovery_rate": 0.0,
        "selective_recovery": {
          "max_false_recovery_rate": 0.05,
          "option_value_margin": 0.7773438096046448,
          "false_recovery_rate": 0.0,
          "false_recovery_states": 0,
          "true_recovery_rate": 0.0,
          "beneficial_recovery_rate": 0.0,
          "beneficial_recovery_states": 0,
          "beneficial_recovery_rate_all_states": 0.0,
          "accuracy": 0.896551724137931,
          "mean_decision_regret": 0.4137931168079376
        }
      },
      "offline_option_rank": 248
    },
    {
      "variant_id": "w025-v04-gru-h8-w64-d025-advance",
      "checkpoint_variant": "v04-gru-h8-w64-d025",
      "checkpoint": "/HELIOS/Robotics/UnitreeRobotic/checkpoints/robocerebra/GR00T-RC-CTR-search/R0-residual-v9-override-weight/w025/v04-gru-h8-w64-d025",
      "weights_sha256": "5306f81fe50f919287f5bd40aa49477d80bc246b9517e3af89719503b28458d4",
      "override_weight_id": "w025",
      "option_override_weight": 0.25,
      "option_mask_id": "advance",
      "allowed_override_options": [
        "ADVANCE"
      ],
      "option_validation": {
        "labeled_states": 29,
        "strict_states": 28,
        "baseline_option": "RETRY_CURRENT",
        "override_options": [
          "ADVANCE"
        ],
        "target_retry_states": 29,
        "target_tie_states": 1,
        "target_override_states": 0,
        "raw_false_recovery_rate": 0.0,
        "raw_recovery_rate": 0.0,
        "selective_recovery": {
          "max_false_recovery_rate": 0.05,
          "option_value_margin": 0.0,
          "false_recovery_rate": 0.0,
          "false_recovery_states": 0,
          "true_recovery_rate": 0.0,
          "beneficial_recovery_rate": 0.0,
          "beneficial_recovery_states": 0,
          "beneficial_recovery_rate_all_states": 0.0,
          "accuracy": 1.0,
          "mean_decision_regret": 0.4137931168079376
        }
      },
      "offline_option_rank": 249
    },
    {
      "variant_id": "w025-v04-gru-h8-w64-d025-advance+consensus",
      "checkpoint_variant": "v04-gru-h8-w64-d025",
      "checkpoint": "/HELIOS/Robotics/UnitreeRobotic/checkpoints/robocerebra/GR00T-RC-CTR-search/R0-residual-v9-override-weight/w025/v04-gru-h8-w64-d025",
      "weights_sha256": "5306f81fe50f919287f5bd40aa49477d80bc246b9517e3af89719503b28458d4",
      "override_weight_id": "w025",
      "option_override_weight": 0.25,
      "option_mask_id": "advance+consensus",
      "allowed_override_options": [
        "ADVANCE",
        "CONSENSUS_PREFIX"
      ],
      "option_validation": {
        "labeled_states": 29,
        "strict_states": 3,
        "baseline_option": "RETRY_CURRENT",
        "override_options": [
          "ADVANCE",
          "CONSENSUS_PREFIX"
        ],
        "target_retry_states": 27,
        "target_tie_states": 26,
        "target_override_states": 2,
        "raw_false_recovery_rate": 0.037037037037037035,
        "raw_recovery_rate": 0.0,
        "selective_recovery": {
          "max_false_recovery_rate": 0.05,
          "option_value_margin": 0.2421875149011612,
          "false_recovery_rate": 0.0,
          "false_recovery_states": 0,
          "true_recovery_rate": 0.0,
          "beneficial_recovery_rate": 0.0,
          "beneficial_recovery_states": 0,
          "beneficial_recovery_rate_all_states": 0.0,
          "accuracy": 0.9310344827586207,
          "mean_decision_regret": 0.4137931168079376
        }
      },
      "offline_option_rank": 250
    },
    {
      "variant_id": "w025-v04-gru-h8-w64-d025-backtrack+advance",
      "checkpoint_variant": "v04-gru-h8-w64-d025",
      "checkpoint": "/HELIOS/Robotics/UnitreeRobotic/checkpoints/robocerebra/GR00T-RC-CTR-search/R0-residual-v9-override-weight/w025/v04-gru-h8-w64-d025",
      "weights_sha256": "5306f81fe50f919287f5bd40aa49477d80bc246b9517e3af89719503b28458d4",
      "override_weight_id": "w025",
      "option_override_weight": 0.25,
      "option_mask_id": "backtrack+advance",
      "allowed_override_options": [
        "BACKTRACK_ONE",
        "ADVANCE"
      ],
      "option_validation": {
        "labeled_states": 29,
        "strict_states": 3,
        "baseline_option": "RETRY_CURRENT",
        "override_options": [
          "BACKTRACK_ONE",
          "ADVANCE"
        ],
        "target_retry_states": 28,
        "target_tie_states": 26,
        "target_override_states": 1,
        "raw_false_recovery_rate": 0.0,
        "raw_recovery_rate": 0.0,
        "selective_recovery": {
          "max_false_recovery_rate": 0.05,
          "option_value_margin": 0.0,
          "false_recovery_rate": 0.0,
          "false_recovery_states": 0,
          "true_recovery_rate": 0.0,
          "beneficial_recovery_rate": 0.0,
          "beneficial_recovery_states": 0,
          "beneficial_recovery_rate_all_states": 0.0,
          "accuracy": 0.9655172413793104,
          "mean_decision_regret": 0.4137931168079376
        }
      },
      "offline_option_rank": 251
    },
    {
      "variant_id": "w025-v04-gru-h8-w64-d025-backtrack+advance+consensus",
      "checkpoint_variant": "v04-gru-h8-w64-d025",
      "checkpoint": "/HELIOS/Robotics/UnitreeRobotic/checkpoints/robocerebra/GR00T-RC-CTR-search/R0-residual-v9-override-weight/w025/v04-gru-h8-w64-d025",
      "weights_sha256": "5306f81fe50f919287f5bd40aa49477d80bc246b9517e3af89719503b28458d4",
      "override_weight_id": "w025",
      "option_override_weight": 0.25,
      "option_mask_id": "backtrack+advance+consensus",
      "allowed_override_options": [
        "BACKTRACK_ONE",
        "ADVANCE",
        "CONSENSUS_PREFIX"
      ],
      "option_validation": {
        "labeled_states": 29,
        "strict_states": 3,
        "baseline_option": "RETRY_CURRENT",
        "override_options": [
          "BACKTRACK_ONE",
          "ADVANCE",
          "CONSENSUS_PREFIX"
        ],
        "target_retry_states": 26,
        "target_tie_states": 26,
        "target_override_states": 3,
        "raw_false_recovery_rate": 0.038461538461538464,
        "raw_recovery_rate": 0.0,
        "selective_recovery": {
          "max_false_recovery_rate": 0.05,
          "option_value_margin": 0.2421875149011612,
          "false_recovery_rate": 0.0,
          "false_recovery_states": 0,
          "true_recovery_rate": 0.0,
          "beneficial_recovery_rate": 0.0,
          "beneficial_recovery_states": 0,
          "beneficial_recovery_rate_all_states": 0.0,
          "accuracy": 0.896551724137931,
          "mean_decision_regret": 0.4137931168079376
        }
      },
      "offline_option_rank": 252
    },
    {
      "variant_id": "w025-v04-gru-h8-w64-d025-backtrack+consensus",
      "checkpoint_variant": "v04-gru-h8-w64-d025",
      "checkpoint": "/HELIOS/Robotics/UnitreeRobotic/checkpoints/robocerebra/GR00T-RC-CTR-search/R0-residual-v9-override-weight/w025/v04-gru-h8-w64-d025",
      "weights_sha256": "5306f81fe50f919287f5bd40aa49477d80bc246b9517e3af89719503b28458d4",
      "override_weight_id": "w025",
      "option_override_weight": 0.25,
      "option_mask_id": "backtrack+consensus",
      "allowed_override_options": [
        "BACKTRACK_ONE",
        "CONSENSUS_PREFIX"
      ],
      "option_validation": {
        "labeled_states": 29,
        "strict_states": 3,
        "baseline_option": "RETRY_CURRENT",
        "override_options": [
          "BACKTRACK_ONE",
          "CONSENSUS_PREFIX"
        ],
        "target_retry_states": 26,
        "target_tie_states": 26,
        "target_override_states": 3,
        "raw_false_recovery_rate": 0.038461538461538464,
        "raw_recovery_rate": 0.0,
        "selective_recovery": {
          "max_false_recovery_rate": 0.05,
          "option_value_margin": 0.2421875149011612,
          "false_recovery_rate": 0.0,
          "false_recovery_states": 0,
          "true_recovery_rate": 0.0,
          "beneficial_recovery_rate": 0.0,
          "beneficial_recovery_states": 0,
          "beneficial_recovery_rate_all_states": 0.0,
          "accuracy": 0.896551724137931,
          "mean_decision_regret": 0.4137931168079376
        }
      },
      "offline_option_rank": 253
    },
    {
      "variant_id": "w025-v04-gru-h8-w64-d025-consensus",
      "checkpoint_variant": "v04-gru-h8-w64-d025",
      "checkpoint": "/HELIOS/Robotics/UnitreeRobotic/checkpoints/robocerebra/GR00T-RC-CTR-search/R0-residual-v9-override-weight/w025/v04-gru-h8-w64-d025",
      "weights_sha256": "5306f81fe50f919287f5bd40aa49477d80bc246b9517e3af89719503b28458d4",
      "override_weight_id": "w025",
      "option_override_weight": 0.25,
      "option_mask_id": "consensus",
      "allowed_override_options": [
        "CONSENSUS_PREFIX"
      ],
      "option_validation": {
        "labeled_states": 29,
        "strict_states": 3,
        "baseline_option": "RETRY_CURRENT",
        "override_options": [
          "CONSENSUS_PREFIX"
        ],
        "target_retry_states": 27,
        "target_tie_states": 26,
        "target_override_states": 2,
        "raw_false_recovery_rate": 0.037037037037037035,
        "raw_recovery_rate": 0.0,
        "selective_recovery": {
          "max_false_recovery_rate": 0.05,
          "option_value_margin": 0.2421875149011612,
          "false_recovery_rate": 0.0,
          "false_recovery_states": 0,
          "true_recovery_rate": 0.0,
          "beneficial_recovery_rate": 0.0,
          "beneficial_recovery_states": 0,
          "beneficial_recovery_rate_all_states": 0.0,
          "accuracy": 0.9310344827586207,
          "mean_decision_regret": 0.4137931168079376
        }
      },
      "offline_option_rank": 254
    },
    {
      "variant_id": "w025-v04-gru-h8-w64-d025-reobserve",
      "checkpoint_variant": "v04-gru-h8-w64-d025",
      "checkpoint": "/HELIOS/Robotics/UnitreeRobotic/checkpoints/robocerebra/GR00T-RC-CTR-search/R0-residual-v9-override-weight/w025/v04-gru-h8-w64-d025",
      "weights_sha256": "5306f81fe50f919287f5bd40aa49477d80bc246b9517e3af89719503b28458d4",
      "override_weight_id": "w025",
      "option_override_weight": 0.25,
      "option_mask_id": "reobserve",
      "allowed_override_options": [
        "REOBSERVE"
      ],
      "option_validation": {
        "labeled_states": 29,
        "strict_states": 1,
        "baseline_option": "RETRY_CURRENT",
        "override_options": [
          "REOBSERVE"
        ],
        "target_retry_states": 28,
        "target_tie_states": 28,
        "target_override_states": 1,
        "raw_false_recovery_rate": 0.0,
        "raw_recovery_rate": 0.0,
        "selective_recovery": {
          "max_false_recovery_rate": 0.05,
          "option_value_margin": 0.0,
          "false_recovery_rate": 0.0,
          "false_recovery_states": 0,
          "true_recovery_rate": 0.0,
          "beneficial_recovery_rate": 0.0,
          "beneficial_recovery_states": 0,
          "beneficial_recovery_rate_all_states": 0.0,
          "accuracy": 0.9655172413793104,
          "mean_decision_regret": 0.4137931168079376
        }
      },
      "offline_option_rank": 255
    },
    {
      "variant_id": "w025-v04-gru-h8-w64-d025-reobserve+advance",
      "checkpoint_variant": "v04-gru-h8-w64-d025",
      "checkpoint": "/HELIOS/Robotics/UnitreeRobotic/checkpoints/robocerebra/GR00T-RC-CTR-search/R0-residual-v9-override-weight/w025/v04-gru-h8-w64-d025",
      "weights_sha256": "5306f81fe50f919287f5bd40aa49477d80bc246b9517e3af89719503b28458d4",
      "override_weight_id": "w025",
      "option_override_weight": 0.25,
      "option_mask_id": "reobserve+advance",
      "allowed_override_options": [
        "REOBSERVE",
        "ADVANCE"
      ],
      "option_validation": {
        "labeled_states": 29,
        "strict_states": 1,
        "baseline_option": "RETRY_CURRENT",
        "override_options": [
          "REOBSERVE",
          "ADVANCE"
        ],
        "target_retry_states": 28,
        "target_tie_states": 28,
        "target_override_states": 1,
        "raw_false_recovery_rate": 0.0,
        "raw_recovery_rate": 0.0,
        "selective_recovery": {
          "max_false_recovery_rate": 0.05,
          "option_value_margin": 0.0,
          "false_recovery_rate": 0.0,
          "false_recovery_states": 0,
          "true_recovery_rate": 0.0,
          "beneficial_recovery_rate": 0.0,
          "beneficial_recovery_states": 0,
          "beneficial_recovery_rate_all_states": 0.0,
          "accuracy": 0.9655172413793104,
          "mean_decision_regret": 0.4137931168079376
        }
      },
      "offline_option_rank": 256
    },
    {
      "variant_id": "w025-v04-gru-h8-w64-d025-reobserve+advance+consensus",
      "checkpoint_variant": "v04-gru-h8-w64-d025",
      "checkpoint": "/HELIOS/Robotics/UnitreeRobotic/checkpoints/robocerebra/GR00T-RC-CTR-search/R0-residual-v9-override-weight/w025/v04-gru-h8-w64-d025",
      "weights_sha256": "5306f81fe50f919287f5bd40aa49477d80bc246b9517e3af89719503b28458d4",
      "override_weight_id": "w025",
      "option_override_weight": 0.25,
      "option_mask_id": "reobserve+advance+consensus",
      "allowed_override_options": [
        "REOBSERVE",
        "ADVANCE",
        "CONSENSUS_PREFIX"
      ],
      "option_validation": {
        "labeled_states": 29,
        "strict_states": 3,
        "baseline_option": "RETRY_CURRENT",
        "override_options": [
          "REOBSERVE",
          "ADVANCE",
          "CONSENSUS_PREFIX"
        ],
        "target_retry_states": 26,
        "target_tie_states": 26,
        "target_override_states": 3,
        "raw_false_recovery_rate": 0.038461538461538464,
        "raw_recovery_rate": 0.0,
        "selective_recovery": {
          "max_false_recovery_rate": 0.05,
          "option_value_margin": 0.2421875149011612,
          "false_recovery_rate": 0.0,
          "false_recovery_states": 0,
          "true_recovery_rate": 0.0,
          "beneficial_recovery_rate": 0.0,
          "beneficial_recovery_states": 0,
          "beneficial_recovery_rate_all_states": 0.0,
          "accuracy": 0.896551724137931,
          "mean_decision_regret": 0.4137931168079376
        }
      },
      "offline_option_rank": 257
    },
    {
      "variant_id": "w025-v04-gru-h8-w64-d025-reobserve+backtrack",
      "checkpoint_variant": "v04-gru-h8-w64-d025",
      "checkpoint": "/HELIOS/Robotics/UnitreeRobotic/checkpoints/robocerebra/GR00T-RC-CTR-search/R0-residual-v9-override-weight/w025/v04-gru-h8-w64-d025",
      "weights_sha256": "5306f81fe50f919287f5bd40aa49477d80bc246b9517e3af89719503b28458d4",
      "override_weight_id": "w025",
      "option_override_weight": 0.25,
      "option_mask_id": "reobserve+backtrack",
      "allowed_override_options": [
        "REOBSERVE",
        "BACKTRACK_ONE"
      ],
      "option_validation": {
        "labeled_states": 29,
        "strict_states": 2,
        "baseline_option": "RETRY_CURRENT",
        "override_options": [
          "REOBSERVE",
          "BACKTRACK_ONE"
        ],
        "target_retry_states": 27,
        "target_tie_states": 27,
        "target_override_states": 2,
        "raw_false_recovery_rate": 0.0,
        "raw_recovery_rate": 0.0,
        "selective_recovery": {
          "max_false_recovery_rate": 0.05,
          "option_value_margin": 0.0,
          "false_recovery_rate": 0.0,
          "false_recovery_states": 0,
          "true_recovery_rate": 0.0,
          "beneficial_recovery_rate": 0.0,
          "beneficial_recovery_states": 0,
          "beneficial_recovery_rate_all_states": 0.0,
          "accuracy": 0.9310344827586207,
          "mean_decision_regret": 0.4137931168079376
        }
      },
      "offline_option_rank": 258
    },
    {
      "variant_id": "w025-v04-gru-h8-w64-d025-reobserve+backtrack+advance",
      "checkpoint_variant": "v04-gru-h8-w64-d025",
      "checkpoint": "/HELIOS/Robotics/UnitreeRobotic/checkpoints/robocerebra/GR00T-RC-CTR-search/R0-residual-v9-override-weight/w025/v04-gru-h8-w64-d025",
      "weights_sha256": "5306f81fe50f919287f5bd40aa49477d80bc246b9517e3af89719503b28458d4",
      "override_weight_id": "w025",
      "option_override_weight": 0.25,
      "option_mask_id": "reobserve+backtrack+advance",
      "allowed_override_options": [
        "REOBSERVE",
        "BACKTRACK_ONE",
        "ADVANCE"
      ],
      "option_validation": {
        "labeled_states": 29,
        "strict_states": 2,
        "baseline_option": "RETRY_CURRENT",
        "override_options": [
          "REOBSERVE",
          "BACKTRACK_ONE",
          "ADVANCE"
        ],
        "target_retry_states": 27,
        "target_tie_states": 27,
        "target_override_states": 2,
        "raw_false_recovery_rate": 0.0,
        "raw_recovery_rate": 0.0,
        "selective_recovery": {
          "max_false_recovery_rate": 0.05,
          "option_value_margin": 0.0,
          "false_recovery_rate": 0.0,
          "false_recovery_states": 0,
          "true_recovery_rate": 0.0,
          "beneficial_recovery_rate": 0.0,
          "beneficial_recovery_states": 0,
          "beneficial_recovery_rate_all_states": 0.0,
          "accuracy": 0.9310344827586207,
          "mean_decision_regret": 0.4137931168079376
        }
      },
      "offline_option_rank": 259
    },
    {
      "variant_id": "w025-v04-gru-h8-w64-d025-reobserve+backtrack+advance+consensus",
      "checkpoint_variant": "v04-gru-h8-w64-d025",
      "checkpoint": "/HELIOS/Robotics/UnitreeRobotic/checkpoints/robocerebra/GR00T-RC-CTR-search/R0-residual-v9-override-weight/w025/v04-gru-h8-w64-d025",
      "weights_sha256": "5306f81fe50f919287f5bd40aa49477d80bc246b9517e3af89719503b28458d4",
      "override_weight_id": "w025",
      "option_override_weight": 0.25,
      "option_mask_id": "reobserve+backtrack+advance+consensus",
      "allowed_override_options": [
        "REOBSERVE",
        "BACKTRACK_ONE",
        "ADVANCE",
        "CONSENSUS_PREFIX"
      ],
      "option_validation": {
        "labeled_states": 29,
        "strict_states": 4,
        "baseline_option": "RETRY_CURRENT",
        "override_options": [
          "REOBSERVE",
          "BACKTRACK_ONE",
          "ADVANCE",
          "CONSENSUS_PREFIX"
        ],
        "target_retry_states": 25,
        "target_tie_states": 25,
        "target_override_states": 4,
        "raw_false_recovery_rate": 0.04,
        "raw_recovery_rate": 0.0,
        "selective_recovery": {
          "max_false_recovery_rate": 0.05,
          "option_value_margin": 0.2421875149011612,
          "false_recovery_rate": 0.0,
          "false_recovery_states": 0,
          "true_recovery_rate": 0.0,
          "beneficial_recovery_rate": 0.0,
          "beneficial_recovery_states": 0,
          "beneficial_recovery_rate_all_states": 0.0,
          "accuracy": 0.8620689655172413,
          "mean_decision_regret": 0.4137931168079376
        }
      },
      "offline_option_rank": 260
    },
    {
      "variant_id": "w025-v04-gru-h8-w64-d025-reobserve+backtrack+consensus",
      "checkpoint_variant": "v04-gru-h8-w64-d025",
      "checkpoint": "/HELIOS/Robotics/UnitreeRobotic/checkpoints/robocerebra/GR00T-RC-CTR-search/R0-residual-v9-override-weight/w025/v04-gru-h8-w64-d025",
      "weights_sha256": "5306f81fe50f919287f5bd40aa49477d80bc246b9517e3af89719503b28458d4",
      "override_weight_id": "w025",
      "option_override_weight": 0.25,
      "option_mask_id": "reobserve+backtrack+consensus",
      "allowed_override_options": [
        "REOBSERVE",
        "BACKTRACK_ONE",
        "CONSENSUS_PREFIX"
      ],
      "option_validation": {
        "labeled_states": 29,
        "strict_states": 4,
        "baseline_option": "RETRY_CURRENT",
        "override_options": [
          "REOBSERVE",
          "BACKTRACK_ONE",
          "CONSENSUS_PREFIX"
        ],
        "target_retry_states": 25,
        "target_tie_states": 25,
        "target_override_states": 4,
        "raw_false_recovery_rate": 0.04,
        "raw_recovery_rate": 0.0,
        "selective_recovery": {
          "max_false_recovery_rate": 0.05,
          "option_value_margin": 0.2421875149011612,
          "false_recovery_rate": 0.0,
          "false_recovery_states": 0,
          "true_recovery_rate": 0.0,
          "beneficial_recovery_rate": 0.0,
          "beneficial_recovery_states": 0,
          "beneficial_recovery_rate_all_states": 0.0,
          "accuracy": 0.8620689655172413,
          "mean_decision_regret": 0.4137931168079376
        }
      },
      "offline_option_rank": 261
    },
    {
      "variant_id": "w025-v04-gru-h8-w64-d025-reobserve+consensus",
      "checkpoint_variant": "v04-gru-h8-w64-d025",
      "checkpoint": "/HELIOS/Robotics/UnitreeRobotic/checkpoints/robocerebra/GR00T-RC-CTR-search/R0-residual-v9-override-weight/w025/v04-gru-h8-w64-d025",
      "weights_sha256": "5306f81fe50f919287f5bd40aa49477d80bc246b9517e3af89719503b28458d4",
      "override_weight_id": "w025",
      "option_override_weight": 0.25,
      "option_mask_id": "reobserve+consensus",
      "allowed_override_options": [
        "REOBSERVE",
        "CONSENSUS_PREFIX"
      ],
      "option_validation": {
        "labeled_states": 29,
        "strict_states": 3,
        "baseline_option": "RETRY_CURRENT",
        "override_options": [
          "REOBSERVE",
          "CONSENSUS_PREFIX"
        ],
        "target_retry_states": 26,
        "target_tie_states": 26,
        "target_override_states": 3,
        "raw_false_recovery_rate": 0.038461538461538464,
        "raw_recovery_rate": 0.0,
        "selective_recovery": {
          "max_false_recovery_rate": 0.05,
          "option_value_margin": 0.2421875149011612,
          "false_recovery_rate": 0.0,
          "false_recovery_states": 0,
          "true_recovery_rate": 0.0,
          "beneficial_recovery_rate": 0.0,
          "beneficial_recovery_states": 0,
          "beneficial_recovery_rate_all_states": 0.0,
          "accuracy": 0.896551724137931,
          "mean_decision_regret": 0.4137931168079376
        }
      },
      "offline_option_rank": 262
    },
    {
      "variant_id": "w025-v05-transformer-h8-w64-d025-advance",
      "checkpoint_variant": "v05-transformer-h8-w64-d025",
      "checkpoint": "/HELIOS/Robotics/UnitreeRobotic/checkpoints/robocerebra/GR00T-RC-CTR-search/R0-residual-v9-override-weight/w025/v05-transformer-h8-w64-d025",
      "weights_sha256": "8bfa811cf9f26d5976b3afb491231f5b68bc0e5c31a9880bd3bac03dc54dd5a1",
      "override_weight_id": "w025",
      "option_override_weight": 0.25,
      "option_mask_id": "advance",
      "allowed_override_options": [
        "ADVANCE"
      ],
      "option_validation": {
        "labeled_states": 29,
        "strict_states": 28,
        "baseline_option": "RETRY_CURRENT",
        "override_options": [
          "ADVANCE"
        ],
        "target_retry_states": 29,
        "target_tie_states": 1,
        "target_override_states": 0,
        "raw_false_recovery_rate": 0.034482758620689655,
        "raw_recovery_rate": 0.0,
        "selective_recovery": {
          "max_false_recovery_rate": 0.05,
          "option_value_margin": 0.0019531252328306437,
          "false_recovery_rate": 0.0,
          "false_recovery_states": 0,
          "true_recovery_rate": 0.0,
          "beneficial_recovery_rate": 0.0,
          "beneficial_recovery_states": 0,
          "beneficial_recovery_rate_all_states": 0.0,
          "accuracy": 1.0,
          "mean_decision_regret": 0.4137931168079376
        }
      },
      "offline_option_rank": 263
    },
    {
      "variant_id": "w025-v05-transformer-h8-w64-d025-advance+consensus",
      "checkpoint_variant": "v05-transformer-h8-w64-d025",
      "checkpoint": "/HELIOS/Robotics/UnitreeRobotic/checkpoints/robocerebra/GR00T-RC-CTR-search/R0-residual-v9-override-weight/w025/v05-transformer-h8-w64-d025",
      "weights_sha256": "8bfa811cf9f26d5976b3afb491231f5b68bc0e5c31a9880bd3bac03dc54dd5a1",
      "override_weight_id": "w025",
      "option_override_weight": 0.25,
      "option_mask_id": "advance+consensus",
      "allowed_override_options": [
        "ADVANCE",
        "CONSENSUS_PREFIX"
      ],
      "option_validation": {
        "labeled_states": 29,
        "strict_states": 3,
        "baseline_option": "RETRY_CURRENT",
        "override_options": [
          "ADVANCE",
          "CONSENSUS_PREFIX"
        ],
        "target_retry_states": 27,
        "target_tie_states": 26,
        "target_override_states": 2,
        "raw_false_recovery_rate": 0.07407407407407407,
        "raw_recovery_rate": 0.0,
        "selective_recovery": {
          "max_false_recovery_rate": 0.05,
          "option_value_margin": 0.0742187574505806,
          "false_recovery_rate": 0.0,
          "false_recovery_states": 0,
          "true_recovery_rate": 0.0,
          "beneficial_recovery_rate": 0.0,
          "beneficial_recovery_states": 0,
          "beneficial_recovery_rate_all_states": 0.0,
          "accuracy": 0.9310344827586207,
          "mean_decision_regret": 0.4137931168079376
        }
      },
      "offline_option_rank": 264
    },
    {
      "variant_id": "w025-v05-transformer-h8-w64-d025-backtrack+advance",
      "checkpoint_variant": "v05-transformer-h8-w64-d025",
      "checkpoint": "/HELIOS/Robotics/UnitreeRobotic/checkpoints/robocerebra/GR00T-RC-CTR-search/R0-residual-v9-override-weight/w025/v05-transformer-h8-w64-d025",
      "weights_sha256": "8bfa811cf9f26d5976b3afb491231f5b68bc0e5c31a9880bd3bac03dc54dd5a1",
      "override_weight_id": "w025",
      "option_override_weight": 0.25,
      "option_mask_id": "backtrack+advance",
      "allowed_override_options": [
        "BACKTRACK_ONE",
        "ADVANCE"
      ],
      "option_validation": {
        "labeled_states": 29,
        "strict_states": 3,
        "baseline_option": "RETRY_CURRENT",
        "override_options": [
          "BACKTRACK_ONE",
          "ADVANCE"
        ],
        "target_retry_states": 28,
        "target_tie_states": 26,
        "target_override_states": 1,
        "raw_false_recovery_rate": 0.03571428571428571,
        "raw_recovery_rate": 0.0,
        "selective_recovery": {
          "max_false_recovery_rate": 0.05,
          "option_value_margin": 0.0019531252328306437,
          "false_recovery_rate": 0.0,
          "false_recovery_states": 0,
          "true_recovery_rate": 0.0,
          "beneficial_recovery_rate": 0.0,
          "beneficial_recovery_states": 0,
          "beneficial_recovery_rate_all_states": 0.0,
          "accuracy": 0.9655172413793104,
          "mean_decision_regret": 0.4137931168079376
        }
      },
      "offline_option_rank": 265
    },
    {
      "variant_id": "w025-v05-transformer-h8-w64-d025-backtrack+advance+consensus",
      "checkpoint_variant": "v05-transformer-h8-w64-d025",
      "checkpoint": "/HELIOS/Robotics/UnitreeRobotic/checkpoints/robocerebra/GR00T-RC-CTR-search/R0-residual-v9-override-weight/w025/v05-transformer-h8-w64-d025",
      "weights_sha256": "8bfa811cf9f26d5976b3afb491231f5b68bc0e5c31a9880bd3bac03dc54dd5a1",
      "override_weight_id": "w025",
      "option_override_weight": 0.25,
      "option_mask_id": "backtrack+advance+consensus",
      "allowed_override_options": [
        "BACKTRACK_ONE",
        "ADVANCE",
        "CONSENSUS_PREFIX"
      ],
      "option_validation": {
        "labeled_states": 29,
        "strict_states": 3,
        "baseline_option": "RETRY_CURRENT",
        "override_options": [
          "BACKTRACK_ONE",
          "ADVANCE",
          "CONSENSUS_PREFIX"
        ],
        "target_retry_states": 26,
        "target_tie_states": 26,
        "target_override_states": 3,
        "raw_false_recovery_rate": 0.07692307692307693,
        "raw_recovery_rate": 0.0,
        "selective_recovery": {
          "max_false_recovery_rate": 0.05,
          "option_value_margin": 0.0742187574505806,
          "false_recovery_rate": 0.0,
          "false_recovery_states": 0,
          "true_recovery_rate": 0.0,
          "beneficial_recovery_rate": 0.0,
          "beneficial_recovery_states": 0,
          "beneficial_recovery_rate_all_states": 0.0,
          "accuracy": 0.896551724137931,
          "mean_decision_regret": 0.4137931168079376
        }
      },
      "offline_option_rank": 266
    },
    {
      "variant_id": "w025-v05-transformer-h8-w64-d025-backtrack+consensus",
      "checkpoint_variant": "v05-transformer-h8-w64-d025",
      "checkpoint": "/HELIOS/Robotics/UnitreeRobotic/checkpoints/robocerebra/GR00T-RC-CTR-search/R0-residual-v9-override-weight/w025/v05-transformer-h8-w64-d025",
      "weights_sha256": "8bfa811cf9f26d5976b3afb491231f5b68bc0e5c31a9880bd3bac03dc54dd5a1",
      "override_weight_id": "w025",
      "option_override_weight": 0.25,
      "option_mask_id": "backtrack+consensus",
      "allowed_override_options": [
        "BACKTRACK_ONE",
        "CONSENSUS_PREFIX"
      ],
      "option_validation": {
        "labeled_states": 29,
        "strict_states": 3,
        "baseline_option": "RETRY_CURRENT",
        "override_options": [
          "BACKTRACK_ONE",
          "CONSENSUS_PREFIX"
        ],
        "target_retry_states": 26,
        "target_tie_states": 26,
        "target_override_states": 3,
        "raw_false_recovery_rate": 0.038461538461538464,
        "raw_recovery_rate": 0.0,
        "selective_recovery": {
          "max_false_recovery_rate": 0.05,
          "option_value_margin": 0.0742187574505806,
          "false_recovery_rate": 0.0,
          "false_recovery_states": 0,
          "true_recovery_rate": 0.0,
          "beneficial_recovery_rate": 0.0,
          "beneficial_recovery_states": 0,
          "beneficial_recovery_rate_all_states": 0.0,
          "accuracy": 0.896551724137931,
          "mean_decision_regret": 0.4137931168079376
        }
      },
      "offline_option_rank": 267
    },
    {
      "variant_id": "w025-v05-transformer-h8-w64-d025-consensus",
      "checkpoint_variant": "v05-transformer-h8-w64-d025",
      "checkpoint": "/HELIOS/Robotics/UnitreeRobotic/checkpoints/robocerebra/GR00T-RC-CTR-search/R0-residual-v9-override-weight/w025/v05-transformer-h8-w64-d025",
      "weights_sha256": "8bfa811cf9f26d5976b3afb491231f5b68bc0e5c31a9880bd3bac03dc54dd5a1",
      "override_weight_id": "w025",
      "option_override_weight": 0.25,
      "option_mask_id": "consensus",
      "allowed_override_options": [
        "CONSENSUS_PREFIX"
      ],
      "option_validation": {
        "labeled_states": 29,
        "strict_states": 3,
        "baseline_option": "RETRY_CURRENT",
        "override_options": [
          "CONSENSUS_PREFIX"
        ],
        "target_retry_states": 27,
        "target_tie_states": 26,
        "target_override_states": 2,
        "raw_false_recovery_rate": 0.037037037037037035,
        "raw_recovery_rate": 0.0,
        "selective_recovery": {
          "max_false_recovery_rate": 0.05,
          "option_value_margin": 0.0742187574505806,
          "false_recovery_rate": 0.0,
          "false_recovery_states": 0,
          "true_recovery_rate": 0.0,
          "beneficial_recovery_rate": 0.0,
          "beneficial_recovery_states": 0,
          "beneficial_recovery_rate_all_states": 0.0,
          "accuracy": 0.9310344827586207,
          "mean_decision_regret": 0.4137931168079376
        }
      },
      "offline_option_rank": 268
    },
    {
      "variant_id": "w025-v05-transformer-h8-w64-d025-reobserve",
      "checkpoint_variant": "v05-transformer-h8-w64-d025",
      "checkpoint": "/HELIOS/Robotics/UnitreeRobotic/checkpoints/robocerebra/GR00T-RC-CTR-search/R0-residual-v9-override-weight/w025/v05-transformer-h8-w64-d025",
      "weights_sha256": "8bfa811cf9f26d5976b3afb491231f5b68bc0e5c31a9880bd3bac03dc54dd5a1",
      "override_weight_id": "w025",
      "option_override_weight": 0.25,
      "option_mask_id": "reobserve",
      "allowed_override_options": [
        "REOBSERVE"
      ],
      "option_validation": {
        "labeled_states": 29,
        "strict_states": 1,
        "baseline_option": "RETRY_CURRENT",
        "override_options": [
          "REOBSERVE"
        ],
        "target_retry_states": 28,
        "target_tie_states": 28,
        "target_override_states": 1,
        "raw_false_recovery_rate": 0.03571428571428571,
        "raw_recovery_rate": 0.0,
        "selective_recovery": {
          "max_false_recovery_rate": 0.05,
          "option_value_margin": 0.2031250149011612,
          "false_recovery_rate": 0.0,
          "false_recovery_states": 0,
          "true_recovery_rate": 0.0,
          "beneficial_recovery_rate": 0.0,
          "beneficial_recovery_states": 0,
          "beneficial_recovery_rate_all_states": 0.0,
          "accuracy": 0.9655172413793104,
          "mean_decision_regret": 0.4137931168079376
        }
      },
      "offline_option_rank": 269
    },
    {
      "variant_id": "w025-v05-transformer-h8-w64-d025-reobserve+advance",
      "checkpoint_variant": "v05-transformer-h8-w64-d025",
      "checkpoint": "/HELIOS/Robotics/UnitreeRobotic/checkpoints/robocerebra/GR00T-RC-CTR-search/R0-residual-v9-override-weight/w025/v05-transformer-h8-w64-d025",
      "weights_sha256": "8bfa811cf9f26d5976b3afb491231f5b68bc0e5c31a9880bd3bac03dc54dd5a1",
      "override_weight_id": "w025",
      "option_override_weight": 0.25,
      "option_mask_id": "reobserve+advance",
      "allowed_override_options": [
        "REOBSERVE",
        "ADVANCE"
      ],
      "option_validation": {
        "labeled_states": 29,
        "strict_states": 1,
        "baseline_option": "RETRY_CURRENT",
        "override_options": [
          "REOBSERVE",
          "ADVANCE"
        ],
        "target_retry_states": 28,
        "target_tie_states": 28,
        "target_override_states": 1,
        "raw_false_recovery_rate": 0.03571428571428571,
        "raw_recovery_rate": 0.0,
        "selective_recovery": {
          "max_false_recovery_rate": 0.05,
          "option_value_margin": 0.2031250149011612,
          "false_recovery_rate": 0.0,
          "false_recovery_states": 0,
          "true_recovery_rate": 0.0,
          "beneficial_recovery_rate": 0.0,
          "beneficial_recovery_states": 0,
          "beneficial_recovery_rate_all_states": 0.0,
          "accuracy": 0.9655172413793104,
          "mean_decision_regret": 0.4137931168079376
        }
      },
      "offline_option_rank": 270
    },
    {
      "variant_id": "w025-v05-transformer-h8-w64-d025-reobserve+advance+consensus",
      "checkpoint_variant": "v05-transformer-h8-w64-d025",
      "checkpoint": "/HELIOS/Robotics/UnitreeRobotic/checkpoints/robocerebra/GR00T-RC-CTR-search/R0-residual-v9-override-weight/w025/v05-transformer-h8-w64-d025",
      "weights_sha256": "8bfa811cf9f26d5976b3afb491231f5b68bc0e5c31a9880bd3bac03dc54dd5a1",
      "override_weight_id": "w025",
      "option_override_weight": 0.25,
      "option_mask_id": "reobserve+advance+consensus",
      "allowed_override_options": [
        "REOBSERVE",
        "ADVANCE",
        "CONSENSUS_PREFIX"
      ],
      "option_validation": {
        "labeled_states": 29,
        "strict_states": 3,
        "baseline_option": "RETRY_CURRENT",
        "override_options": [
          "REOBSERVE",
          "ADVANCE",
          "CONSENSUS_PREFIX"
        ],
        "target_retry_states": 26,
        "target_tie_states": 26,
        "target_override_states": 3,
        "raw_false_recovery_rate": 0.07692307692307693,
        "raw_recovery_rate": 0.0,
        "selective_recovery": {
          "max_false_recovery_rate": 0.05,
          "option_value_margin": 0.2031250149011612,
          "false_recovery_rate": 0.0,
          "false_recovery_states": 0,
          "true_recovery_rate": 0.0,
          "beneficial_recovery_rate": 0.0,
          "beneficial_recovery_states": 0,
          "beneficial_recovery_rate_all_states": 0.0,
          "accuracy": 0.896551724137931,
          "mean_decision_regret": 0.4137931168079376
        }
      },
      "offline_option_rank": 271
    },
    {
      "variant_id": "w025-v05-transformer-h8-w64-d025-reobserve+backtrack",
      "checkpoint_variant": "v05-transformer-h8-w64-d025",
      "checkpoint": "/HELIOS/Robotics/UnitreeRobotic/checkpoints/robocerebra/GR00T-RC-CTR-search/R0-residual-v9-override-weight/w025/v05-transformer-h8-w64-d025",
      "weights_sha256": "8bfa811cf9f26d5976b3afb491231f5b68bc0e5c31a9880bd3bac03dc54dd5a1",
      "override_weight_id": "w025",
      "option_override_weight": 0.25,
      "option_mask_id": "reobserve+backtrack",
      "allowed_override_options": [
        "REOBSERVE",
        "BACKTRACK_ONE"
      ],
      "option_validation": {
        "labeled_states": 29,
        "strict_states": 2,
        "baseline_option": "RETRY_CURRENT",
        "override_options": [
          "REOBSERVE",
          "BACKTRACK_ONE"
        ],
        "target_retry_states": 27,
        "target_tie_states": 27,
        "target_override_states": 2,
        "raw_false_recovery_rate": 0.037037037037037035,
        "raw_recovery_rate": 0.0,
        "selective_recovery": {
          "max_false_recovery_rate": 0.05,
          "option_value_margin": 0.2031250149011612,
          "false_recovery_rate": 0.0,
          "false_recovery_states": 0,
          "true_recovery_rate": 0.0,
          "beneficial_recovery_rate": 0.0,
          "beneficial_recovery_states": 0,
          "beneficial_recovery_rate_all_states": 0.0,
          "accuracy": 0.9310344827586207,
          "mean_decision_regret": 0.4137931168079376
        }
      },
      "offline_option_rank": 272
    },
    {
      "variant_id": "w025-v05-transformer-h8-w64-d025-reobserve+backtrack+advance",
      "checkpoint_variant": "v05-transformer-h8-w64-d025",
      "checkpoint": "/HELIOS/Robotics/UnitreeRobotic/checkpoints/robocerebra/GR00T-RC-CTR-search/R0-residual-v9-override-weight/w025/v05-transformer-h8-w64-d025",
      "weights_sha256": "8bfa811cf9f26d5976b3afb491231f5b68bc0e5c31a9880bd3bac03dc54dd5a1",
      "override_weight_id": "w025",
      "option_override_weight": 0.25,
      "option_mask_id": "reobserve+backtrack+advance",
      "allowed_override_options": [
        "REOBSERVE",
        "BACKTRACK_ONE",
        "ADVANCE"
      ],
      "option_validation": {
        "labeled_states": 29,
        "strict_states": 2,
        "baseline_option": "RETRY_CURRENT",
        "override_options": [
          "REOBSERVE",
          "BACKTRACK_ONE",
          "ADVANCE"
        ],
        "target_retry_states": 27,
        "target_tie_states": 27,
        "target_override_states": 2,
        "raw_false_recovery_rate": 0.037037037037037035,
        "raw_recovery_rate": 0.0,
        "selective_recovery": {
          "max_false_recovery_rate": 0.05,
          "option_value_margin": 0.2031250149011612,
          "false_recovery_rate": 0.0,
          "false_recovery_states": 0,
          "true_recovery_rate": 0.0,
          "beneficial_recovery_rate": 0.0,
          "beneficial_recovery_states": 0,
          "beneficial_recovery_rate_all_states": 0.0,
          "accuracy": 0.9310344827586207,
          "mean_decision_regret": 0.4137931168079376
        }
      },
      "offline_option_rank": 273
    },
    {
      "variant_id": "w025-v05-transformer-h8-w64-d025-reobserve+backtrack+advance+consensus",
      "checkpoint_variant": "v05-transformer-h8-w64-d025",
      "checkpoint": "/HELIOS/Robotics/UnitreeRobotic/checkpoints/robocerebra/GR00T-RC-CTR-search/R0-residual-v9-override-weight/w025/v05-transformer-h8-w64-d025",
      "weights_sha256": "8bfa811cf9f26d5976b3afb491231f5b68bc0e5c31a9880bd3bac03dc54dd5a1",
      "override_weight_id": "w025",
      "option_override_weight": 0.25,
      "option_mask_id": "reobserve+backtrack+advance+consensus",
      "allowed_override_options": [
        "REOBSERVE",
        "BACKTRACK_ONE",
        "ADVANCE",
        "CONSENSUS_PREFIX"
      ],
      "option_validation": {
        "labeled_states": 29,
        "strict_states": 4,
        "baseline_option": "RETRY_CURRENT",
        "override_options": [
          "REOBSERVE",
          "BACKTRACK_ONE",
          "ADVANCE",
          "CONSENSUS_PREFIX"
        ],
        "target_retry_states": 25,
        "target_tie_states": 25,
        "target_override_states": 4,
        "raw_false_recovery_rate": 0.08,
        "raw_recovery_rate": 0.0,
        "selective_recovery": {
          "max_false_recovery_rate": 0.05,
          "option_value_margin": 0.2031250149011612,
          "false_recovery_rate": 0.0,
          "false_recovery_states": 0,
          "true_recovery_rate": 0.0,
          "beneficial_recovery_rate": 0.0,
          "beneficial_recovery_states": 0,
          "beneficial_recovery_rate_all_states": 0.0,
          "accuracy": 0.8620689655172413,
          "mean_decision_regret": 0.4137931168079376
        }
      },
      "offline_option_rank": 274
    },
    {
      "variant_id": "w025-v05-transformer-h8-w64-d025-reobserve+backtrack+consensus",
      "checkpoint_variant": "v05-transformer-h8-w64-d025",
      "checkpoint": "/HELIOS/Robotics/UnitreeRobotic/checkpoints/robocerebra/GR00T-RC-CTR-search/R0-residual-v9-override-weight/w025/v05-transformer-h8-w64-d025",
      "weights_sha256": "8bfa811cf9f26d5976b3afb491231f5b68bc0e5c31a9880bd3bac03dc54dd5a1",
      "override_weight_id": "w025",
      "option_override_weight": 0.25,
      "option_mask_id": "reobserve+backtrack+consensus",
      "allowed_override_options": [
        "REOBSERVE",
        "BACKTRACK_ONE",
        "CONSENSUS_PREFIX"
      ],
      "option_validation": {
        "labeled_states": 29,
        "strict_states": 4,
        "baseline_option": "RETRY_CURRENT",
        "override_options": [
          "REOBSERVE",
          "BACKTRACK_ONE",
          "CONSENSUS_PREFIX"
        ],
        "target_retry_states": 25,
        "target_tie_states": 25,
        "target_override_states": 4,
        "raw_false_recovery_rate": 0.08,
        "raw_recovery_rate": 0.0,
        "selective_recovery": {
          "max_false_recovery_rate": 0.05,
          "option_value_margin": 0.2031250149011612,
          "false_recovery_rate": 0.0,
          "false_recovery_states": 0,
          "true_recovery_rate": 0.0,
          "beneficial_recovery_rate": 0.0,
          "beneficial_recovery_states": 0,
          "beneficial_recovery_rate_all_states": 0.0,
          "accuracy": 0.8620689655172413,
          "mean_decision_regret": 0.4137931168079376
        }
      },
      "offline_option_rank": 275
    },
    {
      "variant_id": "w025-v05-transformer-h8-w64-d025-reobserve+consensus",
      "checkpoint_variant": "v05-transformer-h8-w64-d025",
      "checkpoint": "/HELIOS/Robotics/UnitreeRobotic/checkpoints/robocerebra/GR00T-RC-CTR-search/R0-residual-v9-override-weight/w025/v05-transformer-h8-w64-d025",
      "weights_sha256": "8bfa811cf9f26d5976b3afb491231f5b68bc0e5c31a9880bd3bac03dc54dd5a1",
      "override_weight_id": "w025",
      "option_override_weight": 0.25,
      "option_mask_id": "reobserve+consensus",
      "allowed_override_options": [
        "REOBSERVE",
        "CONSENSUS_PREFIX"
      ],
      "option_validation": {
        "labeled_states": 29,
        "strict_states": 3,
        "baseline_option": "RETRY_CURRENT",
        "override_options": [
          "REOBSERVE",
          "CONSENSUS_PREFIX"
        ],
        "target_retry_states": 26,
        "target_tie_states": 26,
        "target_override_states": 3,
        "raw_false_recovery_rate": 0.07692307692307693,
        "raw_recovery_rate": 0.0,
        "selective_recovery": {
          "max_false_recovery_rate": 0.05,
          "option_value_margin": 0.2031250149011612,
          "false_recovery_rate": 0.0,
          "false_recovery_states": 0,
          "true_recovery_rate": 0.0,
          "beneficial_recovery_rate": 0.0,
          "beneficial_recovery_states": 0,
          "beneficial_recovery_rate_all_states": 0.0,
          "accuracy": 0.896551724137931,
          "mean_decision_regret": 0.4137931168079376
        }
      },
      "offline_option_rank": 276
    },
    {
      "variant_id": "w050-v00-linear-h4-w32-d025-advance",
      "checkpoint_variant": "v00-linear-h4-w32-d025",
      "checkpoint": "/HELIOS/Robotics/UnitreeRobotic/checkpoints/robocerebra/GR00T-RC-CTR-search/R0-residual-v9-override-weight/w050/v00-linear-h4-w32-d025",
      "weights_sha256": "66ac4f68663e349d47c0fed3e5e13567f7cb527306ed72dee0dbd8a3adb6a243",
      "override_weight_id": "w050",
      "option_override_weight": 0.5,
      "option_mask_id": "advance",
      "allowed_override_options": [
        "ADVANCE"
      ],
      "option_validation": {
        "labeled_states": 29,
        "strict_states": 28,
        "baseline_option": "RETRY_CURRENT",
        "override_options": [
          "ADVANCE"
        ],
        "target_retry_states": 29,
        "target_tie_states": 1,
        "target_override_states": 0,
        "raw_false_recovery_rate": 0.0,
        "raw_recovery_rate": 0.0,
        "selective_recovery": {
          "max_false_recovery_rate": 0.05,
          "option_value_margin": 0.0,
          "false_recovery_rate": 0.0,
          "false_recovery_states": 0,
          "true_recovery_rate": 0.0,
          "beneficial_recovery_rate": 0.0,
          "beneficial_recovery_states": 0,
          "beneficial_recovery_rate_all_states": 0.0,
          "accuracy": 1.0,
          "mean_decision_regret": 0.4137931168079376
        }
      },
      "offline_option_rank": 277
    },
    {
      "variant_id": "w050-v00-linear-h4-w32-d025-advance+consensus",
      "checkpoint_variant": "v00-linear-h4-w32-d025",
      "checkpoint": "/HELIOS/Robotics/UnitreeRobotic/checkpoints/robocerebra/GR00T-RC-CTR-search/R0-residual-v9-override-weight/w050/v00-linear-h4-w32-d025",
      "weights_sha256": "66ac4f68663e349d47c0fed3e5e13567f7cb527306ed72dee0dbd8a3adb6a243",
      "override_weight_id": "w050",
      "option_override_weight": 0.5,
      "option_mask_id": "advance+consensus",
      "allowed_override_options": [
        "ADVANCE",
        "CONSENSUS_PREFIX"
      ],
      "option_validation": {
        "labeled_states": 29,
        "strict_states": 3,
        "baseline_option": "RETRY_CURRENT",
        "override_options": [
          "ADVANCE",
          "CONSENSUS_PREFIX"
        ],
        "target_retry_states": 27,
        "target_tie_states": 26,
        "target_override_states": 2,
        "raw_false_recovery_rate": 0.037037037037037035,
        "raw_recovery_rate": 0.0,
        "selective_recovery": {
          "max_false_recovery_rate": 0.05,
          "option_value_margin": 0.3886719048023224,
          "false_recovery_rate": 0.0,
          "false_recovery_states": 0,
          "true_recovery_rate": 0.0,
          "beneficial_recovery_rate": 0.0,
          "beneficial_recovery_states": 0,
          "beneficial_recovery_rate_all_states": 0.0,
          "accuracy": 0.9310344827586207,
          "mean_decision_regret": 0.4137931168079376
        }
      },
      "offline_option_rank": 278
    },
    {
      "variant_id": "w050-v00-linear-h4-w32-d025-backtrack+advance",
      "checkpoint_variant": "v00-linear-h4-w32-d025",
      "checkpoint": "/HELIOS/Robotics/UnitreeRobotic/checkpoints/robocerebra/GR00T-RC-CTR-search/R0-residual-v9-override-weight/w050/v00-linear-h4-w32-d025",
      "weights_sha256": "66ac4f68663e349d47c0fed3e5e13567f7cb527306ed72dee0dbd8a3adb6a243",
      "override_weight_id": "w050",
      "option_override_weight": 0.5,
      "option_mask_id": "backtrack+advance",
      "allowed_override_options": [
        "BACKTRACK_ONE",
        "ADVANCE"
      ],
      "option_validation": {
        "labeled_states": 29,
        "strict_states": 3,
        "baseline_option": "RETRY_CURRENT",
        "override_options": [
          "BACKTRACK_ONE",
          "ADVANCE"
        ],
        "target_retry_states": 28,
        "target_tie_states": 26,
        "target_override_states": 1,
        "raw_false_recovery_rate": 0.0,
        "raw_recovery_rate": 0.0,
        "selective_recovery": {
          "max_false_recovery_rate": 0.05,
          "option_value_margin": 0.0,
          "false_recovery_rate": 0.0,
          "false_recovery_states": 0,
          "true_recovery_rate": 0.0,
          "beneficial_recovery_rate": 0.0,
          "beneficial_recovery_states": 0,
          "beneficial_recovery_rate_all_states": 0.0,
          "accuracy": 0.9655172413793104,
          "mean_decision_regret": 0.4137931168079376
        }
      },
      "offline_option_rank": 279
    },
    {
      "variant_id": "w050-v00-linear-h4-w32-d025-backtrack+advance+consensus",
      "checkpoint_variant": "v00-linear-h4-w32-d025",
      "checkpoint": "/HELIOS/Robotics/UnitreeRobotic/checkpoints/robocerebra/GR00T-RC-CTR-search/R0-residual-v9-override-weight/w050/v00-linear-h4-w32-d025",
      "weights_sha256": "66ac4f68663e349d47c0fed3e5e13567f7cb527306ed72dee0dbd8a3adb6a243",
      "override_weight_id": "w050",
      "option_override_weight": 0.5,
      "option_mask_id": "backtrack+advance+consensus",
      "allowed_override_options": [
        "BACKTRACK_ONE",
        "ADVANCE",
        "CONSENSUS_PREFIX"
      ],
      "option_validation": {
        "labeled_states": 29,
        "strict_states": 3,
        "baseline_option": "RETRY_CURRENT",
        "override_options": [
          "BACKTRACK_ONE",
          "ADVANCE",
          "CONSENSUS_PREFIX"
        ],
        "target_retry_states": 26,
        "target_tie_states": 26,
        "target_override_states": 3,
        "raw_false_recovery_rate": 0.038461538461538464,
        "raw_recovery_rate": 0.0,
        "selective_recovery": {
          "max_false_recovery_rate": 0.05,
          "option_value_margin": 0.3886719048023224,
          "false_recovery_rate": 0.0,
          "false_recovery_states": 0,
          "true_recovery_rate": 0.0,
          "beneficial_recovery_rate": 0.0,
          "beneficial_recovery_states": 0,
          "beneficial_recovery_rate_all_states": 0.0,
          "accuracy": 0.896551724137931,
          "mean_decision_regret": 0.4137931168079376
        }
      },
      "offline_option_rank": 280
    },
    {
      "variant_id": "w050-v00-linear-h4-w32-d025-backtrack+consensus",
      "checkpoint_variant": "v00-linear-h4-w32-d025",
      "checkpoint": "/HELIOS/Robotics/UnitreeRobotic/checkpoints/robocerebra/GR00T-RC-CTR-search/R0-residual-v9-override-weight/w050/v00-linear-h4-w32-d025",
      "weights_sha256": "66ac4f68663e349d47c0fed3e5e13567f7cb527306ed72dee0dbd8a3adb6a243",
      "override_weight_id": "w050",
      "option_override_weight": 0.5,
      "option_mask_id": "backtrack+consensus",
      "allowed_override_options": [
        "BACKTRACK_ONE",
        "CONSENSUS_PREFIX"
      ],
      "option_validation": {
        "labeled_states": 29,
        "strict_states": 3,
        "baseline_option": "RETRY_CURRENT",
        "override_options": [
          "BACKTRACK_ONE",
          "CONSENSUS_PREFIX"
        ],
        "target_retry_states": 26,
        "target_tie_states": 26,
        "target_override_states": 3,
        "raw_false_recovery_rate": 0.038461538461538464,
        "raw_recovery_rate": 0.0,
        "selective_recovery": {
          "max_false_recovery_rate": 0.05,
          "option_value_margin": 0.3886719048023224,
          "false_recovery_rate": 0.0,
          "false_recovery_states": 0,
          "true_recovery_rate": 0.0,
          "beneficial_recovery_rate": 0.0,
          "beneficial_recovery_states": 0,
          "beneficial_recovery_rate_all_states": 0.0,
          "accuracy": 0.896551724137931,
          "mean_decision_regret": 0.4137931168079376
        }
      },
      "offline_option_rank": 281
    },
    {
      "variant_id": "w050-v00-linear-h4-w32-d025-consensus",
      "checkpoint_variant": "v00-linear-h4-w32-d025",
      "checkpoint": "/HELIOS/Robotics/UnitreeRobotic/checkpoints/robocerebra/GR00T-RC-CTR-search/R0-residual-v9-override-weight/w050/v00-linear-h4-w32-d025",
      "weights_sha256": "66ac4f68663e349d47c0fed3e5e13567f7cb527306ed72dee0dbd8a3adb6a243",
      "override_weight_id": "w050",
      "option_override_weight": 0.5,
      "option_mask_id": "consensus",
      "allowed_override_options": [
        "CONSENSUS_PREFIX"
      ],
      "option_validation": {
        "labeled_states": 29,
        "strict_states": 3,
        "baseline_option": "RETRY_CURRENT",
        "override_options": [
          "CONSENSUS_PREFIX"
        ],
        "target_retry_states": 27,
        "target_tie_states": 26,
        "target_override_states": 2,
        "raw_false_recovery_rate": 0.037037037037037035,
        "raw_recovery_rate": 0.0,
        "selective_recovery": {
          "max_false_recovery_rate": 0.05,
          "option_value_margin": 0.3886719048023224,
          "false_recovery_rate": 0.0,
          "false_recovery_states": 0,
          "true_recovery_rate": 0.0,
          "beneficial_recovery_rate": 0.0,
          "beneficial_recovery_states": 0,
          "beneficial_recovery_rate_all_states": 0.0,
          "accuracy": 0.9310344827586207,
          "mean_decision_regret": 0.4137931168079376
        }
      },
      "offline_option_rank": 282
    },
    {
      "variant_id": "w050-v00-linear-h4-w32-d025-reobserve",
      "checkpoint_variant": "v00-linear-h4-w32-d025",
      "checkpoint": "/HELIOS/Robotics/UnitreeRobotic/checkpoints/robocerebra/GR00T-RC-CTR-search/R0-residual-v9-override-weight/w050/v00-linear-h4-w32-d025",
      "weights_sha256": "66ac4f68663e349d47c0fed3e5e13567f7cb527306ed72dee0dbd8a3adb6a243",
      "override_weight_id": "w050",
      "option_override_weight": 0.5,
      "option_mask_id": "reobserve",
      "allowed_override_options": [
        "REOBSERVE"
      ],
      "option_validation": {
        "labeled_states": 29,
        "strict_states": 1,
        "baseline_option": "RETRY_CURRENT",
        "override_options": [
          "REOBSERVE"
        ],
        "target_retry_states": 28,
        "target_tie_states": 28,
        "target_override_states": 1,
        "raw_false_recovery_rate": 0.0,
        "raw_recovery_rate": 0.0,
        "selective_recovery": {
          "max_false_recovery_rate": 0.05,
          "option_value_margin": 0.0,
          "false_recovery_rate": 0.0,
          "false_recovery_states": 0,
          "true_recovery_rate": 0.0,
          "beneficial_recovery_rate": 0.0,
          "beneficial_recovery_states": 0,
          "beneficial_recovery_rate_all_states": 0.0,
          "accuracy": 0.9655172413793104,
          "mean_decision_regret": 0.4137931168079376
        }
      },
      "offline_option_rank": 283
    },
    {
      "variant_id": "w050-v00-linear-h4-w32-d025-reobserve+advance",
      "checkpoint_variant": "v00-linear-h4-w32-d025",
      "checkpoint": "/HELIOS/Robotics/UnitreeRobotic/checkpoints/robocerebra/GR00T-RC-CTR-search/R0-residual-v9-override-weight/w050/v00-linear-h4-w32-d025",
      "weights_sha256": "66ac4f68663e349d47c0fed3e5e13567f7cb527306ed72dee0dbd8a3adb6a243",
      "override_weight_id": "w050",
      "option_override_weight": 0.5,
      "option_mask_id": "reobserve+advance",
      "allowed_override_options": [
        "REOBSERVE",
        "ADVANCE"
      ],
      "option_validation": {
        "labeled_states": 29,
        "strict_states": 1,
        "baseline_option": "RETRY_CURRENT",
        "override_options": [
          "REOBSERVE",
          "ADVANCE"
        ],
        "target_retry_states": 28,
        "target_tie_states": 28,
        "target_override_states": 1,
        "raw_false_recovery_rate": 0.0,
        "raw_recovery_rate": 0.0,
        "selective_recovery": {
          "max_false_recovery_rate": 0.05,
          "option_value_margin": 0.0,
          "false_recovery_rate": 0.0,
          "false_recovery_states": 0,
          "true_recovery_rate": 0.0,
          "beneficial_recovery_rate": 0.0,
          "beneficial_recovery_states": 0,
          "beneficial_recovery_rate_all_states": 0.0,
          "accuracy": 0.9655172413793104,
          "mean_decision_regret": 0.4137931168079376
        }
      },
      "offline_option_rank": 284
    },
    {
      "variant_id": "w050-v00-linear-h4-w32-d025-reobserve+advance+consensus",
      "checkpoint_variant": "v00-linear-h4-w32-d025",
      "checkpoint": "/HELIOS/Robotics/UnitreeRobotic/checkpoints/robocerebra/GR00T-RC-CTR-search/R0-residual-v9-override-weight/w050/v00-linear-h4-w32-d025",
      "weights_sha256": "66ac4f68663e349d47c0fed3e5e13567f7cb527306ed72dee0dbd8a3adb6a243",
      "override_weight_id": "w050",
      "option_override_weight": 0.5,
      "option_mask_id": "reobserve+advance+consensus",
      "allowed_override_options": [
        "REOBSERVE",
        "ADVANCE",
        "CONSENSUS_PREFIX"
      ],
      "option_validation": {
        "labeled_states": 29,
        "strict_states": 3,
        "baseline_option": "RETRY_CURRENT",
        "override_options": [
          "REOBSERVE",
          "ADVANCE",
          "CONSENSUS_PREFIX"
        ],
        "target_retry_states": 26,
        "target_tie_states": 26,
        "target_override_states": 3,
        "raw_false_recovery_rate": 0.038461538461538464,
        "raw_recovery_rate": 0.0,
        "selective_recovery": {
          "max_false_recovery_rate": 0.05,
          "option_value_margin": 0.3886719048023224,
          "false_recovery_rate": 0.0,
          "false_recovery_states": 0,
          "true_recovery_rate": 0.0,
          "beneficial_recovery_rate": 0.0,
          "beneficial_recovery_states": 0,
          "beneficial_recovery_rate_all_states": 0.0,
          "accuracy": 0.896551724137931,
          "mean_decision_regret": 0.4137931168079376
        }
      },
      "offline_option_rank": 285
    },
    {
      "variant_id": "w050-v00-linear-h4-w32-d025-reobserve+backtrack",
      "checkpoint_variant": "v00-linear-h4-w32-d025",
      "checkpoint": "/HELIOS/Robotics/UnitreeRobotic/checkpoints/robocerebra/GR00T-RC-CTR-search/R0-residual-v9-override-weight/w050/v00-linear-h4-w32-d025",
      "weights_sha256": "66ac4f68663e349d47c0fed3e5e13567f7cb527306ed72dee0dbd8a3adb6a243",
      "override_weight_id": "w050",
      "option_override_weight": 0.5,
      "option_mask_id": "reobserve+backtrack",
      "allowed_override_options": [
        "REOBSERVE",
        "BACKTRACK_ONE"
      ],
      "option_validation": {
        "labeled_states": 29,
        "strict_states": 2,
        "baseline_option": "RETRY_CURRENT",
        "override_options": [
          "REOBSERVE",
          "BACKTRACK_ONE"
        ],
        "target_retry_states": 27,
        "target_tie_states": 27,
        "target_override_states": 2,
        "raw_false_recovery_rate": 0.0,
        "raw_recovery_rate": 0.0,
        "selective_recovery": {
          "max_false_recovery_rate": 0.05,
          "option_value_margin": 0.0,
          "false_recovery_rate": 0.0,
          "false_recovery_states": 0,
          "true_recovery_rate": 0.0,
          "beneficial_recovery_rate": 0.0,
          "beneficial_recovery_states": 0,
          "beneficial_recovery_rate_all_states": 0.0,
          "accuracy": 0.9310344827586207,
          "mean_decision_regret": 0.4137931168079376
        }
      },
      "offline_option_rank": 286
    },
    {
      "variant_id": "w050-v00-linear-h4-w32-d025-reobserve+backtrack+advance",
      "checkpoint_variant": "v00-linear-h4-w32-d025",
      "checkpoint": "/HELIOS/Robotics/UnitreeRobotic/checkpoints/robocerebra/GR00T-RC-CTR-search/R0-residual-v9-override-weight/w050/v00-linear-h4-w32-d025",
      "weights_sha256": "66ac4f68663e349d47c0fed3e5e13567f7cb527306ed72dee0dbd8a3adb6a243",
      "override_weight_id": "w050",
      "option_override_weight": 0.5,
      "option_mask_id": "reobserve+backtrack+advance",
      "allowed_override_options": [
        "REOBSERVE",
        "BACKTRACK_ONE",
        "ADVANCE"
      ],
      "option_validation": {
        "labeled_states": 29,
        "strict_states": 2,
        "baseline_option": "RETRY_CURRENT",
        "override_options": [
          "REOBSERVE",
          "BACKTRACK_ONE",
          "ADVANCE"
        ],
        "target_retry_states": 27,
        "target_tie_states": 27,
        "target_override_states": 2,
        "raw_false_recovery_rate": 0.0,
        "raw_recovery_rate": 0.0,
        "selective_recovery": {
          "max_false_recovery_rate": 0.05,
          "option_value_margin": 0.0,
          "false_recovery_rate": 0.0,
          "false_recovery_states": 0,
          "true_recovery_rate": 0.0,
          "beneficial_recovery_rate": 0.0,
          "beneficial_recovery_states": 0,
          "beneficial_recovery_rate_all_states": 0.0,
          "accuracy": 0.9310344827586207,
          "mean_decision_regret": 0.4137931168079376
        }
      },
      "offline_option_rank": 287
    },
    {
      "variant_id": "w050-v00-linear-h4-w32-d025-reobserve+backtrack+advance+consensus",
      "checkpoint_variant": "v00-linear-h4-w32-d025",
      "checkpoint": "/HELIOS/Robotics/UnitreeRobotic/checkpoints/robocerebra/GR00T-RC-CTR-search/R0-residual-v9-override-weight/w050/v00-linear-h4-w32-d025",
      "weights_sha256": "66ac4f68663e349d47c0fed3e5e13567f7cb527306ed72dee0dbd8a3adb6a243",
      "override_weight_id": "w050",
      "option_override_weight": 0.5,
      "option_mask_id": "reobserve+backtrack+advance+consensus",
      "allowed_override_options": [
        "REOBSERVE",
        "BACKTRACK_ONE",
        "ADVANCE",
        "CONSENSUS_PREFIX"
      ],
      "option_validation": {
        "labeled_states": 29,
        "strict_states": 4,
        "baseline_option": "RETRY_CURRENT",
        "override_options": [
          "REOBSERVE",
          "BACKTRACK_ONE",
          "ADVANCE",
          "CONSENSUS_PREFIX"
        ],
        "target_retry_states": 25,
        "target_tie_states": 25,
        "target_override_states": 4,
        "raw_false_recovery_rate": 0.04,
        "raw_recovery_rate": 0.0,
        "selective_recovery": {
          "max_false_recovery_rate": 0.05,
          "option_value_margin": 0.3886719048023224,
          "false_recovery_rate": 0.0,
          "false_recovery_states": 0,
          "true_recovery_rate": 0.0,
          "beneficial_recovery_rate": 0.0,
          "beneficial_recovery_states": 0,
          "beneficial_recovery_rate_all_states": 0.0,
          "accuracy": 0.8620689655172413,
          "mean_decision_regret": 0.4137931168079376
        }
      },
      "offline_option_rank": 288
    },
    {
      "variant_id": "w050-v00-linear-h4-w32-d025-reobserve+backtrack+consensus",
      "checkpoint_variant": "v00-linear-h4-w32-d025",
      "checkpoint": "/HELIOS/Robotics/UnitreeRobotic/checkpoints/robocerebra/GR00T-RC-CTR-search/R0-residual-v9-override-weight/w050/v00-linear-h4-w32-d025",
      "weights_sha256": "66ac4f68663e349d47c0fed3e5e13567f7cb527306ed72dee0dbd8a3adb6a243",
      "override_weight_id": "w050",
      "option_override_weight": 0.5,
      "option_mask_id": "reobserve+backtrack+consensus",
      "allowed_override_options": [
        "REOBSERVE",
        "BACKTRACK_ONE",
        "CONSENSUS_PREFIX"
      ],
      "option_validation": {
        "labeled_states": 29,
        "strict_states": 4,
        "baseline_option": "RETRY_CURRENT",
        "override_options": [
          "REOBSERVE",
          "BACKTRACK_ONE",
          "CONSENSUS_PREFIX"
        ],
        "target_retry_states": 25,
        "target_tie_states": 25,
        "target_override_states": 4,
        "raw_false_recovery_rate": 0.04,
        "raw_recovery_rate": 0.0,
        "selective_recovery": {
          "max_false_recovery_rate": 0.05,
          "option_value_margin": 0.3886719048023224,
          "false_recovery_rate": 0.0,
          "false_recovery_states": 0,
          "true_recovery_rate": 0.0,
          "beneficial_recovery_rate": 0.0,
          "beneficial_recovery_states": 0,
          "beneficial_recovery_rate_all_states": 0.0,
          "accuracy": 0.8620689655172413,
          "mean_decision_regret": 0.4137931168079376
        }
      },
      "offline_option_rank": 289
    },
    {
      "variant_id": "w050-v00-linear-h4-w32-d025-reobserve+consensus",
      "checkpoint_variant": "v00-linear-h4-w32-d025",
      "checkpoint": "/HELIOS/Robotics/UnitreeRobotic/checkpoints/robocerebra/GR00T-RC-CTR-search/R0-residual-v9-override-weight/w050/v00-linear-h4-w32-d025",
      "weights_sha256": "66ac4f68663e349d47c0fed3e5e13567f7cb527306ed72dee0dbd8a3adb6a243",
      "override_weight_id": "w050",
      "option_override_weight": 0.5,
      "option_mask_id": "reobserve+consensus",
      "allowed_override_options": [
        "REOBSERVE",
        "CONSENSUS_PREFIX"
      ],
      "option_validation": {
        "labeled_states": 29,
        "strict_states": 3,
        "baseline_option": "RETRY_CURRENT",
        "override_options": [
          "REOBSERVE",
          "CONSENSUS_PREFIX"
        ],
        "target_retry_states": 26,
        "target_tie_states": 26,
        "target_override_states": 3,
        "raw_false_recovery_rate": 0.038461538461538464,
        "raw_recovery_rate": 0.0,
        "selective_recovery": {
          "max_false_recovery_rate": 0.05,
          "option_value_margin": 0.3886719048023224,
          "false_recovery_rate": 0.0,
          "false_recovery_states": 0,
          "true_recovery_rate": 0.0,
          "beneficial_recovery_rate": 0.0,
          "beneficial_recovery_states": 0,
          "beneficial_recovery_rate_all_states": 0.0,
          "accuracy": 0.896551724137931,
          "mean_decision_regret": 0.4137931168079376
        }
      },
      "offline_option_rank": 290
    },
    {
      "variant_id": "w050-v01-linear-h8-w64-d025-advance",
      "checkpoint_variant": "v01-linear-h8-w64-d025",
      "checkpoint": "/HELIOS/Robotics/UnitreeRobotic/checkpoints/robocerebra/GR00T-RC-CTR-search/R0-residual-v9-override-weight/w050/v01-linear-h8-w64-d025",
      "weights_sha256": "8a43cf268d39f7aa09f3d9c14e2f2bebbea90b55200fcea93c10ecdcdb43d843",
      "override_weight_id": "w050",
      "option_override_weight": 0.5,
      "option_mask_id": "advance",
      "allowed_override_options": [
        "ADVANCE"
      ],
      "option_validation": {
        "labeled_states": 29,
        "strict_states": 28,
        "baseline_option": "RETRY_CURRENT",
        "override_options": [
          "ADVANCE"
        ],
        "target_retry_states": 29,
        "target_tie_states": 1,
        "target_override_states": 0,
        "raw_false_recovery_rate": 0.0,
        "raw_recovery_rate": 0.0,
        "selective_recovery": {
          "max_false_recovery_rate": 0.05,
          "option_value_margin": 0.0,
          "false_recovery_rate": 0.0,
          "false_recovery_states": 0,
          "true_recovery_rate": 0.0,
          "beneficial_recovery_rate": 0.0,
          "beneficial_recovery_states": 0,
          "beneficial_recovery_rate_all_states": 0.0,
          "accuracy": 1.0,
          "mean_decision_regret": 0.4137931168079376
        }
      },
      "offline_option_rank": 291
    },
    {
      "variant_id": "w050-v01-linear-h8-w64-d025-advance+consensus",
      "checkpoint_variant": "v01-linear-h8-w64-d025",
      "checkpoint": "/HELIOS/Robotics/UnitreeRobotic/checkpoints/robocerebra/GR00T-RC-CTR-search/R0-residual-v9-override-weight/w050/v01-linear-h8-w64-d025",
      "weights_sha256": "8a43cf268d39f7aa09f3d9c14e2f2bebbea90b55200fcea93c10ecdcdb43d843",
      "override_weight_id": "w050",
      "option_override_weight": 0.5,
      "option_mask_id": "advance+consensus",
      "allowed_override_options": [
        "ADVANCE",
        "CONSENSUS_PREFIX"
      ],
      "option_validation": {
        "labeled_states": 29,
        "strict_states": 3,
        "baseline_option": "RETRY_CURRENT",
        "override_options": [
          "ADVANCE",
          "CONSENSUS_PREFIX"
        ],
        "target_retry_states": 27,
        "target_tie_states": 26,
        "target_override_states": 2,
        "raw_false_recovery_rate": 0.0,
        "raw_recovery_rate": 0.0,
        "selective_recovery": {
          "max_false_recovery_rate": 0.05,
          "option_value_margin": 0.0,
          "false_recovery_rate": 0.0,
          "false_recovery_states": 0,
          "true_recovery_rate": 0.0,
          "beneficial_recovery_rate": 0.0,
          "beneficial_recovery_states": 0,
          "beneficial_recovery_rate_all_states": 0.0,
          "accuracy": 0.9310344827586207,
          "mean_decision_regret": 0.4137931168079376
        }
      },
      "offline_option_rank": 292
    },
    {
      "variant_id": "w050-v01-linear-h8-w64-d025-backtrack+advance",
      "checkpoint_variant": "v01-linear-h8-w64-d025",
      "checkpoint": "/HELIOS/Robotics/UnitreeRobotic/checkpoints/robocerebra/GR00T-RC-CTR-search/R0-residual-v9-override-weight/w050/v01-linear-h8-w64-d025",
      "weights_sha256": "8a43cf268d39f7aa09f3d9c14e2f2bebbea90b55200fcea93c10ecdcdb43d843",
      "override_weight_id": "w050",
      "option_override_weight": 0.5,
      "option_mask_id": "backtrack+advance",
      "allowed_override_options": [
        "BACKTRACK_ONE",
        "ADVANCE"
      ],
      "option_validation": {
        "labeled_states": 29,
        "strict_states": 3,
        "baseline_option": "RETRY_CURRENT",
        "override_options": [
          "BACKTRACK_ONE",
          "ADVANCE"
        ],
        "target_retry_states": 28,
        "target_tie_states": 26,
        "target_override_states": 1,
        "raw_false_recovery_rate": 0.03571428571428571,
        "raw_recovery_rate": 0.0,
        "selective_recovery": {
          "max_false_recovery_rate": 0.05,
          "option_value_margin": 1.1105958223342896,
          "false_recovery_rate": 0.0,
          "false_recovery_states": 0,
          "true_recovery_rate": 0.0,
          "beneficial_recovery_rate": 0.0,
          "beneficial_recovery_states": 0,
          "beneficial_recovery_rate_all_states": 0.0,
          "accuracy": 0.9655172413793104,
          "mean_decision_regret": 0.4137931168079376
        }
      },
      "offline_option_rank": 293
    },
    {
      "variant_id": "w050-v01-linear-h8-w64-d025-backtrack+advance+consensus",
      "checkpoint_variant": "v01-linear-h8-w64-d025",
      "checkpoint": "/HELIOS/Robotics/UnitreeRobotic/checkpoints/robocerebra/GR00T-RC-CTR-search/R0-residual-v9-override-weight/w050/v01-linear-h8-w64-d025",
      "weights_sha256": "8a43cf268d39f7aa09f3d9c14e2f2bebbea90b55200fcea93c10ecdcdb43d843",
      "override_weight_id": "w050",
      "option_override_weight": 0.5,
      "option_mask_id": "backtrack+advance+consensus",
      "allowed_override_options": [
        "BACKTRACK_ONE",
        "ADVANCE",
        "CONSENSUS_PREFIX"
      ],
      "option_validation": {
        "labeled_states": 29,
        "strict_states": 3,
        "baseline_option": "RETRY_CURRENT",
        "override_options": [
          "BACKTRACK_ONE",
          "ADVANCE",
          "CONSENSUS_PREFIX"
        ],
        "target_retry_states": 26,
        "target_tie_states": 26,
        "target_override_states": 3,
        "raw_false_recovery_rate": 0.038461538461538464,
        "raw_recovery_rate": 0.0,
        "selective_recovery": {
          "max_false_recovery_rate": 0.05,
          "option_value_margin": 1.1105958223342896,
          "false_recovery_rate": 0.0,
          "false_recovery_states": 0,
          "true_recovery_rate": 0.0,
          "beneficial_recovery_rate": 0.0,
          "beneficial_recovery_states": 0,
          "beneficial_recovery_rate_all_states": 0.0,
          "accuracy": 0.896551724137931,
          "mean_decision_regret": 0.4137931168079376
        }
      },
      "offline_option_rank": 294
    },
    {
      "variant_id": "w050-v01-linear-h8-w64-d025-backtrack+consensus",
      "checkpoint_variant": "v01-linear-h8-w64-d025",
      "checkpoint": "/HELIOS/Robotics/UnitreeRobotic/checkpoints/robocerebra/GR00T-RC-CTR-search/R0-residual-v9-override-weight/w050/v01-linear-h8-w64-d025",
      "weights_sha256": "8a43cf268d39f7aa09f3d9c14e2f2bebbea90b55200fcea93c10ecdcdb43d843",
      "override_weight_id": "w050",
      "option_override_weight": 0.5,
      "option_mask_id": "backtrack+consensus",
      "allowed_override_options": [
        "BACKTRACK_ONE",
        "CONSENSUS_PREFIX"
      ],
      "option_validation": {
        "labeled_states": 29,
        "strict_states": 3,
        "baseline_option": "RETRY_CURRENT",
        "override_options": [
          "BACKTRACK_ONE",
          "CONSENSUS_PREFIX"
        ],
        "target_retry_states": 26,
        "target_tie_states": 26,
        "target_override_states": 3,
        "raw_false_recovery_rate": 0.038461538461538464,
        "raw_recovery_rate": 0.0,
        "selective_recovery": {
          "max_false_recovery_rate": 0.05,
          "option_value_margin": 1.1105958223342896,
          "false_recovery_rate": 0.0,
          "false_recovery_states": 0,
          "true_recovery_rate": 0.0,
          "beneficial_recovery_rate": 0.0,
          "beneficial_recovery_states": 0,
          "beneficial_recovery_rate_all_states": 0.0,
          "accuracy": 0.896551724137931,
          "mean_decision_regret": 0.4137931168079376
        }
      },
      "offline_option_rank": 295
    },
    {
      "variant_id": "w050-v01-linear-h8-w64-d025-consensus",
      "checkpoint_variant": "v01-linear-h8-w64-d025",
      "checkpoint": "/HELIOS/Robotics/UnitreeRobotic/checkpoints/robocerebra/GR00T-RC-CTR-search/R0-residual-v9-override-weight/w050/v01-linear-h8-w64-d025",
      "weights_sha256": "8a43cf268d39f7aa09f3d9c14e2f2bebbea90b55200fcea93c10ecdcdb43d843",
      "override_weight_id": "w050",
      "option_override_weight": 0.5,
      "option_mask_id": "consensus",
      "allowed_override_options": [
        "CONSENSUS_PREFIX"
      ],
      "option_validation": {
        "labeled_states": 29,
        "strict_states": 3,
        "baseline_option": "RETRY_CURRENT",
        "override_options": [
          "CONSENSUS_PREFIX"
        ],
        "target_retry_states": 27,
        "target_tie_states": 26,
        "target_override_states": 2,
        "raw_false_recovery_rate": 0.0,
        "raw_recovery_rate": 0.0,
        "selective_recovery": {
          "max_false_recovery_rate": 0.05,
          "option_value_margin": 0.0,
          "false_recovery_rate": 0.0,
          "false_recovery_states": 0,
          "true_recovery_rate": 0.0,
          "beneficial_recovery_rate": 0.0,
          "beneficial_recovery_states": 0,
          "beneficial_recovery_rate_all_states": 0.0,
          "accuracy": 0.9310344827586207,
          "mean_decision_regret": 0.4137931168079376
        }
      },
      "offline_option_rank": 296
    },
    {
      "variant_id": "w050-v01-linear-h8-w64-d025-reobserve",
      "checkpoint_variant": "v01-linear-h8-w64-d025",
      "checkpoint": "/HELIOS/Robotics/UnitreeRobotic/checkpoints/robocerebra/GR00T-RC-CTR-search/R0-residual-v9-override-weight/w050/v01-linear-h8-w64-d025",
      "weights_sha256": "8a43cf268d39f7aa09f3d9c14e2f2bebbea90b55200fcea93c10ecdcdb43d843",
      "override_weight_id": "w050",
      "option_override_weight": 0.5,
      "option_mask_id": "reobserve",
      "allowed_override_options": [
        "REOBSERVE"
      ],
      "option_validation": {
        "labeled_states": 29,
        "strict_states": 1,
        "baseline_option": "RETRY_CURRENT",
        "override_options": [
          "REOBSERVE"
        ],
        "target_retry_states": 28,
        "target_tie_states": 28,
        "target_override_states": 1,
        "raw_false_recovery_rate": 0.03571428571428571,
        "raw_recovery_rate": 0.0,
        "selective_recovery": {
          "max_false_recovery_rate": 0.05,
          "option_value_margin": 1.6965333223342896,
          "false_recovery_rate": 0.0,
          "false_recovery_states": 0,
          "true_recovery_rate": 0.0,
          "beneficial_recovery_rate": 0.0,
          "beneficial_recovery_states": 0,
          "beneficial_recovery_rate_all_states": 0.0,
          "accuracy": 0.9655172413793104,
          "mean_decision_regret": 0.4137931168079376
        }
      },
      "offline_option_rank": 297
    },
    {
      "variant_id": "w050-v01-linear-h8-w64-d025-reobserve+advance",
      "checkpoint_variant": "v01-linear-h8-w64-d025",
      "checkpoint": "/HELIOS/Robotics/UnitreeRobotic/checkpoints/robocerebra/GR00T-RC-CTR-search/R0-residual-v9-override-weight/w050/v01-linear-h8-w64-d025",
      "weights_sha256": "8a43cf268d39f7aa09f3d9c14e2f2bebbea90b55200fcea93c10ecdcdb43d843",
      "override_weight_id": "w050",
      "option_override_weight": 0.5,
      "option_mask_id": "reobserve+advance",
      "allowed_override_options": [
        "REOBSERVE",
        "ADVANCE"
      ],
      "option_validation": {
        "labeled_states": 29,
        "strict_states": 1,
        "baseline_option": "RETRY_CURRENT",
        "override_options": [
          "REOBSERVE",
          "ADVANCE"
        ],
        "target_retry_states": 28,
        "target_tie_states": 28,
        "target_override_states": 1,
        "raw_false_recovery_rate": 0.03571428571428571,
        "raw_recovery_rate": 0.0,
        "selective_recovery": {
          "max_false_recovery_rate": 0.05,
          "option_value_margin": 1.6965333223342896,
          "false_recovery_rate": 0.0,
          "false_recovery_states": 0,
          "true_recovery_rate": 0.0,
          "beneficial_recovery_rate": 0.0,
          "beneficial_recovery_states": 0,
          "beneficial_recovery_rate_all_states": 0.0,
          "accuracy": 0.9655172413793104,
          "mean_decision_regret": 0.4137931168079376
        }
      },
      "offline_option_rank": 298
    },
    {
      "variant_id": "w050-v01-linear-h8-w64-d025-reobserve+advance+consensus",
      "checkpoint_variant": "v01-linear-h8-w64-d025",
      "checkpoint": "/HELIOS/Robotics/UnitreeRobotic/checkpoints/robocerebra/GR00T-RC-CTR-search/R0-residual-v9-override-weight/w050/v01-linear-h8-w64-d025",
      "weights_sha256": "8a43cf268d39f7aa09f3d9c14e2f2bebbea90b55200fcea93c10ecdcdb43d843",
      "override_weight_id": "w050",
      "option_override_weight": 0.5,
      "option_mask_id": "reobserve+advance+consensus",
      "allowed_override_options": [
        "REOBSERVE",
        "ADVANCE",
        "CONSENSUS_PREFIX"
      ],
      "option_validation": {
        "labeled_states": 29,
        "strict_states": 3,
        "baseline_option": "RETRY_CURRENT",
        "override_options": [
          "REOBSERVE",
          "ADVANCE",
          "CONSENSUS_PREFIX"
        ],
        "target_retry_states": 26,
        "target_tie_states": 26,
        "target_override_states": 3,
        "raw_false_recovery_rate": 0.038461538461538464,
        "raw_recovery_rate": 0.0,
        "selective_recovery": {
          "max_false_recovery_rate": 0.05,
          "option_value_margin": 1.6965333223342896,
          "false_recovery_rate": 0.0,
          "false_recovery_states": 0,
          "true_recovery_rate": 0.0,
          "beneficial_recovery_rate": 0.0,
          "beneficial_recovery_states": 0,
          "beneficial_recovery_rate_all_states": 0.0,
          "accuracy": 0.896551724137931,
          "mean_decision_regret": 0.4137931168079376
        }
      },
      "offline_option_rank": 299
    },
    {
      "variant_id": "w050-v01-linear-h8-w64-d025-reobserve+backtrack",
      "checkpoint_variant": "v01-linear-h8-w64-d025",
      "checkpoint": "/HELIOS/Robotics/UnitreeRobotic/checkpoints/robocerebra/GR00T-RC-CTR-search/R0-residual-v9-override-weight/w050/v01-linear-h8-w64-d025",
      "weights_sha256": "8a43cf268d39f7aa09f3d9c14e2f2bebbea90b55200fcea93c10ecdcdb43d843",
      "override_weight_id": "w050",
      "option_override_weight": 0.5,
      "option_mask_id": "reobserve+backtrack",
      "allowed_override_options": [
        "REOBSERVE",
        "BACKTRACK_ONE"
      ],
      "option_validation": {
        "labeled_states": 29,
        "strict_states": 2,
        "baseline_option": "RETRY_CURRENT",
        "override_options": [
          "REOBSERVE",
          "BACKTRACK_ONE"
        ],
        "target_retry_states": 27,
        "target_tie_states": 27,
        "target_override_states": 2,
        "raw_false_recovery_rate": 0.037037037037037035,
        "raw_recovery_rate": 0.0,
        "selective_recovery": {
          "max_false_recovery_rate": 0.05,
          "option_value_margin": 1.6965333223342896,
          "false_recovery_rate": 0.0,
          "false_recovery_states": 0,
          "true_recovery_rate": 0.0,
          "beneficial_recovery_rate": 0.0,
          "beneficial_recovery_states": 0,
          "beneficial_recovery_rate_all_states": 0.0,
          "accuracy": 0.9310344827586207,
          "mean_decision_regret": 0.4137931168079376
        }
      },
      "offline_option_rank": 300
    },
    {
      "variant_id": "w050-v01-linear-h8-w64-d025-reobserve+backtrack+advance",
      "checkpoint_variant": "v01-linear-h8-w64-d025",
      "checkpoint": "/HELIOS/Robotics/UnitreeRobotic/checkpoints/robocerebra/GR00T-RC-CTR-search/R0-residual-v9-override-weight/w050/v01-linear-h8-w64-d025",
      "weights_sha256": "8a43cf268d39f7aa09f3d9c14e2f2bebbea90b55200fcea93c10ecdcdb43d843",
      "override_weight_id": "w050",
      "option_override_weight": 0.5,
      "option_mask_id": "reobserve+backtrack+advance",
      "allowed_override_options": [
        "REOBSERVE",
        "BACKTRACK_ONE",
        "ADVANCE"
      ],
      "option_validation": {
        "labeled_states": 29,
        "strict_states": 2,
        "baseline_option": "RETRY_CURRENT",
        "override_options": [
          "REOBSERVE",
          "BACKTRACK_ONE",
          "ADVANCE"
        ],
        "target_retry_states": 27,
        "target_tie_states": 27,
        "target_override_states": 2,
        "raw_false_recovery_rate": 0.037037037037037035,
        "raw_recovery_rate": 0.0,
        "selective_recovery": {
          "max_false_recovery_rate": 0.05,
          "option_value_margin": 1.6965333223342896,
          "false_recovery_rate": 0.0,
          "false_recovery_states": 0,
          "true_recovery_rate": 0.0,
          "beneficial_recovery_rate": 0.0,
          "beneficial_recovery_states": 0,
          "beneficial_recovery_rate_all_states": 0.0,
          "accuracy": 0.9310344827586207,
          "mean_decision_regret": 0.4137931168079376
        }
      },
      "offline_option_rank": 301
    },
    {
      "variant_id": "w050-v01-linear-h8-w64-d025-reobserve+backtrack+advance+consensus",
      "checkpoint_variant": "v01-linear-h8-w64-d025",
      "checkpoint": "/HELIOS/Robotics/UnitreeRobotic/checkpoints/robocerebra/GR00T-RC-CTR-search/R0-residual-v9-override-weight/w050/v01-linear-h8-w64-d025",
      "weights_sha256": "8a43cf268d39f7aa09f3d9c14e2f2bebbea90b55200fcea93c10ecdcdb43d843",
      "override_weight_id": "w050",
      "option_override_weight": 0.5,
      "option_mask_id": "reobserve+backtrack+advance+consensus",
      "allowed_override_options": [
        "REOBSERVE",
        "BACKTRACK_ONE",
        "ADVANCE",
        "CONSENSUS_PREFIX"
      ],
      "option_validation": {
        "labeled_states": 29,
        "strict_states": 4,
        "baseline_option": "RETRY_CURRENT",
        "override_options": [
          "REOBSERVE",
          "BACKTRACK_ONE",
          "ADVANCE",
          "CONSENSUS_PREFIX"
        ],
        "target_retry_states": 25,
        "target_tie_states": 25,
        "target_override_states": 4,
        "raw_false_recovery_rate": 0.04,
        "raw_recovery_rate": 0.0,
        "selective_recovery": {
          "max_false_recovery_rate": 0.05,
          "option_value_margin": 1.6965333223342896,
          "false_recovery_rate": 0.0,
          "false_recovery_states": 0,
          "true_recovery_rate": 0.0,
          "beneficial_recovery_rate": 0.0,
          "beneficial_recovery_states": 0,
          "beneficial_recovery_rate_all_states": 0.0,
          "accuracy": 0.8620689655172413,
          "mean_decision_regret": 0.4137931168079376
        }
      },
      "offline_option_rank": 302
    },
    {
      "variant_id": "w050-v01-linear-h8-w64-d025-reobserve+backtrack+consensus",
      "checkpoint_variant": "v01-linear-h8-w64-d025",
      "checkpoint": "/HELIOS/Robotics/UnitreeRobotic/checkpoints/robocerebra/GR00T-RC-CTR-search/R0-residual-v9-override-weight/w050/v01-linear-h8-w64-d025",
      "weights_sha256": "8a43cf268d39f7aa09f3d9c14e2f2bebbea90b55200fcea93c10ecdcdb43d843",
      "override_weight_id": "w050",
      "option_override_weight": 0.5,
      "option_mask_id": "reobserve+backtrack+consensus",
      "allowed_override_options": [
        "REOBSERVE",
        "BACKTRACK_ONE",
        "CONSENSUS_PREFIX"
      ],
      "option_validation": {
        "labeled_states": 29,
        "strict_states": 4,
        "baseline_option": "RETRY_CURRENT",
        "override_options": [
          "REOBSERVE",
          "BACKTRACK_ONE",
          "CONSENSUS_PREFIX"
        ],
        "target_retry_states": 25,
        "target_tie_states": 25,
        "target_override_states": 4,
        "raw_false_recovery_rate": 0.04,
        "raw_recovery_rate": 0.0,
        "selective_recovery": {
          "max_false_recovery_rate": 0.05,
          "option_value_margin": 1.6965333223342896,
          "false_recovery_rate": 0.0,
          "false_recovery_states": 0,
          "true_recovery_rate": 0.0,
          "beneficial_recovery_rate": 0.0,
          "beneficial_recovery_states": 0,
          "beneficial_recovery_rate_all_states": 0.0,
          "accuracy": 0.8620689655172413,
          "mean_decision_regret": 0.4137931168079376
        }
      },
      "offline_option_rank": 303
    },
    {
      "variant_id": "w050-v01-linear-h8-w64-d025-reobserve+consensus",
      "checkpoint_variant": "v01-linear-h8-w64-d025",
      "checkpoint": "/HELIOS/Robotics/UnitreeRobotic/checkpoints/robocerebra/GR00T-RC-CTR-search/R0-residual-v9-override-weight/w050/v01-linear-h8-w64-d025",
      "weights_sha256": "8a43cf268d39f7aa09f3d9c14e2f2bebbea90b55200fcea93c10ecdcdb43d843",
      "override_weight_id": "w050",
      "option_override_weight": 0.5,
      "option_mask_id": "reobserve+consensus",
      "allowed_override_options": [
        "REOBSERVE",
        "CONSENSUS_PREFIX"
      ],
      "option_validation": {
        "labeled_states": 29,
        "strict_states": 3,
        "baseline_option": "RETRY_CURRENT",
        "override_options": [
          "REOBSERVE",
          "CONSENSUS_PREFIX"
        ],
        "target_retry_states": 26,
        "target_tie_states": 26,
        "target_override_states": 3,
        "raw_false_recovery_rate": 0.038461538461538464,
        "raw_recovery_rate": 0.0,
        "selective_recovery": {
          "max_false_recovery_rate": 0.05,
          "option_value_margin": 1.6965333223342896,
          "false_recovery_rate": 0.0,
          "false_recovery_states": 0,
          "true_recovery_rate": 0.0,
          "beneficial_recovery_rate": 0.0,
          "beneficial_recovery_states": 0,
          "beneficial_recovery_rate_all_states": 0.0,
          "accuracy": 0.896551724137931,
          "mean_decision_regret": 0.4137931168079376
        }
      },
      "offline_option_rank": 304
    },
    {
      "variant_id": "w050-v02-mlp-h4-w32-d050-advance",
      "checkpoint_variant": "v02-mlp-h4-w32-d050",
      "checkpoint": "/HELIOS/Robotics/UnitreeRobotic/checkpoints/robocerebra/GR00T-RC-CTR-search/R0-residual-v9-override-weight/w050/v02-mlp-h4-w32-d050",
      "weights_sha256": "28c8078c30e03031c1d03efd7f002d439db7053ad5990a611de51d6ec2e6221f",
      "override_weight_id": "w050",
      "option_override_weight": 0.5,
      "option_mask_id": "advance",
      "allowed_override_options": [
        "ADVANCE"
      ],
      "option_validation": {
        "labeled_states": 29,
        "strict_states": 28,
        "baseline_option": "RETRY_CURRENT",
        "override_options": [
          "ADVANCE"
        ],
        "target_retry_states": 29,
        "target_tie_states": 1,
        "target_override_states": 0,
        "raw_false_recovery_rate": 0.0,
        "raw_recovery_rate": 0.0,
        "selective_recovery": {
          "max_false_recovery_rate": 0.05,
          "option_value_margin": 0.0,
          "false_recovery_rate": 0.0,
          "false_recovery_states": 0,
          "true_recovery_rate": 0.0,
          "beneficial_recovery_rate": 0.0,
          "beneficial_recovery_states": 0,
          "beneficial_recovery_rate_all_states": 0.0,
          "accuracy": 1.0,
          "mean_decision_regret": 0.4137931168079376
        }
      },
      "offline_option_rank": 305
    },
    {
      "variant_id": "w050-v02-mlp-h4-w32-d050-advance+consensus",
      "checkpoint_variant": "v02-mlp-h4-w32-d050",
      "checkpoint": "/HELIOS/Robotics/UnitreeRobotic/checkpoints/robocerebra/GR00T-RC-CTR-search/R0-residual-v9-override-weight/w050/v02-mlp-h4-w32-d050",
      "weights_sha256": "28c8078c30e03031c1d03efd7f002d439db7053ad5990a611de51d6ec2e6221f",
      "override_weight_id": "w050",
      "option_override_weight": 0.5,
      "option_mask_id": "advance+consensus",
      "allowed_override_options": [
        "ADVANCE",
        "CONSENSUS_PREFIX"
      ],
      "option_validation": {
        "labeled_states": 29,
        "strict_states": 3,
        "baseline_option": "RETRY_CURRENT",
        "override_options": [
          "ADVANCE",
          "CONSENSUS_PREFIX"
        ],
        "target_retry_states": 27,
        "target_tie_states": 26,
        "target_override_states": 2,
        "raw_false_recovery_rate": 0.0,
        "raw_recovery_rate": 0.0,
        "selective_recovery": {
          "max_false_recovery_rate": 0.05,
          "option_value_margin": 0.0,
          "false_recovery_rate": 0.0,
          "false_recovery_states": 0,
          "true_recovery_rate": 0.0,
          "beneficial_recovery_rate": 0.0,
          "beneficial_recovery_states": 0,
          "beneficial_recovery_rate_all_states": 0.0,
          "accuracy": 0.9310344827586207,
          "mean_decision_regret": 0.4137931168079376
        }
      },
      "offline_option_rank": 306
    },
    {
      "variant_id": "w050-v02-mlp-h4-w32-d050-backtrack+advance",
      "checkpoint_variant": "v02-mlp-h4-w32-d050",
      "checkpoint": "/HELIOS/Robotics/UnitreeRobotic/checkpoints/robocerebra/GR00T-RC-CTR-search/R0-residual-v9-override-weight/w050/v02-mlp-h4-w32-d050",
      "weights_sha256": "28c8078c30e03031c1d03efd7f002d439db7053ad5990a611de51d6ec2e6221f",
      "override_weight_id": "w050",
      "option_override_weight": 0.5,
      "option_mask_id": "backtrack+advance",
      "allowed_override_options": [
        "BACKTRACK_ONE",
        "ADVANCE"
      ],
      "option_validation": {
        "labeled_states": 29,
        "strict_states": 3,
        "baseline_option": "RETRY_CURRENT",
        "override_options": [
          "BACKTRACK_ONE",
          "ADVANCE"
        ],
        "target_retry_states": 28,
        "target_tie_states": 26,
        "target_override_states": 1,
        "raw_false_recovery_rate": 0.0,
        "raw_recovery_rate": 0.0,
        "selective_recovery": {
          "max_false_recovery_rate": 0.05,
          "option_value_margin": 0.0,
          "false_recovery_rate": 0.0,
          "false_recovery_states": 0,
          "true_recovery_rate": 0.0,
          "beneficial_recovery_rate": 0.0,
          "beneficial_recovery_states": 0,
          "beneficial_recovery_rate_all_states": 0.0,
          "accuracy": 0.9655172413793104,
          "mean_decision_regret": 0.4137931168079376
        }
      },
      "offline_option_rank": 307
    },
    {
      "variant_id": "w050-v02-mlp-h4-w32-d050-backtrack+advance+consensus",
      "checkpoint_variant": "v02-mlp-h4-w32-d050",
      "checkpoint": "/HELIOS/Robotics/UnitreeRobotic/checkpoints/robocerebra/GR00T-RC-CTR-search/R0-residual-v9-override-weight/w050/v02-mlp-h4-w32-d050",
      "weights_sha256": "28c8078c30e03031c1d03efd7f002d439db7053ad5990a611de51d6ec2e6221f",
      "override_weight_id": "w050",
      "option_override_weight": 0.5,
      "option_mask_id": "backtrack+advance+consensus",
      "allowed_override_options": [
        "BACKTRACK_ONE",
        "ADVANCE",
        "CONSENSUS_PREFIX"
      ],
      "option_validation": {
        "labeled_states": 29,
        "strict_states": 3,
        "baseline_option": "RETRY_CURRENT",
        "override_options": [
          "BACKTRACK_ONE",
          "ADVANCE",
          "CONSENSUS_PREFIX"
        ],
        "target_retry_states": 26,
        "target_tie_states": 26,
        "target_override_states": 3,
        "raw_false_recovery_rate": 0.0,
        "raw_recovery_rate": 0.0,
        "selective_recovery": {
          "max_false_recovery_rate": 0.05,
          "option_value_margin": 0.0,
          "false_recovery_rate": 0.0,
          "false_recovery_states": 0,
          "true_recovery_rate": 0.0,
          "beneficial_recovery_rate": 0.0,
          "beneficial_recovery_states": 0,
          "beneficial_recovery_rate_all_states": 0.0,
          "accuracy": 0.896551724137931,
          "mean_decision_regret": 0.4137931168079376
        }
      },
      "offline_option_rank": 308
    },
    {
      "variant_id": "w050-v02-mlp-h4-w32-d050-backtrack+consensus",
      "checkpoint_variant": "v02-mlp-h4-w32-d050",
      "checkpoint": "/HELIOS/Robotics/UnitreeRobotic/checkpoints/robocerebra/GR00T-RC-CTR-search/R0-residual-v9-override-weight/w050/v02-mlp-h4-w32-d050",
      "weights_sha256": "28c8078c30e03031c1d03efd7f002d439db7053ad5990a611de51d6ec2e6221f",
      "override_weight_id": "w050",
      "option_override_weight": 0.5,
      "option_mask_id": "backtrack+consensus",
      "allowed_override_options": [
        "BACKTRACK_ONE",
        "CONSENSUS_PREFIX"
      ],
      "option_validation": {
        "labeled_states": 29,
        "strict_states": 3,
        "baseline_option": "RETRY_CURRENT",
        "override_options": [
          "BACKTRACK_ONE",
          "CONSENSUS_PREFIX"
        ],
        "target_retry_states": 26,
        "target_tie_states": 26,
        "target_override_states": 3,
        "raw_false_recovery_rate": 0.0,
        "raw_recovery_rate": 0.0,
        "selective_recovery": {
          "max_false_recovery_rate": 0.05,
          "option_value_margin": 0.0,
          "false_recovery_rate": 0.0,
          "false_recovery_states": 0,
          "true_recovery_rate": 0.0,
          "beneficial_recovery_rate": 0.0,
          "beneficial_recovery_states": 0,
          "beneficial_recovery_rate_all_states": 0.0,
          "accuracy": 0.896551724137931,
          "mean_decision_regret": 0.4137931168079376
        }
      },
      "offline_option_rank": 309
    },
    {
      "variant_id": "w050-v02-mlp-h4-w32-d050-consensus",
      "checkpoint_variant": "v02-mlp-h4-w32-d050",
      "checkpoint": "/HELIOS/Robotics/UnitreeRobotic/checkpoints/robocerebra/GR00T-RC-CTR-search/R0-residual-v9-override-weight/w050/v02-mlp-h4-w32-d050",
      "weights_sha256": "28c8078c30e03031c1d03efd7f002d439db7053ad5990a611de51d6ec2e6221f",
      "override_weight_id": "w050",
      "option_override_weight": 0.5,
      "option_mask_id": "consensus",
      "allowed_override_options": [
        "CONSENSUS_PREFIX"
      ],
      "option_validation": {
        "labeled_states": 29,
        "strict_states": 3,
        "baseline_option": "RETRY_CURRENT",
        "override_options": [
          "CONSENSUS_PREFIX"
        ],
        "target_retry_states": 27,
        "target_tie_states": 26,
        "target_override_states": 2,
        "raw_false_recovery_rate": 0.0,
        "raw_recovery_rate": 0.0,
        "selective_recovery": {
          "max_false_recovery_rate": 0.05,
          "option_value_margin": 0.0,
          "false_recovery_rate": 0.0,
          "false_recovery_states": 0,
          "true_recovery_rate": 0.0,
          "beneficial_recovery_rate": 0.0,
          "beneficial_recovery_states": 0,
          "beneficial_recovery_rate_all_states": 0.0,
          "accuracy": 0.9310344827586207,
          "mean_decision_regret": 0.4137931168079376
        }
      },
      "offline_option_rank": 310
    },
    {
      "variant_id": "w050-v02-mlp-h4-w32-d050-reobserve",
      "checkpoint_variant": "v02-mlp-h4-w32-d050",
      "checkpoint": "/HELIOS/Robotics/UnitreeRobotic/checkpoints/robocerebra/GR00T-RC-CTR-search/R0-residual-v9-override-weight/w050/v02-mlp-h4-w32-d050",
      "weights_sha256": "28c8078c30e03031c1d03efd7f002d439db7053ad5990a611de51d6ec2e6221f",
      "override_weight_id": "w050",
      "option_override_weight": 0.5,
      "option_mask_id": "reobserve",
      "allowed_override_options": [
        "REOBSERVE"
      ],
      "option_validation": {
        "labeled_states": 29,
        "strict_states": 1,
        "baseline_option": "RETRY_CURRENT",
        "override_options": [
          "REOBSERVE"
        ],
        "target_retry_states": 28,
        "target_tie_states": 28,
        "target_override_states": 1,
        "raw_false_recovery_rate": 0.0,
        "raw_recovery_rate": 0.0,
        "selective_recovery": {
          "max_false_recovery_rate": 0.05,
          "option_value_margin": 0.0,
          "false_recovery_rate": 0.0,
          "false_recovery_states": 0,
          "true_recovery_rate": 0.0,
          "beneficial_recovery_rate": 0.0,
          "beneficial_recovery_states": 0,
          "beneficial_recovery_rate_all_states": 0.0,
          "accuracy": 0.9655172413793104,
          "mean_decision_regret": 0.4137931168079376
        }
      },
      "offline_option_rank": 311
    },
    {
      "variant_id": "w050-v02-mlp-h4-w32-d050-reobserve+advance",
      "checkpoint_variant": "v02-mlp-h4-w32-d050",
      "checkpoint": "/HELIOS/Robotics/UnitreeRobotic/checkpoints/robocerebra/GR00T-RC-CTR-search/R0-residual-v9-override-weight/w050/v02-mlp-h4-w32-d050",
      "weights_sha256": "28c8078c30e03031c1d03efd7f002d439db7053ad5990a611de51d6ec2e6221f",
      "override_weight_id": "w050",
      "option_override_weight": 0.5,
      "option_mask_id": "reobserve+advance",
      "allowed_override_options": [
        "REOBSERVE",
        "ADVANCE"
      ],
      "option_validation": {
        "labeled_states": 29,
        "strict_states": 1,
        "baseline_option": "RETRY_CURRENT",
        "override_options": [
          "REOBSERVE",
          "ADVANCE"
        ],
        "target_retry_states": 28,
        "target_tie_states": 28,
        "target_override_states": 1,
        "raw_false_recovery_rate": 0.0,
        "raw_recovery_rate": 0.0,
        "selective_recovery": {
          "max_false_recovery_rate": 0.05,
          "option_value_margin": 0.0,
          "false_recovery_rate": 0.0,
          "false_recovery_states": 0,
          "true_recovery_rate": 0.0,
          "beneficial_recovery_rate": 0.0,
          "beneficial_recovery_states": 0,
          "beneficial_recovery_rate_all_states": 0.0,
          "accuracy": 0.9655172413793104,
          "mean_decision_regret": 0.4137931168079376
        }
      },
      "offline_option_rank": 312
    },
    {
      "variant_id": "w050-v02-mlp-h4-w32-d050-reobserve+advance+consensus",
      "checkpoint_variant": "v02-mlp-h4-w32-d050",
      "checkpoint": "/HELIOS/Robotics/UnitreeRobotic/checkpoints/robocerebra/GR00T-RC-CTR-search/R0-residual-v9-override-weight/w050/v02-mlp-h4-w32-d050",
      "weights_sha256": "28c8078c30e03031c1d03efd7f002d439db7053ad5990a611de51d6ec2e6221f",
      "override_weight_id": "w050",
      "option_override_weight": 0.5,
      "option_mask_id": "reobserve+advance+consensus",
      "allowed_override_options": [
        "REOBSERVE",
        "ADVANCE",
        "CONSENSUS_PREFIX"
      ],
      "option_validation": {
        "labeled_states": 29,
        "strict_states": 3,
        "baseline_option": "RETRY_CURRENT",
        "override_options": [
          "REOBSERVE",
          "ADVANCE",
          "CONSENSUS_PREFIX"
        ],
        "target_retry_states": 26,
        "target_tie_states": 26,
        "target_override_states": 3,
        "raw_false_recovery_rate": 0.0,
        "raw_recovery_rate": 0.0,
        "selective_recovery": {
          "max_false_recovery_rate": 0.05,
          "option_value_margin": 0.0,
          "false_recovery_rate": 0.0,
          "false_recovery_states": 0,
          "true_recovery_rate": 0.0,
          "beneficial_recovery_rate": 0.0,
          "beneficial_recovery_states": 0,
          "beneficial_recovery_rate_all_states": 0.0,
          "accuracy": 0.896551724137931,
          "mean_decision_regret": 0.4137931168079376
        }
      },
      "offline_option_rank": 313
    },
    {
      "variant_id": "w050-v02-mlp-h4-w32-d050-reobserve+backtrack",
      "checkpoint_variant": "v02-mlp-h4-w32-d050",
      "checkpoint": "/HELIOS/Robotics/UnitreeRobotic/checkpoints/robocerebra/GR00T-RC-CTR-search/R0-residual-v9-override-weight/w050/v02-mlp-h4-w32-d050",
      "weights_sha256": "28c8078c30e03031c1d03efd7f002d439db7053ad5990a611de51d6ec2e6221f",
      "override_weight_id": "w050",
      "option_override_weight": 0.5,
      "option_mask_id": "reobserve+backtrack",
      "allowed_override_options": [
        "REOBSERVE",
        "BACKTRACK_ONE"
      ],
      "option_validation": {
        "labeled_states": 29,
        "strict_states": 2,
        "baseline_option": "RETRY_CURRENT",
        "override_options": [
          "REOBSERVE",
          "BACKTRACK_ONE"
        ],
        "target_retry_states": 27,
        "target_tie_states": 27,
        "target_override_states": 2,
        "raw_false_recovery_rate": 0.0,
        "raw_recovery_rate": 0.0,
        "selective_recovery": {
          "max_false_recovery_rate": 0.05,
          "option_value_margin": 0.0,
          "false_recovery_rate": 0.0,
          "false_recovery_states": 0,
          "true_recovery_rate": 0.0,
          "beneficial_recovery_rate": 0.0,
          "beneficial_recovery_states": 0,
          "beneficial_recovery_rate_all_states": 0.0,
          "accuracy": 0.9310344827586207,
          "mean_decision_regret": 0.4137931168079376
        }
      },
      "offline_option_rank": 314
    },
    {
      "variant_id": "w050-v02-mlp-h4-w32-d050-reobserve+backtrack+advance",
      "checkpoint_variant": "v02-mlp-h4-w32-d050",
      "checkpoint": "/HELIOS/Robotics/UnitreeRobotic/checkpoints/robocerebra/GR00T-RC-CTR-search/R0-residual-v9-override-weight/w050/v02-mlp-h4-w32-d050",
      "weights_sha256": "28c8078c30e03031c1d03efd7f002d439db7053ad5990a611de51d6ec2e6221f",
      "override_weight_id": "w050",
      "option_override_weight": 0.5,
      "option_mask_id": "reobserve+backtrack+advance",
      "allowed_override_options": [
        "REOBSERVE",
        "BACKTRACK_ONE",
        "ADVANCE"
      ],
      "option_validation": {
        "labeled_states": 29,
        "strict_states": 2,
        "baseline_option": "RETRY_CURRENT",
        "override_options": [
          "REOBSERVE",
          "BACKTRACK_ONE",
          "ADVANCE"
        ],
        "target_retry_states": 27,
        "target_tie_states": 27,
        "target_override_states": 2,
        "raw_false_recovery_rate": 0.0,
        "raw_recovery_rate": 0.0,
        "selective_recovery": {
          "max_false_recovery_rate": 0.05,
          "option_value_margin": 0.0,
          "false_recovery_rate": 0.0,
          "false_recovery_states": 0,
          "true_recovery_rate": 0.0,
          "beneficial_recovery_rate": 0.0,
          "beneficial_recovery_states": 0,
          "beneficial_recovery_rate_all_states": 0.0,
          "accuracy": 0.9310344827586207,
          "mean_decision_regret": 0.4137931168079376
        }
      },
      "offline_option_rank": 315
    },
    {
      "variant_id": "w050-v02-mlp-h4-w32-d050-reobserve+backtrack+advance+consensus",
      "checkpoint_variant": "v02-mlp-h4-w32-d050",
      "checkpoint": "/HELIOS/Robotics/UnitreeRobotic/checkpoints/robocerebra/GR00T-RC-CTR-search/R0-residual-v9-override-weight/w050/v02-mlp-h4-w32-d050",
      "weights_sha256": "28c8078c30e03031c1d03efd7f002d439db7053ad5990a611de51d6ec2e6221f",
      "override_weight_id": "w050",
      "option_override_weight": 0.5,
      "option_mask_id": "reobserve+backtrack+advance+consensus",
      "allowed_override_options": [
        "REOBSERVE",
        "BACKTRACK_ONE",
        "ADVANCE",
        "CONSENSUS_PREFIX"
      ],
      "option_validation": {
        "labeled_states": 29,
        "strict_states": 4,
        "baseline_option": "RETRY_CURRENT",
        "override_options": [
          "REOBSERVE",
          "BACKTRACK_ONE",
          "ADVANCE",
          "CONSENSUS_PREFIX"
        ],
        "target_retry_states": 25,
        "target_tie_states": 25,
        "target_override_states": 4,
        "raw_false_recovery_rate": 0.0,
        "raw_recovery_rate": 0.0,
        "selective_recovery": {
          "max_false_recovery_rate": 0.05,
          "option_value_margin": 0.0,
          "false_recovery_rate": 0.0,
          "false_recovery_states": 0,
          "true_recovery_rate": 0.0,
          "beneficial_recovery_rate": 0.0,
          "beneficial_recovery_states": 0,
          "beneficial_recovery_rate_all_states": 0.0,
          "accuracy": 0.8620689655172413,
          "mean_decision_regret": 0.4137931168079376
        }
      },
      "offline_option_rank": 316
    },
    {
      "variant_id": "w050-v02-mlp-h4-w32-d050-reobserve+backtrack+consensus",
      "checkpoint_variant": "v02-mlp-h4-w32-d050",
      "checkpoint": "/HELIOS/Robotics/UnitreeRobotic/checkpoints/robocerebra/GR00T-RC-CTR-search/R0-residual-v9-override-weight/w050/v02-mlp-h4-w32-d050",
      "weights_sha256": "28c8078c30e03031c1d03efd7f002d439db7053ad5990a611de51d6ec2e6221f",
      "override_weight_id": "w050",
      "option_override_weight": 0.5,
      "option_mask_id": "reobserve+backtrack+consensus",
      "allowed_override_options": [
        "REOBSERVE",
        "BACKTRACK_ONE",
        "CONSENSUS_PREFIX"
      ],
      "option_validation": {
        "labeled_states": 29,
        "strict_states": 4,
        "baseline_option": "RETRY_CURRENT",
        "override_options": [
          "REOBSERVE",
          "BACKTRACK_ONE",
          "CONSENSUS_PREFIX"
        ],
        "target_retry_states": 25,
        "target_tie_states": 25,
        "target_override_states": 4,
        "raw_false_recovery_rate": 0.0,
        "raw_recovery_rate": 0.0,
        "selective_recovery": {
          "max_false_recovery_rate": 0.05,
          "option_value_margin": 0.0,
          "false_recovery_rate": 0.0,
          "false_recovery_states": 0,
          "true_recovery_rate": 0.0,
          "beneficial_recovery_rate": 0.0,
          "beneficial_recovery_states": 0,
          "beneficial_recovery_rate_all_states": 0.0,
          "accuracy": 0.8620689655172413,
          "mean_decision_regret": 0.4137931168079376
        }
      },
      "offline_option_rank": 317
    },
    {
      "variant_id": "w050-v02-mlp-h4-w32-d050-reobserve+consensus",
      "checkpoint_variant": "v02-mlp-h4-w32-d050",
      "checkpoint": "/HELIOS/Robotics/UnitreeRobotic/checkpoints/robocerebra/GR00T-RC-CTR-search/R0-residual-v9-override-weight/w050/v02-mlp-h4-w32-d050",
      "weights_sha256": "28c8078c30e03031c1d03efd7f002d439db7053ad5990a611de51d6ec2e6221f",
      "override_weight_id": "w050",
      "option_override_weight": 0.5,
      "option_mask_id": "reobserve+consensus",
      "allowed_override_options": [
        "REOBSERVE",
        "CONSENSUS_PREFIX"
      ],
      "option_validation": {
        "labeled_states": 29,
        "strict_states": 3,
        "baseline_option": "RETRY_CURRENT",
        "override_options": [
          "REOBSERVE",
          "CONSENSUS_PREFIX"
        ],
        "target_retry_states": 26,
        "target_tie_states": 26,
        "target_override_states": 3,
        "raw_false_recovery_rate": 0.0,
        "raw_recovery_rate": 0.0,
        "selective_recovery": {
          "max_false_recovery_rate": 0.05,
          "option_value_margin": 0.0,
          "false_recovery_rate": 0.0,
          "false_recovery_states": 0,
          "true_recovery_rate": 0.0,
          "beneficial_recovery_rate": 0.0,
          "beneficial_recovery_states": 0,
          "beneficial_recovery_rate_all_states": 0.0,
          "accuracy": 0.896551724137931,
          "mean_decision_regret": 0.4137931168079376
        }
      },
      "offline_option_rank": 318
    },
    {
      "variant_id": "w050-v03-mlp-h8-w64-d025-advance",
      "checkpoint_variant": "v03-mlp-h8-w64-d025",
      "checkpoint": "/HELIOS/Robotics/UnitreeRobotic/checkpoints/robocerebra/GR00T-RC-CTR-search/R0-residual-v9-override-weight/w050/v03-mlp-h8-w64-d025",
      "weights_sha256": "a277fd2dc92b12f6843dcdb8b0e903182dc4f7054add545f81d1389a795d73aa",
      "override_weight_id": "w050",
      "option_override_weight": 0.5,
      "option_mask_id": "advance",
      "allowed_override_options": [
        "ADVANCE"
      ],
      "option_validation": {
        "labeled_states": 29,
        "strict_states": 28,
        "baseline_option": "RETRY_CURRENT",
        "override_options": [
          "ADVANCE"
        ],
        "target_retry_states": 29,
        "target_tie_states": 1,
        "target_override_states": 0,
        "raw_false_recovery_rate": 0.0,
        "raw_recovery_rate": 0.0,
        "selective_recovery": {
          "max_false_recovery_rate": 0.05,
          "option_value_margin": 0.0,
          "false_recovery_rate": 0.0,
          "false_recovery_states": 0,
          "true_recovery_rate": 0.0,
          "beneficial_recovery_rate": 0.0,
          "beneficial_recovery_states": 0,
          "beneficial_recovery_rate_all_states": 0.0,
          "accuracy": 1.0,
          "mean_decision_regret": 0.4137931168079376
        }
      },
      "offline_option_rank": 319
    },
    {
      "variant_id": "w050-v03-mlp-h8-w64-d025-advance+consensus",
      "checkpoint_variant": "v03-mlp-h8-w64-d025",
      "checkpoint": "/HELIOS/Robotics/UnitreeRobotic/checkpoints/robocerebra/GR00T-RC-CTR-search/R0-residual-v9-override-weight/w050/v03-mlp-h8-w64-d025",
      "weights_sha256": "a277fd2dc92b12f6843dcdb8b0e903182dc4f7054add545f81d1389a795d73aa",
      "override_weight_id": "w050",
      "option_override_weight": 0.5,
      "option_mask_id": "advance+consensus",
      "allowed_override_options": [
        "ADVANCE",
        "CONSENSUS_PREFIX"
      ],
      "option_validation": {
        "labeled_states": 29,
        "strict_states": 3,
        "baseline_option": "RETRY_CURRENT",
        "override_options": [
          "ADVANCE",
          "CONSENSUS_PREFIX"
        ],
        "target_retry_states": 27,
        "target_tie_states": 26,
        "target_override_states": 2,
        "raw_false_recovery_rate": 0.0,
        "raw_recovery_rate": 0.0,
        "selective_recovery": {
          "max_false_recovery_rate": 0.05,
          "option_value_margin": 0.0,
          "false_recovery_rate": 0.0,
          "false_recovery_states": 0,
          "true_recovery_rate": 0.0,
          "beneficial_recovery_rate": 0.0,
          "beneficial_recovery_states": 0,
          "beneficial_recovery_rate_all_states": 0.0,
          "accuracy": 0.9310344827586207,
          "mean_decision_regret": 0.4137931168079376
        }
      },
      "offline_option_rank": 320
    },
    {
      "variant_id": "w050-v03-mlp-h8-w64-d025-backtrack+advance",
      "checkpoint_variant": "v03-mlp-h8-w64-d025",
      "checkpoint": "/HELIOS/Robotics/UnitreeRobotic/checkpoints/robocerebra/GR00T-RC-CTR-search/R0-residual-v9-override-weight/w050/v03-mlp-h8-w64-d025",
      "weights_sha256": "a277fd2dc92b12f6843dcdb8b0e903182dc4f7054add545f81d1389a795d73aa",
      "override_weight_id": "w050",
      "option_override_weight": 0.5,
      "option_mask_id": "backtrack+advance",
      "allowed_override_options": [
        "BACKTRACK_ONE",
        "ADVANCE"
      ],
      "option_validation": {
        "labeled_states": 29,
        "strict_states": 3,
        "baseline_option": "RETRY_CURRENT",
        "override_options": [
          "BACKTRACK_ONE",
          "ADVANCE"
        ],
        "target_retry_states": 28,
        "target_tie_states": 26,
        "target_override_states": 1,
        "raw_false_recovery_rate": 0.0,
        "raw_recovery_rate": 0.0,
        "selective_recovery": {
          "max_false_recovery_rate": 0.05,
          "option_value_margin": 0.0,
          "false_recovery_rate": 0.0,
          "false_recovery_states": 0,
          "true_recovery_rate": 0.0,
          "beneficial_recovery_rate": 0.0,
          "beneficial_recovery_states": 0,
          "beneficial_recovery_rate_all_states": 0.0,
          "accuracy": 0.9655172413793104,
          "mean_decision_regret": 0.4137931168079376
        }
      },
      "offline_option_rank": 321
    },
    {
      "variant_id": "w050-v03-mlp-h8-w64-d025-backtrack+advance+consensus",
      "checkpoint_variant": "v03-mlp-h8-w64-d025",
      "checkpoint": "/HELIOS/Robotics/UnitreeRobotic/checkpoints/robocerebra/GR00T-RC-CTR-search/R0-residual-v9-override-weight/w050/v03-mlp-h8-w64-d025",
      "weights_sha256": "a277fd2dc92b12f6843dcdb8b0e903182dc4f7054add545f81d1389a795d73aa",
      "override_weight_id": "w050",
      "option_override_weight": 0.5,
      "option_mask_id": "backtrack+advance+consensus",
      "allowed_override_options": [
        "BACKTRACK_ONE",
        "ADVANCE",
        "CONSENSUS_PREFIX"
      ],
      "option_validation": {
        "labeled_states": 29,
        "strict_states": 3,
        "baseline_option": "RETRY_CURRENT",
        "override_options": [
          "BACKTRACK_ONE",
          "ADVANCE",
          "CONSENSUS_PREFIX"
        ],
        "target_retry_states": 26,
        "target_tie_states": 26,
        "target_override_states": 3,
        "raw_false_recovery_rate": 0.0,
        "raw_recovery_rate": 0.0,
        "selective_recovery": {
          "max_false_recovery_rate": 0.05,
          "option_value_margin": 0.0,
          "false_recovery_rate": 0.0,
          "false_recovery_states": 0,
          "true_recovery_rate": 0.0,
          "beneficial_recovery_rate": 0.0,
          "beneficial_recovery_states": 0,
          "beneficial_recovery_rate_all_states": 0.0,
          "accuracy": 0.896551724137931,
          "mean_decision_regret": 0.4137931168079376
        }
      },
      "offline_option_rank": 322
    },
    {
      "variant_id": "w050-v03-mlp-h8-w64-d025-backtrack+consensus",
      "checkpoint_variant": "v03-mlp-h8-w64-d025",
      "checkpoint": "/HELIOS/Robotics/UnitreeRobotic/checkpoints/robocerebra/GR00T-RC-CTR-search/R0-residual-v9-override-weight/w050/v03-mlp-h8-w64-d025",
      "weights_sha256": "a277fd2dc92b12f6843dcdb8b0e903182dc4f7054add545f81d1389a795d73aa",
      "override_weight_id": "w050",
      "option_override_weight": 0.5,
      "option_mask_id": "backtrack+consensus",
      "allowed_override_options": [
        "BACKTRACK_ONE",
        "CONSENSUS_PREFIX"
      ],
      "option_validation": {
        "labeled_states": 29,
        "strict_states": 3,
        "baseline_option": "RETRY_CURRENT",
        "override_options": [
          "BACKTRACK_ONE",
          "CONSENSUS_PREFIX"
        ],
        "target_retry_states": 26,
        "target_tie_states": 26,
        "target_override_states": 3,
        "raw_false_recovery_rate": 0.0,
        "raw_recovery_rate": 0.0,
        "selective_recovery": {
          "max_false_recovery_rate": 0.05,
          "option_value_margin": 0.0,
          "false_recovery_rate": 0.0,
          "false_recovery_states": 0,
          "true_recovery_rate": 0.0,
          "beneficial_recovery_rate": 0.0,
          "beneficial_recovery_states": 0,
          "beneficial_recovery_rate_all_states": 0.0,
          "accuracy": 0.896551724137931,
          "mean_decision_regret": 0.4137931168079376
        }
      },
      "offline_option_rank": 323
    },
    {
      "variant_id": "w050-v03-mlp-h8-w64-d025-consensus",
      "checkpoint_variant": "v03-mlp-h8-w64-d025",
      "checkpoint": "/HELIOS/Robotics/UnitreeRobotic/checkpoints/robocerebra/GR00T-RC-CTR-search/R0-residual-v9-override-weight/w050/v03-mlp-h8-w64-d025",
      "weights_sha256": "a277fd2dc92b12f6843dcdb8b0e903182dc4f7054add545f81d1389a795d73aa",
      "override_weight_id": "w050",
      "option_override_weight": 0.5,
      "option_mask_id": "consensus",
      "allowed_override_options": [
        "CONSENSUS_PREFIX"
      ],
      "option_validation": {
        "labeled_states": 29,
        "strict_states": 3,
        "baseline_option": "RETRY_CURRENT",
        "override_options": [
          "CONSENSUS_PREFIX"
        ],
        "target_retry_states": 27,
        "target_tie_states": 26,
        "target_override_states": 2,
        "raw_false_recovery_rate": 0.0,
        "raw_recovery_rate": 0.0,
        "selective_recovery": {
          "max_false_recovery_rate": 0.05,
          "option_value_margin": 0.0,
          "false_recovery_rate": 0.0,
          "false_recovery_states": 0,
          "true_recovery_rate": 0.0,
          "beneficial_recovery_rate": 0.0,
          "beneficial_recovery_states": 0,
          "beneficial_recovery_rate_all_states": 0.0,
          "accuracy": 0.9310344827586207,
          "mean_decision_regret": 0.4137931168079376
        }
      },
      "offline_option_rank": 324
    },
    {
      "variant_id": "w050-v03-mlp-h8-w64-d025-reobserve",
      "checkpoint_variant": "v03-mlp-h8-w64-d025",
      "checkpoint": "/HELIOS/Robotics/UnitreeRobotic/checkpoints/robocerebra/GR00T-RC-CTR-search/R0-residual-v9-override-weight/w050/v03-mlp-h8-w64-d025",
      "weights_sha256": "a277fd2dc92b12f6843dcdb8b0e903182dc4f7054add545f81d1389a795d73aa",
      "override_weight_id": "w050",
      "option_override_weight": 0.5,
      "option_mask_id": "reobserve",
      "allowed_override_options": [
        "REOBSERVE"
      ],
      "option_validation": {
        "labeled_states": 29,
        "strict_states": 1,
        "baseline_option": "RETRY_CURRENT",
        "override_options": [
          "REOBSERVE"
        ],
        "target_retry_states": 28,
        "target_tie_states": 28,
        "target_override_states": 1,
        "raw_false_recovery_rate": 0.03571428571428571,
        "raw_recovery_rate": 0.0,
        "selective_recovery": {
          "max_false_recovery_rate": 0.05,
          "option_value_margin": 0.1640625149011612,
          "false_recovery_rate": 0.0,
          "false_recovery_states": 0,
          "true_recovery_rate": 0.0,
          "beneficial_recovery_rate": 0.0,
          "beneficial_recovery_states": 0,
          "beneficial_recovery_rate_all_states": 0.0,
          "accuracy": 0.9655172413793104,
          "mean_decision_regret": 0.4137931168079376
        }
      },
      "offline_option_rank": 325
    },
    {
      "variant_id": "w050-v03-mlp-h8-w64-d025-reobserve+advance",
      "checkpoint_variant": "v03-mlp-h8-w64-d025",
      "checkpoint": "/HELIOS/Robotics/UnitreeRobotic/checkpoints/robocerebra/GR00T-RC-CTR-search/R0-residual-v9-override-weight/w050/v03-mlp-h8-w64-d025",
      "weights_sha256": "a277fd2dc92b12f6843dcdb8b0e903182dc4f7054add545f81d1389a795d73aa",
      "override_weight_id": "w050",
      "option_override_weight": 0.5,
      "option_mask_id": "reobserve+advance",
      "allowed_override_options": [
        "REOBSERVE",
        "ADVANCE"
      ],
      "option_validation": {
        "labeled_states": 29,
        "strict_states": 1,
        "baseline_option": "RETRY_CURRENT",
        "override_options": [
          "REOBSERVE",
          "ADVANCE"
        ],
        "target_retry_states": 28,
        "target_tie_states": 28,
        "target_override_states": 1,
        "raw_false_recovery_rate": 0.03571428571428571,
        "raw_recovery_rate": 0.0,
        "selective_recovery": {
          "max_false_recovery_rate": 0.05,
          "option_value_margin": 0.1640625149011612,
          "false_recovery_rate": 0.0,
          "false_recovery_states": 0,
          "true_recovery_rate": 0.0,
          "beneficial_recovery_rate": 0.0,
          "beneficial_recovery_states": 0,
          "beneficial_recovery_rate_all_states": 0.0,
          "accuracy": 0.9655172413793104,
          "mean_decision_regret": 0.4137931168079376
        }
      },
      "offline_option_rank": 326
    },
    {
      "variant_id": "w050-v03-mlp-h8-w64-d025-reobserve+advance+consensus",
      "checkpoint_variant": "v03-mlp-h8-w64-d025",
      "checkpoint": "/HELIOS/Robotics/UnitreeRobotic/checkpoints/robocerebra/GR00T-RC-CTR-search/R0-residual-v9-override-weight/w050/v03-mlp-h8-w64-d025",
      "weights_sha256": "a277fd2dc92b12f6843dcdb8b0e903182dc4f7054add545f81d1389a795d73aa",
      "override_weight_id": "w050",
      "option_override_weight": 0.5,
      "option_mask_id": "reobserve+advance+consensus",
      "allowed_override_options": [
        "REOBSERVE",
        "ADVANCE",
        "CONSENSUS_PREFIX"
      ],
      "option_validation": {
        "labeled_states": 29,
        "strict_states": 3,
        "baseline_option": "RETRY_CURRENT",
        "override_options": [
          "REOBSERVE",
          "ADVANCE",
          "CONSENSUS_PREFIX"
        ],
        "target_retry_states": 26,
        "target_tie_states": 26,
        "target_override_states": 3,
        "raw_false_recovery_rate": 0.038461538461538464,
        "raw_recovery_rate": 0.0,
        "selective_recovery": {
          "max_false_recovery_rate": 0.05,
          "option_value_margin": 0.1640625149011612,
          "false_recovery_rate": 0.0,
          "false_recovery_states": 0,
          "true_recovery_rate": 0.0,
          "beneficial_recovery_rate": 0.0,
          "beneficial_recovery_states": 0,
          "beneficial_recovery_rate_all_states": 0.0,
          "accuracy": 0.896551724137931,
          "mean_decision_regret": 0.4137931168079376
        }
      },
      "offline_option_rank": 327
    },
    {
      "variant_id": "w050-v03-mlp-h8-w64-d025-reobserve+backtrack",
      "checkpoint_variant": "v03-mlp-h8-w64-d025",
      "checkpoint": "/HELIOS/Robotics/UnitreeRobotic/checkpoints/robocerebra/GR00T-RC-CTR-search/R0-residual-v9-override-weight/w050/v03-mlp-h8-w64-d025",
      "weights_sha256": "a277fd2dc92b12f6843dcdb8b0e903182dc4f7054add545f81d1389a795d73aa",
      "override_weight_id": "w050",
      "option_override_weight": 0.5,
      "option_mask_id": "reobserve+backtrack",
      "allowed_override_options": [
        "REOBSERVE",
        "BACKTRACK_ONE"
      ],
      "option_validation": {
        "labeled_states": 29,
        "strict_states": 2,
        "baseline_option": "RETRY_CURRENT",
        "override_options": [
          "REOBSERVE",
          "BACKTRACK_ONE"
        ],
        "target_retry_states": 27,
        "target_tie_states": 27,
        "target_override_states": 2,
        "raw_false_recovery_rate": 0.037037037037037035,
        "raw_recovery_rate": 0.0,
        "selective_recovery": {
          "max_false_recovery_rate": 0.05,
          "option_value_margin": 0.1640625149011612,
          "false_recovery_rate": 0.0,
          "false_recovery_states": 0,
          "true_recovery_rate": 0.0,
          "beneficial_recovery_rate": 0.0,
          "beneficial_recovery_states": 0,
          "beneficial_recovery_rate_all_states": 0.0,
          "accuracy": 0.9310344827586207,
          "mean_decision_regret": 0.4137931168079376
        }
      },
      "offline_option_rank": 328
    },
    {
      "variant_id": "w050-v03-mlp-h8-w64-d025-reobserve+backtrack+advance",
      "checkpoint_variant": "v03-mlp-h8-w64-d025",
      "checkpoint": "/HELIOS/Robotics/UnitreeRobotic/checkpoints/robocerebra/GR00T-RC-CTR-search/R0-residual-v9-override-weight/w050/v03-mlp-h8-w64-d025",
      "weights_sha256": "a277fd2dc92b12f6843dcdb8b0e903182dc4f7054add545f81d1389a795d73aa",
      "override_weight_id": "w050",
      "option_override_weight": 0.5,
      "option_mask_id": "reobserve+backtrack+advance",
      "allowed_override_options": [
        "REOBSERVE",
        "BACKTRACK_ONE",
        "ADVANCE"
      ],
      "option_validation": {
        "labeled_states": 29,
        "strict_states": 2,
        "baseline_option": "RETRY_CURRENT",
        "override_options": [
          "REOBSERVE",
          "BACKTRACK_ONE",
          "ADVANCE"
        ],
        "target_retry_states": 27,
        "target_tie_states": 27,
        "target_override_states": 2,
        "raw_false_recovery_rate": 0.037037037037037035,
        "raw_recovery_rate": 0.0,
        "selective_recovery": {
          "max_false_recovery_rate": 0.05,
          "option_value_margin": 0.1640625149011612,
          "false_recovery_rate": 0.0,
          "false_recovery_states": 0,
          "true_recovery_rate": 0.0,
          "beneficial_recovery_rate": 0.0,
          "beneficial_recovery_states": 0,
          "beneficial_recovery_rate_all_states": 0.0,
          "accuracy": 0.9310344827586207,
          "mean_decision_regret": 0.4137931168079376
        }
      },
      "offline_option_rank": 329
    },
    {
      "variant_id": "w050-v03-mlp-h8-w64-d025-reobserve+backtrack+advance+consensus",
      "checkpoint_variant": "v03-mlp-h8-w64-d025",
      "checkpoint": "/HELIOS/Robotics/UnitreeRobotic/checkpoints/robocerebra/GR00T-RC-CTR-search/R0-residual-v9-override-weight/w050/v03-mlp-h8-w64-d025",
      "weights_sha256": "a277fd2dc92b12f6843dcdb8b0e903182dc4f7054add545f81d1389a795d73aa",
      "override_weight_id": "w050",
      "option_override_weight": 0.5,
      "option_mask_id": "reobserve+backtrack+advance+consensus",
      "allowed_override_options": [
        "REOBSERVE",
        "BACKTRACK_ONE",
        "ADVANCE",
        "CONSENSUS_PREFIX"
      ],
      "option_validation": {
        "labeled_states": 29,
        "strict_states": 4,
        "baseline_option": "RETRY_CURRENT",
        "override_options": [
          "REOBSERVE",
          "BACKTRACK_ONE",
          "ADVANCE",
          "CONSENSUS_PREFIX"
        ],
        "target_retry_states": 25,
        "target_tie_states": 25,
        "target_override_states": 4,
        "raw_false_recovery_rate": 0.04,
        "raw_recovery_rate": 0.0,
        "selective_recovery": {
          "max_false_recovery_rate": 0.05,
          "option_value_margin": 0.1640625149011612,
          "false_recovery_rate": 0.0,
          "false_recovery_states": 0,
          "true_recovery_rate": 0.0,
          "beneficial_recovery_rate": 0.0,
          "beneficial_recovery_states": 0,
          "beneficial_recovery_rate_all_states": 0.0,
          "accuracy": 0.8620689655172413,
          "mean_decision_regret": 0.4137931168079376
        }
      },
      "offline_option_rank": 330
    },
    {
      "variant_id": "w050-v03-mlp-h8-w64-d025-reobserve+backtrack+consensus",
      "checkpoint_variant": "v03-mlp-h8-w64-d025",
      "checkpoint": "/HELIOS/Robotics/UnitreeRobotic/checkpoints/robocerebra/GR00T-RC-CTR-search/R0-residual-v9-override-weight/w050/v03-mlp-h8-w64-d025",
      "weights_sha256": "a277fd2dc92b12f6843dcdb8b0e903182dc4f7054add545f81d1389a795d73aa",
      "override_weight_id": "w050",
      "option_override_weight": 0.5,
      "option_mask_id": "reobserve+backtrack+consensus",
      "allowed_override_options": [
        "REOBSERVE",
        "BACKTRACK_ONE",
        "CONSENSUS_PREFIX"
      ],
      "option_validation": {
        "labeled_states": 29,
        "strict_states": 4,
        "baseline_option": "RETRY_CURRENT",
        "override_options": [
          "REOBSERVE",
          "BACKTRACK_ONE",
          "CONSENSUS_PREFIX"
        ],
        "target_retry_states": 25,
        "target_tie_states": 25,
        "target_override_states": 4,
        "raw_false_recovery_rate": 0.04,
        "raw_recovery_rate": 0.0,
        "selective_recovery": {
          "max_false_recovery_rate": 0.05,
          "option_value_margin": 0.1640625149011612,
          "false_recovery_rate": 0.0,
          "false_recovery_states": 0,
          "true_recovery_rate": 0.0,
          "beneficial_recovery_rate": 0.0,
          "beneficial_recovery_states": 0,
          "beneficial_recovery_rate_all_states": 0.0,
          "accuracy": 0.8620689655172413,
          "mean_decision_regret": 0.4137931168079376
        }
      },
      "offline_option_rank": 331
    },
    {
      "variant_id": "w050-v03-mlp-h8-w64-d025-reobserve+consensus",
      "checkpoint_variant": "v03-mlp-h8-w64-d025",
      "checkpoint": "/HELIOS/Robotics/UnitreeRobotic/checkpoints/robocerebra/GR00T-RC-CTR-search/R0-residual-v9-override-weight/w050/v03-mlp-h8-w64-d025",
      "weights_sha256": "a277fd2dc92b12f6843dcdb8b0e903182dc4f7054add545f81d1389a795d73aa",
      "override_weight_id": "w050",
      "option_override_weight": 0.5,
      "option_mask_id": "reobserve+consensus",
      "allowed_override_options": [
        "REOBSERVE",
        "CONSENSUS_PREFIX"
      ],
      "option_validation": {
        "labeled_states": 29,
        "strict_states": 3,
        "baseline_option": "RETRY_CURRENT",
        "override_options": [
          "REOBSERVE",
          "CONSENSUS_PREFIX"
        ],
        "target_retry_states": 26,
        "target_tie_states": 26,
        "target_override_states": 3,
        "raw_false_recovery_rate": 0.038461538461538464,
        "raw_recovery_rate": 0.0,
        "selective_recovery": {
          "max_false_recovery_rate": 0.05,
          "option_value_margin": 0.1640625149011612,
          "false_recovery_rate": 0.0,
          "false_recovery_states": 0,
          "true_recovery_rate": 0.0,
          "beneficial_recovery_rate": 0.0,
          "beneficial_recovery_states": 0,
          "beneficial_recovery_rate_all_states": 0.0,
          "accuracy": 0.896551724137931,
          "mean_decision_regret": 0.4137931168079376
        }
      },
      "offline_option_rank": 332
    },
    {
      "variant_id": "w050-v04-gru-h8-w64-d025-advance",
      "checkpoint_variant": "v04-gru-h8-w64-d025",
      "checkpoint": "/HELIOS/Robotics/UnitreeRobotic/checkpoints/robocerebra/GR00T-RC-CTR-search/R0-residual-v9-override-weight/w050/v04-gru-h8-w64-d025",
      "weights_sha256": "1f645268b4108075cf58d08bcd525fc90fc87bd332880e713a5561abf9fd877e",
      "override_weight_id": "w050",
      "option_override_weight": 0.5,
      "option_mask_id": "advance",
      "allowed_override_options": [
        "ADVANCE"
      ],
      "option_validation": {
        "labeled_states": 29,
        "strict_states": 28,
        "baseline_option": "RETRY_CURRENT",
        "override_options": [
          "ADVANCE"
        ],
        "target_retry_states": 29,
        "target_tie_states": 1,
        "target_override_states": 0,
        "raw_false_recovery_rate": 0.0,
        "raw_recovery_rate": 0.0,
        "selective_recovery": {
          "max_false_recovery_rate": 0.05,
          "option_value_margin": 0.0,
          "false_recovery_rate": 0.0,
          "false_recovery_states": 0,
          "true_recovery_rate": 0.0,
          "beneficial_recovery_rate": 0.0,
          "beneficial_recovery_states": 0,
          "beneficial_recovery_rate_all_states": 0.0,
          "accuracy": 1.0,
          "mean_decision_regret": 0.4137931168079376
        }
      },
      "offline_option_rank": 333
    },
    {
      "variant_id": "w050-v04-gru-h8-w64-d025-advance+consensus",
      "checkpoint_variant": "v04-gru-h8-w64-d025",
      "checkpoint": "/HELIOS/Robotics/UnitreeRobotic/checkpoints/robocerebra/GR00T-RC-CTR-search/R0-residual-v9-override-weight/w050/v04-gru-h8-w64-d025",
      "weights_sha256": "1f645268b4108075cf58d08bcd525fc90fc87bd332880e713a5561abf9fd877e",
      "override_weight_id": "w050",
      "option_override_weight": 0.5,
      "option_mask_id": "advance+consensus",
      "allowed_override_options": [
        "ADVANCE",
        "CONSENSUS_PREFIX"
      ],
      "option_validation": {
        "labeled_states": 29,
        "strict_states": 3,
        "baseline_option": "RETRY_CURRENT",
        "override_options": [
          "ADVANCE",
          "CONSENSUS_PREFIX"
        ],
        "target_retry_states": 27,
        "target_tie_states": 26,
        "target_override_states": 2,
        "raw_false_recovery_rate": 0.0,
        "raw_recovery_rate": 0.0,
        "selective_recovery": {
          "max_false_recovery_rate": 0.05,
          "option_value_margin": 0.0,
          "false_recovery_rate": 0.0,
          "false_recovery_states": 0,
          "true_recovery_rate": 0.0,
          "beneficial_recovery_rate": 0.0,
          "beneficial_recovery_states": 0,
          "beneficial_recovery_rate_all_states": 0.0,
          "accuracy": 0.9310344827586207,
          "mean_decision_regret": 0.4137931168079376
        }
      },
      "offline_option_rank": 334
    },
    {
      "variant_id": "w050-v04-gru-h8-w64-d025-backtrack+advance",
      "checkpoint_variant": "v04-gru-h8-w64-d025",
      "checkpoint": "/HELIOS/Robotics/UnitreeRobotic/checkpoints/robocerebra/GR00T-RC-CTR-search/R0-residual-v9-override-weight/w050/v04-gru-h8-w64-d025",
      "weights_sha256": "1f645268b4108075cf58d08bcd525fc90fc87bd332880e713a5561abf9fd877e",
      "override_weight_id": "w050",
      "option_override_weight": 0.5,
      "option_mask_id": "backtrack+advance",
      "allowed_override_options": [
        "BACKTRACK_ONE",
        "ADVANCE"
      ],
      "option_validation": {
        "labeled_states": 29,
        "strict_states": 3,
        "baseline_option": "RETRY_CURRENT",
        "override_options": [
          "BACKTRACK_ONE",
          "ADVANCE"
        ],
        "target_retry_states": 28,
        "target_tie_states": 26,
        "target_override_states": 1,
        "raw_false_recovery_rate": 0.0,
        "raw_recovery_rate": 0.0,
        "selective_recovery": {
          "max_false_recovery_rate": 0.05,
          "option_value_margin": 0.0,
          "false_recovery_rate": 0.0,
          "false_recovery_states": 0,
          "true_recovery_rate": 0.0,
          "beneficial_recovery_rate": 0.0,
          "beneficial_recovery_states": 0,
          "beneficial_recovery_rate_all_states": 0.0,
          "accuracy": 0.9655172413793104,
          "mean_decision_regret": 0.4137931168079376
        }
      },
      "offline_option_rank": 335
    },
    {
      "variant_id": "w050-v04-gru-h8-w64-d025-backtrack+advance+consensus",
      "checkpoint_variant": "v04-gru-h8-w64-d025",
      "checkpoint": "/HELIOS/Robotics/UnitreeRobotic/checkpoints/robocerebra/GR00T-RC-CTR-search/R0-residual-v9-override-weight/w050/v04-gru-h8-w64-d025",
      "weights_sha256": "1f645268b4108075cf58d08bcd525fc90fc87bd332880e713a5561abf9fd877e",
      "override_weight_id": "w050",
      "option_override_weight": 0.5,
      "option_mask_id": "backtrack+advance+consensus",
      "allowed_override_options": [
        "BACKTRACK_ONE",
        "ADVANCE",
        "CONSENSUS_PREFIX"
      ],
      "option_validation": {
        "labeled_states": 29,
        "strict_states": 3,
        "baseline_option": "RETRY_CURRENT",
        "override_options": [
          "BACKTRACK_ONE",
          "ADVANCE",
          "CONSENSUS_PREFIX"
        ],
        "target_retry_states": 26,
        "target_tie_states": 26,
        "target_override_states": 3,
        "raw_false_recovery_rate": 0.0,
        "raw_recovery_rate": 0.0,
        "selective_recovery": {
          "max_false_recovery_rate": 0.05,
          "option_value_margin": 0.0,
          "false_recovery_rate": 0.0,
          "false_recovery_states": 0,
          "true_recovery_rate": 0.0,
          "beneficial_recovery_rate": 0.0,
          "beneficial_recovery_states": 0,
          "beneficial_recovery_rate_all_states": 0.0,
          "accuracy": 0.896551724137931,
          "mean_decision_regret": 0.4137931168079376
        }
      },
      "offline_option_rank": 336
    },
    {
      "variant_id": "w050-v04-gru-h8-w64-d025-backtrack+consensus",
      "checkpoint_variant": "v04-gru-h8-w64-d025",
      "checkpoint": "/HELIOS/Robotics/UnitreeRobotic/checkpoints/robocerebra/GR00T-RC-CTR-search/R0-residual-v9-override-weight/w050/v04-gru-h8-w64-d025",
      "weights_sha256": "1f645268b4108075cf58d08bcd525fc90fc87bd332880e713a5561abf9fd877e",
      "override_weight_id": "w050",
      "option_override_weight": 0.5,
      "option_mask_id": "backtrack+consensus",
      "allowed_override_options": [
        "BACKTRACK_ONE",
        "CONSENSUS_PREFIX"
      ],
      "option_validation": {
        "labeled_states": 29,
        "strict_states": 3,
        "baseline_option": "RETRY_CURRENT",
        "override_options": [
          "BACKTRACK_ONE",
          "CONSENSUS_PREFIX"
        ],
        "target_retry_states": 26,
        "target_tie_states": 26,
        "target_override_states": 3,
        "raw_false_recovery_rate": 0.0,
        "raw_recovery_rate": 0.0,
        "selective_recovery": {
          "max_false_recovery_rate": 0.05,
          "option_value_margin": 0.0,
          "false_recovery_rate": 0.0,
          "false_recovery_states": 0,
          "true_recovery_rate": 0.0,
          "beneficial_recovery_rate": 0.0,
          "beneficial_recovery_states": 0,
          "beneficial_recovery_rate_all_states": 0.0,
          "accuracy": 0.896551724137931,
          "mean_decision_regret": 0.4137931168079376
        }
      },
      "offline_option_rank": 337
    },
    {
      "variant_id": "w050-v04-gru-h8-w64-d025-consensus",
      "checkpoint_variant": "v04-gru-h8-w64-d025",
      "checkpoint": "/HELIOS/Robotics/UnitreeRobotic/checkpoints/robocerebra/GR00T-RC-CTR-search/R0-residual-v9-override-weight/w050/v04-gru-h8-w64-d025",
      "weights_sha256": "1f645268b4108075cf58d08bcd525fc90fc87bd332880e713a5561abf9fd877e",
      "override_weight_id": "w050",
      "option_override_weight": 0.5,
      "option_mask_id": "consensus",
      "allowed_override_options": [
        "CONSENSUS_PREFIX"
      ],
      "option_validation": {
        "labeled_states": 29,
        "strict_states": 3,
        "baseline_option": "RETRY_CURRENT",
        "override_options": [
          "CONSENSUS_PREFIX"
        ],
        "target_retry_states": 27,
        "target_tie_states": 26,
        "target_override_states": 2,
        "raw_false_recovery_rate": 0.0,
        "raw_recovery_rate": 0.0,
        "selective_recovery": {
          "max_false_recovery_rate": 0.05,
          "option_value_margin": 0.0,
          "false_recovery_rate": 0.0,
          "false_recovery_states": 0,
          "true_recovery_rate": 0.0,
          "beneficial_recovery_rate": 0.0,
          "beneficial_recovery_states": 0,
          "beneficial_recovery_rate_all_states": 0.0,
          "accuracy": 0.9310344827586207,
          "mean_decision_regret": 0.4137931168079376
        }
      },
      "offline_option_rank": 338
    },
    {
      "variant_id": "w050-v04-gru-h8-w64-d025-reobserve",
      "checkpoint_variant": "v04-gru-h8-w64-d025",
      "checkpoint": "/HELIOS/Robotics/UnitreeRobotic/checkpoints/robocerebra/GR00T-RC-CTR-search/R0-residual-v9-override-weight/w050/v04-gru-h8-w64-d025",
      "weights_sha256": "1f645268b4108075cf58d08bcd525fc90fc87bd332880e713a5561abf9fd877e",
      "override_weight_id": "w050",
      "option_override_weight": 0.5,
      "option_mask_id": "reobserve",
      "allowed_override_options": [
        "REOBSERVE"
      ],
      "option_validation": {
        "labeled_states": 29,
        "strict_states": 1,
        "baseline_option": "RETRY_CURRENT",
        "override_options": [
          "REOBSERVE"
        ],
        "target_retry_states": 28,
        "target_tie_states": 28,
        "target_override_states": 1,
        "raw_false_recovery_rate": 0.0,
        "raw_recovery_rate": 0.0,
        "selective_recovery": {
          "max_false_recovery_rate": 0.05,
          "option_value_margin": 0.0,
          "false_recovery_rate": 0.0,
          "false_recovery_states": 0,
          "true_recovery_rate": 0.0,
          "beneficial_recovery_rate": 0.0,
          "beneficial_recovery_states": 0,
          "beneficial_recovery_rate_all_states": 0.0,
          "accuracy": 0.9655172413793104,
          "mean_decision_regret": 0.4137931168079376
        }
      },
      "offline_option_rank": 339
    },
    {
      "variant_id": "w050-v04-gru-h8-w64-d025-reobserve+advance",
      "checkpoint_variant": "v04-gru-h8-w64-d025",
      "checkpoint": "/HELIOS/Robotics/UnitreeRobotic/checkpoints/robocerebra/GR00T-RC-CTR-search/R0-residual-v9-override-weight/w050/v04-gru-h8-w64-d025",
      "weights_sha256": "1f645268b4108075cf58d08bcd525fc90fc87bd332880e713a5561abf9fd877e",
      "override_weight_id": "w050",
      "option_override_weight": 0.5,
      "option_mask_id": "reobserve+advance",
      "allowed_override_options": [
        "REOBSERVE",
        "ADVANCE"
      ],
      "option_validation": {
        "labeled_states": 29,
        "strict_states": 1,
        "baseline_option": "RETRY_CURRENT",
        "override_options": [
          "REOBSERVE",
          "ADVANCE"
        ],
        "target_retry_states": 28,
        "target_tie_states": 28,
        "target_override_states": 1,
        "raw_false_recovery_rate": 0.0,
        "raw_recovery_rate": 0.0,
        "selective_recovery": {
          "max_false_recovery_rate": 0.05,
          "option_value_margin": 0.0,
          "false_recovery_rate": 0.0,
          "false_recovery_states": 0,
          "true_recovery_rate": 0.0,
          "beneficial_recovery_rate": 0.0,
          "beneficial_recovery_states": 0,
          "beneficial_recovery_rate_all_states": 0.0,
          "accuracy": 0.9655172413793104,
          "mean_decision_regret": 0.4137931168079376
        }
      },
      "offline_option_rank": 340
    },
    {
      "variant_id": "w050-v04-gru-h8-w64-d025-reobserve+advance+consensus",
      "checkpoint_variant": "v04-gru-h8-w64-d025",
      "checkpoint": "/HELIOS/Robotics/UnitreeRobotic/checkpoints/robocerebra/GR00T-RC-CTR-search/R0-residual-v9-override-weight/w050/v04-gru-h8-w64-d025",
      "weights_sha256": "1f645268b4108075cf58d08bcd525fc90fc87bd332880e713a5561abf9fd877e",
      "override_weight_id": "w050",
      "option_override_weight": 0.5,
      "option_mask_id": "reobserve+advance+consensus",
      "allowed_override_options": [
        "REOBSERVE",
        "ADVANCE",
        "CONSENSUS_PREFIX"
      ],
      "option_validation": {
        "labeled_states": 29,
        "strict_states": 3,
        "baseline_option": "RETRY_CURRENT",
        "override_options": [
          "REOBSERVE",
          "ADVANCE",
          "CONSENSUS_PREFIX"
        ],
        "target_retry_states": 26,
        "target_tie_states": 26,
        "target_override_states": 3,
        "raw_false_recovery_rate": 0.0,
        "raw_recovery_rate": 0.0,
        "selective_recovery": {
          "max_false_recovery_rate": 0.05,
          "option_value_margin": 0.0,
          "false_recovery_rate": 0.0,
          "false_recovery_states": 0,
          "true_recovery_rate": 0.0,
          "beneficial_recovery_rate": 0.0,
          "beneficial_recovery_states": 0,
          "beneficial_recovery_rate_all_states": 0.0,
          "accuracy": 0.896551724137931,
          "mean_decision_regret": 0.4137931168079376
        }
      },
      "offline_option_rank": 341
    },
    {
      "variant_id": "w050-v04-gru-h8-w64-d025-reobserve+backtrack",
      "checkpoint_variant": "v04-gru-h8-w64-d025",
      "checkpoint": "/HELIOS/Robotics/UnitreeRobotic/checkpoints/robocerebra/GR00T-RC-CTR-search/R0-residual-v9-override-weight/w050/v04-gru-h8-w64-d025",
      "weights_sha256": "1f645268b4108075cf58d08bcd525fc90fc87bd332880e713a5561abf9fd877e",
      "override_weight_id": "w050",
      "option_override_weight": 0.5,
      "option_mask_id": "reobserve+backtrack",
      "allowed_override_options": [
        "REOBSERVE",
        "BACKTRACK_ONE"
      ],
      "option_validation": {
        "labeled_states": 29,
        "strict_states": 2,
        "baseline_option": "RETRY_CURRENT",
        "override_options": [
          "REOBSERVE",
          "BACKTRACK_ONE"
        ],
        "target_retry_states": 27,
        "target_tie_states": 27,
        "target_override_states": 2,
        "raw_false_recovery_rate": 0.0,
        "raw_recovery_rate": 0.0,
        "selective_recovery": {
          "max_false_recovery_rate": 0.05,
          "option_value_margin": 0.0,
          "false_recovery_rate": 0.0,
          "false_recovery_states": 0,
          "true_recovery_rate": 0.0,
          "beneficial_recovery_rate": 0.0,
          "beneficial_recovery_states": 0,
          "beneficial_recovery_rate_all_states": 0.0,
          "accuracy": 0.9310344827586207,
          "mean_decision_regret": 0.4137931168079376
        }
      },
      "offline_option_rank": 342
    },
    {
      "variant_id": "w050-v04-gru-h8-w64-d025-reobserve+backtrack+advance",
      "checkpoint_variant": "v04-gru-h8-w64-d025",
      "checkpoint": "/HELIOS/Robotics/UnitreeRobotic/checkpoints/robocerebra/GR00T-RC-CTR-search/R0-residual-v9-override-weight/w050/v04-gru-h8-w64-d025",
      "weights_sha256": "1f645268b4108075cf58d08bcd525fc90fc87bd332880e713a5561abf9fd877e",
      "override_weight_id": "w050",
      "option_override_weight": 0.5,
      "option_mask_id": "reobserve+backtrack+advance",
      "allowed_override_options": [
        "REOBSERVE",
        "BACKTRACK_ONE",
        "ADVANCE"
      ],
      "option_validation": {
        "labeled_states": 29,
        "strict_states": 2,
        "baseline_option": "RETRY_CURRENT",
        "override_options": [
          "REOBSERVE",
          "BACKTRACK_ONE",
          "ADVANCE"
        ],
        "target_retry_states": 27,
        "target_tie_states": 27,
        "target_override_states": 2,
        "raw_false_recovery_rate": 0.0,
        "raw_recovery_rate": 0.0,
        "selective_recovery": {
          "max_false_recovery_rate": 0.05,
          "option_value_margin": 0.0,
          "false_recovery_rate": 0.0,
          "false_recovery_states": 0,
          "true_recovery_rate": 0.0,
          "beneficial_recovery_rate": 0.0,
          "beneficial_recovery_states": 0,
          "beneficial_recovery_rate_all_states": 0.0,
          "accuracy": 0.9310344827586207,
          "mean_decision_regret": 0.4137931168079376
        }
      },
      "offline_option_rank": 343
    },
    {
      "variant_id": "w050-v04-gru-h8-w64-d025-reobserve+backtrack+advance+consensus",
      "checkpoint_variant": "v04-gru-h8-w64-d025",
      "checkpoint": "/HELIOS/Robotics/UnitreeRobotic/checkpoints/robocerebra/GR00T-RC-CTR-search/R0-residual-v9-override-weight/w050/v04-gru-h8-w64-d025",
      "weights_sha256": "1f645268b4108075cf58d08bcd525fc90fc87bd332880e713a5561abf9fd877e",
      "override_weight_id": "w050",
      "option_override_weight": 0.5,
      "option_mask_id": "reobserve+backtrack+advance+consensus",
      "allowed_override_options": [
        "REOBSERVE",
        "BACKTRACK_ONE",
        "ADVANCE",
        "CONSENSUS_PREFIX"
      ],
      "option_validation": {
        "labeled_states": 29,
        "strict_states": 4,
        "baseline_option": "RETRY_CURRENT",
        "override_options": [
          "REOBSERVE",
          "BACKTRACK_ONE",
          "ADVANCE",
          "CONSENSUS_PREFIX"
        ],
        "target_retry_states": 25,
        "target_tie_states": 25,
        "target_override_states": 4,
        "raw_false_recovery_rate": 0.0,
        "raw_recovery_rate": 0.0,
        "selective_recovery": {
          "max_false_recovery_rate": 0.05,
          "option_value_margin": 0.0,
          "false_recovery_rate": 0.0,
          "false_recovery_states": 0,
          "true_recovery_rate": 0.0,
          "beneficial_recovery_rate": 0.0,
          "beneficial_recovery_states": 0,
          "beneficial_recovery_rate_all_states": 0.0,
          "accuracy": 0.8620689655172413,
          "mean_decision_regret": 0.4137931168079376
        }
      },
      "offline_option_rank": 344
    },
    {
      "variant_id": "w050-v04-gru-h8-w64-d025-reobserve+backtrack+consensus",
      "checkpoint_variant": "v04-gru-h8-w64-d025",
      "checkpoint": "/HELIOS/Robotics/UnitreeRobotic/checkpoints/robocerebra/GR00T-RC-CTR-search/R0-residual-v9-override-weight/w050/v04-gru-h8-w64-d025",
      "weights_sha256": "1f645268b4108075cf58d08bcd525fc90fc87bd332880e713a5561abf9fd877e",
      "override_weight_id": "w050",
      "option_override_weight": 0.5,
      "option_mask_id": "reobserve+backtrack+consensus",
      "allowed_override_options": [
        "REOBSERVE",
        "BACKTRACK_ONE",
        "CONSENSUS_PREFIX"
      ],
      "option_validation": {
        "labeled_states": 29,
        "strict_states": 4,
        "baseline_option": "RETRY_CURRENT",
        "override_options": [
          "REOBSERVE",
          "BACKTRACK_ONE",
          "CONSENSUS_PREFIX"
        ],
        "target_retry_states": 25,
        "target_tie_states": 25,
        "target_override_states": 4,
        "raw_false_recovery_rate": 0.0,
        "raw_recovery_rate": 0.0,
        "selective_recovery": {
          "max_false_recovery_rate": 0.05,
          "option_value_margin": 0.0,
          "false_recovery_rate": 0.0,
          "false_recovery_states": 0,
          "true_recovery_rate": 0.0,
          "beneficial_recovery_rate": 0.0,
          "beneficial_recovery_states": 0,
          "beneficial_recovery_rate_all_states": 0.0,
          "accuracy": 0.8620689655172413,
          "mean_decision_regret": 0.4137931168079376
        }
      },
      "offline_option_rank": 345
    },
    {
      "variant_id": "w050-v04-gru-h8-w64-d025-reobserve+consensus",
      "checkpoint_variant": "v04-gru-h8-w64-d025",
      "checkpoint": "/HELIOS/Robotics/UnitreeRobotic/checkpoints/robocerebra/GR00T-RC-CTR-search/R0-residual-v9-override-weight/w050/v04-gru-h8-w64-d025",
      "weights_sha256": "1f645268b4108075cf58d08bcd525fc90fc87bd332880e713a5561abf9fd877e",
      "override_weight_id": "w050",
      "option_override_weight": 0.5,
      "option_mask_id": "reobserve+consensus",
      "allowed_override_options": [
        "REOBSERVE",
        "CONSENSUS_PREFIX"
      ],
      "option_validation": {
        "labeled_states": 29,
        "strict_states": 3,
        "baseline_option": "RETRY_CURRENT",
        "override_options": [
          "REOBSERVE",
          "CONSENSUS_PREFIX"
        ],
        "target_retry_states": 26,
        "target_tie_states": 26,
        "target_override_states": 3,
        "raw_false_recovery_rate": 0.0,
        "raw_recovery_rate": 0.0,
        "selective_recovery": {
          "max_false_recovery_rate": 0.05,
          "option_value_margin": 0.0,
          "false_recovery_rate": 0.0,
          "false_recovery_states": 0,
          "true_recovery_rate": 0.0,
          "beneficial_recovery_rate": 0.0,
          "beneficial_recovery_states": 0,
          "beneficial_recovery_rate_all_states": 0.0,
          "accuracy": 0.896551724137931,
          "mean_decision_regret": 0.4137931168079376
        }
      },
      "offline_option_rank": 346
    },
    {
      "variant_id": "w050-v05-transformer-h8-w64-d025-advance",
      "checkpoint_variant": "v05-transformer-h8-w64-d025",
      "checkpoint": "/HELIOS/Robotics/UnitreeRobotic/checkpoints/robocerebra/GR00T-RC-CTR-search/R0-residual-v9-override-weight/w050/v05-transformer-h8-w64-d025",
      "weights_sha256": "9ef86e0a047b79b212572803b719b32a130e0128ff446fd23415a89b7eca839b",
      "override_weight_id": "w050",
      "option_override_weight": 0.5,
      "option_mask_id": "advance",
      "allowed_override_options": [
        "ADVANCE"
      ],
      "option_validation": {
        "labeled_states": 29,
        "strict_states": 28,
        "baseline_option": "RETRY_CURRENT",
        "override_options": [
          "ADVANCE"
        ],
        "target_retry_states": 29,
        "target_tie_states": 1,
        "target_override_states": 0,
        "raw_false_recovery_rate": 0.0,
        "raw_recovery_rate": 0.0,
        "selective_recovery": {
          "max_false_recovery_rate": 0.05,
          "option_value_margin": 0.0,
          "false_recovery_rate": 0.0,
          "false_recovery_states": 0,
          "true_recovery_rate": 0.0,
          "beneficial_recovery_rate": 0.0,
          "beneficial_recovery_states": 0,
          "beneficial_recovery_rate_all_states": 0.0,
          "accuracy": 1.0,
          "mean_decision_regret": 0.4137931168079376
        }
      },
      "offline_option_rank": 347
    },
    {
      "variant_id": "w050-v05-transformer-h8-w64-d025-advance+consensus",
      "checkpoint_variant": "v05-transformer-h8-w64-d025",
      "checkpoint": "/HELIOS/Robotics/UnitreeRobotic/checkpoints/robocerebra/GR00T-RC-CTR-search/R0-residual-v9-override-weight/w050/v05-transformer-h8-w64-d025",
      "weights_sha256": "9ef86e0a047b79b212572803b719b32a130e0128ff446fd23415a89b7eca839b",
      "override_weight_id": "w050",
      "option_override_weight": 0.5,
      "option_mask_id": "advance+consensus",
      "allowed_override_options": [
        "ADVANCE",
        "CONSENSUS_PREFIX"
      ],
      "option_validation": {
        "labeled_states": 29,
        "strict_states": 3,
        "baseline_option": "RETRY_CURRENT",
        "override_options": [
          "ADVANCE",
          "CONSENSUS_PREFIX"
        ],
        "target_retry_states": 27,
        "target_tie_states": 26,
        "target_override_states": 2,
        "raw_false_recovery_rate": 0.0,
        "raw_recovery_rate": 0.0,
        "selective_recovery": {
          "max_false_recovery_rate": 0.05,
          "option_value_margin": 0.0,
          "false_recovery_rate": 0.0,
          "false_recovery_states": 0,
          "true_recovery_rate": 0.0,
          "beneficial_recovery_rate": 0.0,
          "beneficial_recovery_states": 0,
          "beneficial_recovery_rate_all_states": 0.0,
          "accuracy": 0.9310344827586207,
          "mean_decision_regret": 0.4137931168079376
        }
      },
      "offline_option_rank": 348
    },
    {
      "variant_id": "w050-v05-transformer-h8-w64-d025-backtrack+advance",
      "checkpoint_variant": "v05-transformer-h8-w64-d025",
      "checkpoint": "/HELIOS/Robotics/UnitreeRobotic/checkpoints/robocerebra/GR00T-RC-CTR-search/R0-residual-v9-override-weight/w050/v05-transformer-h8-w64-d025",
      "weights_sha256": "9ef86e0a047b79b212572803b719b32a130e0128ff446fd23415a89b7eca839b",
      "override_weight_id": "w050",
      "option_override_weight": 0.5,
      "option_mask_id": "backtrack+advance",
      "allowed_override_options": [
        "BACKTRACK_ONE",
        "ADVANCE"
      ],
      "option_validation": {
        "labeled_states": 29,
        "strict_states": 3,
        "baseline_option": "RETRY_CURRENT",
        "override_options": [
          "BACKTRACK_ONE",
          "ADVANCE"
        ],
        "target_retry_states": 28,
        "target_tie_states": 26,
        "target_override_states": 1,
        "raw_false_recovery_rate": 0.0,
        "raw_recovery_rate": 0.0,
        "selective_recovery": {
          "max_false_recovery_rate": 0.05,
          "option_value_margin": 0.0,
          "false_recovery_rate": 0.0,
          "false_recovery_states": 0,
          "true_recovery_rate": 0.0,
          "beneficial_recovery_rate": 0.0,
          "beneficial_recovery_states": 0,
          "beneficial_recovery_rate_all_states": 0.0,
          "accuracy": 0.9655172413793104,
          "mean_decision_regret": 0.4137931168079376
        }
      },
      "offline_option_rank": 349
    },
    {
      "variant_id": "w050-v05-transformer-h8-w64-d025-backtrack+advance+consensus",
      "checkpoint_variant": "v05-transformer-h8-w64-d025",
      "checkpoint": "/HELIOS/Robotics/UnitreeRobotic/checkpoints/robocerebra/GR00T-RC-CTR-search/R0-residual-v9-override-weight/w050/v05-transformer-h8-w64-d025",
      "weights_sha256": "9ef86e0a047b79b212572803b719b32a130e0128ff446fd23415a89b7eca839b",
      "override_weight_id": "w050",
      "option_override_weight": 0.5,
      "option_mask_id": "backtrack+advance+consensus",
      "allowed_override_options": [
        "BACKTRACK_ONE",
        "ADVANCE",
        "CONSENSUS_PREFIX"
      ],
      "option_validation": {
        "labeled_states": 29,
        "strict_states": 3,
        "baseline_option": "RETRY_CURRENT",
        "override_options": [
          "BACKTRACK_ONE",
          "ADVANCE",
          "CONSENSUS_PREFIX"
        ],
        "target_retry_states": 26,
        "target_tie_states": 26,
        "target_override_states": 3,
        "raw_false_recovery_rate": 0.0,
        "raw_recovery_rate": 0.0,
        "selective_recovery": {
          "max_false_recovery_rate": 0.05,
          "option_value_margin": 0.0,
          "false_recovery_rate": 0.0,
          "false_recovery_states": 0,
          "true_recovery_rate": 0.0,
          "beneficial_recovery_rate": 0.0,
          "beneficial_recovery_states": 0,
          "beneficial_recovery_rate_all_states": 0.0,
          "accuracy": 0.896551724137931,
          "mean_decision_regret": 0.4137931168079376
        }
      },
      "offline_option_rank": 350
    },
    {
      "variant_id": "w050-v05-transformer-h8-w64-d025-backtrack+consensus",
      "checkpoint_variant": "v05-transformer-h8-w64-d025",
      "checkpoint": "/HELIOS/Robotics/UnitreeRobotic/checkpoints/robocerebra/GR00T-RC-CTR-search/R0-residual-v9-override-weight/w050/v05-transformer-h8-w64-d025",
      "weights_sha256": "9ef86e0a047b79b212572803b719b32a130e0128ff446fd23415a89b7eca839b",
      "override_weight_id": "w050",
      "option_override_weight": 0.5,
      "option_mask_id": "backtrack+consensus",
      "allowed_override_options": [
        "BACKTRACK_ONE",
        "CONSENSUS_PREFIX"
      ],
      "option_validation": {
        "labeled_states": 29,
        "strict_states": 3,
        "baseline_option": "RETRY_CURRENT",
        "override_options": [
          "BACKTRACK_ONE",
          "CONSENSUS_PREFIX"
        ],
        "target_retry_states": 26,
        "target_tie_states": 26,
        "target_override_states": 3,
        "raw_false_recovery_rate": 0.0,
        "raw_recovery_rate": 0.0,
        "selective_recovery": {
          "max_false_recovery_rate": 0.05,
          "option_value_margin": 0.0,
          "false_recovery_rate": 0.0,
          "false_recovery_states": 0,
          "true_recovery_rate": 0.0,
          "beneficial_recovery_rate": 0.0,
          "beneficial_recovery_states": 0,
          "beneficial_recovery_rate_all_states": 0.0,
          "accuracy": 0.896551724137931,
          "mean_decision_regret": 0.4137931168079376
        }
      },
      "offline_option_rank": 351
    },
    {
      "variant_id": "w050-v05-transformer-h8-w64-d025-consensus",
      "checkpoint_variant": "v05-transformer-h8-w64-d025",
      "checkpoint": "/HELIOS/Robotics/UnitreeRobotic/checkpoints/robocerebra/GR00T-RC-CTR-search/R0-residual-v9-override-weight/w050/v05-transformer-h8-w64-d025",
      "weights_sha256": "9ef86e0a047b79b212572803b719b32a130e0128ff446fd23415a89b7eca839b",
      "override_weight_id": "w050",
      "option_override_weight": 0.5,
      "option_mask_id": "consensus",
      "allowed_override_options": [
        "CONSENSUS_PREFIX"
      ],
      "option_validation": {
        "labeled_states": 29,
        "strict_states": 3,
        "baseline_option": "RETRY_CURRENT",
        "override_options": [
          "CONSENSUS_PREFIX"
        ],
        "target_retry_states": 27,
        "target_tie_states": 26,
        "target_override_states": 2,
        "raw_false_recovery_rate": 0.0,
        "raw_recovery_rate": 0.0,
        "selective_recovery": {
          "max_false_recovery_rate": 0.05,
          "option_value_margin": 0.0,
          "false_recovery_rate": 0.0,
          "false_recovery_states": 0,
          "true_recovery_rate": 0.0,
          "beneficial_recovery_rate": 0.0,
          "beneficial_recovery_states": 0,
          "beneficial_recovery_rate_all_states": 0.0,
          "accuracy": 0.9310344827586207,
          "mean_decision_regret": 0.4137931168079376
        }
      },
      "offline_option_rank": 352
    },
    {
      "variant_id": "w050-v05-transformer-h8-w64-d025-reobserve",
      "checkpoint_variant": "v05-transformer-h8-w64-d025",
      "checkpoint": "/HELIOS/Robotics/UnitreeRobotic/checkpoints/robocerebra/GR00T-RC-CTR-search/R0-residual-v9-override-weight/w050/v05-transformer-h8-w64-d025",
      "weights_sha256": "9ef86e0a047b79b212572803b719b32a130e0128ff446fd23415a89b7eca839b",
      "override_weight_id": "w050",
      "option_override_weight": 0.5,
      "option_mask_id": "reobserve",
      "allowed_override_options": [
        "REOBSERVE"
      ],
      "option_validation": {
        "labeled_states": 29,
        "strict_states": 1,
        "baseline_option": "RETRY_CURRENT",
        "override_options": [
          "REOBSERVE"
        ],
        "target_retry_states": 28,
        "target_tie_states": 28,
        "target_override_states": 1,
        "raw_false_recovery_rate": 0.0,
        "raw_recovery_rate": 0.0,
        "selective_recovery": {
          "max_false_recovery_rate": 0.05,
          "option_value_margin": 0.0,
          "false_recovery_rate": 0.0,
          "false_recovery_states": 0,
          "true_recovery_rate": 0.0,
          "beneficial_recovery_rate": 0.0,
          "beneficial_recovery_states": 0,
          "beneficial_recovery_rate_all_states": 0.0,
          "accuracy": 0.9655172413793104,
          "mean_decision_regret": 0.4137931168079376
        }
      },
      "offline_option_rank": 353
    },
    {
      "variant_id": "w050-v05-transformer-h8-w64-d025-reobserve+advance",
      "checkpoint_variant": "v05-transformer-h8-w64-d025",
      "checkpoint": "/HELIOS/Robotics/UnitreeRobotic/checkpoints/robocerebra/GR00T-RC-CTR-search/R0-residual-v9-override-weight/w050/v05-transformer-h8-w64-d025",
      "weights_sha256": "9ef86e0a047b79b212572803b719b32a130e0128ff446fd23415a89b7eca839b",
      "override_weight_id": "w050",
      "option_override_weight": 0.5,
      "option_mask_id": "reobserve+advance",
      "allowed_override_options": [
        "REOBSERVE",
        "ADVANCE"
      ],
      "option_validation": {
        "labeled_states": 29,
        "strict_states": 1,
        "baseline_option": "RETRY_CURRENT",
        "override_options": [
          "REOBSERVE",
          "ADVANCE"
        ],
        "target_retry_states": 28,
        "target_tie_states": 28,
        "target_override_states": 1,
        "raw_false_recovery_rate": 0.0,
        "raw_recovery_rate": 0.0,
        "selective_recovery": {
          "max_false_recovery_rate": 0.05,
          "option_value_margin": 0.0,
          "false_recovery_rate": 0.0,
          "false_recovery_states": 0,
          "true_recovery_rate": 0.0,
          "beneficial_recovery_rate": 0.0,
          "beneficial_recovery_states": 0,
          "beneficial_recovery_rate_all_states": 0.0,
          "accuracy": 0.9655172413793104,
          "mean_decision_regret": 0.4137931168079376
        }
      },
      "offline_option_rank": 354
    },
    {
      "variant_id": "w050-v05-transformer-h8-w64-d025-reobserve+advance+consensus",
      "checkpoint_variant": "v05-transformer-h8-w64-d025",
      "checkpoint": "/HELIOS/Robotics/UnitreeRobotic/checkpoints/robocerebra/GR00T-RC-CTR-search/R0-residual-v9-override-weight/w050/v05-transformer-h8-w64-d025",
      "weights_sha256": "9ef86e0a047b79b212572803b719b32a130e0128ff446fd23415a89b7eca839b",
      "override_weight_id": "w050",
      "option_override_weight": 0.5,
      "option_mask_id": "reobserve+advance+consensus",
      "allowed_override_options": [
        "REOBSERVE",
        "ADVANCE",
        "CONSENSUS_PREFIX"
      ],
      "option_validation": {
        "labeled_states": 29,
        "strict_states": 3,
        "baseline_option": "RETRY_CURRENT",
        "override_options": [
          "REOBSERVE",
          "ADVANCE",
          "CONSENSUS_PREFIX"
        ],
        "target_retry_states": 26,
        "target_tie_states": 26,
        "target_override_states": 3,
        "raw_false_recovery_rate": 0.0,
        "raw_recovery_rate": 0.0,
        "selective_recovery": {
          "max_false_recovery_rate": 0.05,
          "option_value_margin": 0.0,
          "false_recovery_rate": 0.0,
          "false_recovery_states": 0,
          "true_recovery_rate": 0.0,
          "beneficial_recovery_rate": 0.0,
          "beneficial_recovery_states": 0,
          "beneficial_recovery_rate_all_states": 0.0,
          "accuracy": 0.896551724137931,
          "mean_decision_regret": 0.4137931168079376
        }
      },
      "offline_option_rank": 355
    },
    {
      "variant_id": "w050-v05-transformer-h8-w64-d025-reobserve+backtrack",
      "checkpoint_variant": "v05-transformer-h8-w64-d025",
      "checkpoint": "/HELIOS/Robotics/UnitreeRobotic/checkpoints/robocerebra/GR00T-RC-CTR-search/R0-residual-v9-override-weight/w050/v05-transformer-h8-w64-d025",
      "weights_sha256": "9ef86e0a047b79b212572803b719b32a130e0128ff446fd23415a89b7eca839b",
      "override_weight_id": "w050",
      "option_override_weight": 0.5,
      "option_mask_id": "reobserve+backtrack",
      "allowed_override_options": [
        "REOBSERVE",
        "BACKTRACK_ONE"
      ],
      "option_validation": {
        "labeled_states": 29,
        "strict_states": 2,
        "baseline_option": "RETRY_CURRENT",
        "override_options": [
          "REOBSERVE",
          "BACKTRACK_ONE"
        ],
        "target_retry_states": 27,
        "target_tie_states": 27,
        "target_override_states": 2,
        "raw_false_recovery_rate": 0.0,
        "raw_recovery_rate": 0.0,
        "selective_recovery": {
          "max_false_recovery_rate": 0.05,
          "option_value_margin": 0.0,
          "false_recovery_rate": 0.0,
          "false_recovery_states": 0,
          "true_recovery_rate": 0.0,
          "beneficial_recovery_rate": 0.0,
          "beneficial_recovery_states": 0,
          "beneficial_recovery_rate_all_states": 0.0,
          "accuracy": 0.9310344827586207,
          "mean_decision_regret": 0.4137931168079376
        }
      },
      "offline_option_rank": 356
    },
    {
      "variant_id": "w050-v05-transformer-h8-w64-d025-reobserve+backtrack+advance",
      "checkpoint_variant": "v05-transformer-h8-w64-d025",
      "checkpoint": "/HELIOS/Robotics/UnitreeRobotic/checkpoints/robocerebra/GR00T-RC-CTR-search/R0-residual-v9-override-weight/w050/v05-transformer-h8-w64-d025",
      "weights_sha256": "9ef86e0a047b79b212572803b719b32a130e0128ff446fd23415a89b7eca839b",
      "override_weight_id": "w050",
      "option_override_weight": 0.5,
      "option_mask_id": "reobserve+backtrack+advance",
      "allowed_override_options": [
        "REOBSERVE",
        "BACKTRACK_ONE",
        "ADVANCE"
      ],
      "option_validation": {
        "labeled_states": 29,
        "strict_states": 2,
        "baseline_option": "RETRY_CURRENT",
        "override_options": [
          "REOBSERVE",
          "BACKTRACK_ONE",
          "ADVANCE"
        ],
        "target_retry_states": 27,
        "target_tie_states": 27,
        "target_override_states": 2,
        "raw_false_recovery_rate": 0.0,
        "raw_recovery_rate": 0.0,
        "selective_recovery": {
          "max_false_recovery_rate": 0.05,
          "option_value_margin": 0.0,
          "false_recovery_rate": 0.0,
          "false_recovery_states": 0,
          "true_recovery_rate": 0.0,
          "beneficial_recovery_rate": 0.0,
          "beneficial_recovery_states": 0,
          "beneficial_recovery_rate_all_states": 0.0,
          "accuracy": 0.9310344827586207,
          "mean_decision_regret": 0.4137931168079376
        }
      },
      "offline_option_rank": 357
    },
    {
      "variant_id": "w050-v05-transformer-h8-w64-d025-reobserve+backtrack+advance+consensus",
      "checkpoint_variant": "v05-transformer-h8-w64-d025",
      "checkpoint": "/HELIOS/Robotics/UnitreeRobotic/checkpoints/robocerebra/GR00T-RC-CTR-search/R0-residual-v9-override-weight/w050/v05-transformer-h8-w64-d025",
      "weights_sha256": "9ef86e0a047b79b212572803b719b32a130e0128ff446fd23415a89b7eca839b",
      "override_weight_id": "w050",
      "option_override_weight": 0.5,
      "option_mask_id": "reobserve+backtrack+advance+consensus",
      "allowed_override_options": [
        "REOBSERVE",
        "BACKTRACK_ONE",
        "ADVANCE",
        "CONSENSUS_PREFIX"
      ],
      "option_validation": {
        "labeled_states": 29,
        "strict_states": 4,
        "baseline_option": "RETRY_CURRENT",
        "override_options": [
          "REOBSERVE",
          "BACKTRACK_ONE",
          "ADVANCE",
          "CONSENSUS_PREFIX"
        ],
        "target_retry_states": 25,
        "target_tie_states": 25,
        "target_override_states": 4,
        "raw_false_recovery_rate": 0.0,
        "raw_recovery_rate": 0.0,
        "selective_recovery": {
          "max_false_recovery_rate": 0.05,
          "option_value_margin": 0.0,
          "false_recovery_rate": 0.0,
          "false_recovery_states": 0,
          "true_recovery_rate": 0.0,
          "beneficial_recovery_rate": 0.0,
          "beneficial_recovery_states": 0,
          "beneficial_recovery_rate_all_states": 0.0,
          "accuracy": 0.8620689655172413,
          "mean_decision_regret": 0.4137931168079376
        }
      },
      "offline_option_rank": 358
    },
    {
      "variant_id": "w050-v05-transformer-h8-w64-d025-reobserve+backtrack+consensus",
      "checkpoint_variant": "v05-transformer-h8-w64-d025",
      "checkpoint": "/HELIOS/Robotics/UnitreeRobotic/checkpoints/robocerebra/GR00T-RC-CTR-search/R0-residual-v9-override-weight/w050/v05-transformer-h8-w64-d025",
      "weights_sha256": "9ef86e0a047b79b212572803b719b32a130e0128ff446fd23415a89b7eca839b",
      "override_weight_id": "w050",
      "option_override_weight": 0.5,
      "option_mask_id": "reobserve+backtrack+consensus",
      "allowed_override_options": [
        "REOBSERVE",
        "BACKTRACK_ONE",
        "CONSENSUS_PREFIX"
      ],
      "option_validation": {
        "labeled_states": 29,
        "strict_states": 4,
        "baseline_option": "RETRY_CURRENT",
        "override_options": [
          "REOBSERVE",
          "BACKTRACK_ONE",
          "CONSENSUS_PREFIX"
        ],
        "target_retry_states": 25,
        "target_tie_states": 25,
        "target_override_states": 4,
        "raw_false_recovery_rate": 0.0,
        "raw_recovery_rate": 0.0,
        "selective_recovery": {
          "max_false_recovery_rate": 0.05,
          "option_value_margin": 0.0,
          "false_recovery_rate": 0.0,
          "false_recovery_states": 0,
          "true_recovery_rate": 0.0,
          "beneficial_recovery_rate": 0.0,
          "beneficial_recovery_states": 0,
          "beneficial_recovery_rate_all_states": 0.0,
          "accuracy": 0.8620689655172413,
          "mean_decision_regret": 0.4137931168079376
        }
      },
      "offline_option_rank": 359
    },
    {
      "variant_id": "w050-v05-transformer-h8-w64-d025-reobserve+consensus",
      "checkpoint_variant": "v05-transformer-h8-w64-d025",
      "checkpoint": "/HELIOS/Robotics/UnitreeRobotic/checkpoints/robocerebra/GR00T-RC-CTR-search/R0-residual-v9-override-weight/w050/v05-transformer-h8-w64-d025",
      "weights_sha256": "9ef86e0a047b79b212572803b719b32a130e0128ff446fd23415a89b7eca839b",
      "override_weight_id": "w050",
      "option_override_weight": 0.5,
      "option_mask_id": "reobserve+consensus",
      "allowed_override_options": [
        "REOBSERVE",
        "CONSENSUS_PREFIX"
      ],
      "option_validation": {
        "labeled_states": 29,
        "strict_states": 3,
        "baseline_option": "RETRY_CURRENT",
        "override_options": [
          "REOBSERVE",
          "CONSENSUS_PREFIX"
        ],
        "target_retry_states": 26,
        "target_tie_states": 26,
        "target_override_states": 3,
        "raw_false_recovery_rate": 0.0,
        "raw_recovery_rate": 0.0,
        "selective_recovery": {
          "max_false_recovery_rate": 0.05,
          "option_value_margin": 0.0,
          "false_recovery_rate": 0.0,
          "false_recovery_states": 0,
          "true_recovery_rate": 0.0,
          "beneficial_recovery_rate": 0.0,
          "beneficial_recovery_states": 0,
          "beneficial_recovery_rate_all_states": 0.0,
          "accuracy": 0.896551724137931,
          "mean_decision_regret": 0.4137931168079376
        }
      },
      "offline_option_rank": 360
    }
  ],
  "complete": true
}
